/* 由 launcher_icons_gen.py 生成的霓虹图标位图（光晕已烘入，非实时渲染） */
#include "lvgl.h"

static const uint8_t icon_files_data[6400] = {
    0x00, 0x00, 0x00, 0x00, 0x00, 0x00, 0x00, 0x00, 0x00, 0x00, 0x00, 0x00,
    0x00, 0x00, 0x00, 0x00, 0x00, 0x00, 0x00, 0x00, 0x00, 0x00, 0x00, 0x00,
    0x00, 0x00, 0x00, 0x00, 0x00, 0x00, 0x00, 0x00, 0x00, 0x00, 0x00, 0x00,
    0x00, 0x00, 0x00, 0x00, 0x00, 0x00, 0x00, 0x00, 0x00, 0x00, 0x00, 0x00,
    0x00, 0x00, 0x00, 0x00, 0x00, 0x00, 0x00, 0x00, 0x00, 0x00, 0x00, 0x00,
    0x00, 0x00, 0x00, 0x00, 0x00, 0x00, 0x00, 0x00, 0x00, 0x00, 0x00, 0x00,
    0x00, 0x00, 0x00, 0x00, 0x00, 0x00, 0x00, 0x00, 0x00, 0x00, 0x00, 0x00,
    0x00, 0x00, 0x00, 0x00, 0x00, 0x00, 0x00, 0x00, 0x00, 0x00, 0x00, 0x00,
    0x00, 0x00, 0x00, 0x00, 0x00, 0x00, 0x00, 0x00, 0x00, 0x00, 0x00, 0x00,
    0x00, 0x00, 0x00, 0x00, 0x00, 0x00, 0x00, 0x00, 0x00, 0x00, 0x00, 0x00,
    0x00, 0x00, 0x00, 0x00, 0x00, 0x00, 0x00, 0x00, 0x00, 0x00, 0x00, 0x00,
    0x00, 0x00, 0x00, 0x00, 0x00, 0x00, 0x00, 0x00, 0x00, 0x00, 0x00, 0x00,
    0x00, 0x00, 0x00, 0x00, 0x00, 0x00, 0x00, 0x00, 0x00, 0x00, 0x00, 0x00,
    0x00, 0x00, 0x00, 0x00, 0x00, 0x00, 0x00, 0x00, 0x00, 0x00, 0x00, 0x00,
    0x00, 0x00, 0x00, 0x00, 0x00, 0x00, 0x00, 0x00, 0x00, 0x00, 0x00, 0x00,
    0x00, 0x00, 0x00, 0x00, 0x00, 0x00, 0x00, 0x00, 0x00, 0x00, 0x00, 0x00,
    0x00, 0x00, 0x00, 0x00, 0x00, 0x00, 0x00, 0x00, 0x00, 0x00, 0x00, 0x00,
    0x00, 0x00, 0x00, 0x00, 0x00, 0x00, 0x00, 0x00, 0x00, 0x00, 0x00, 0x00,
    0x00, 0x00, 0x00, 0x00, 0x00, 0x00, 0x00, 0x00, 0x00, 0x00, 0x00, 0x00,
    0x00, 0x00, 0x00, 0x00, 0x00, 0x00, 0x00, 0x00, 0x00, 0x00, 0x00, 0x00,
    0x00, 0x00, 0x00, 0x00, 0x00, 0x00, 0x00, 0x00, 0x00, 0x00, 0x00, 0x00,
    0x00, 0x00, 0x00, 0x00, 0x00, 0x00, 0x00, 0x00, 0x00, 0x00, 0x00, 0x00,
    0x00, 0x00, 0x00, 0x00, 0x00, 0x00, 0x00, 0x00, 0x00, 0x00, 0x00, 0x00,
    0x00, 0x00, 0x00, 0x00, 0x00, 0x00, 0x00, 0x00, 0x00, 0x00, 0x00, 0x00,
    0x00, 0x00, 0x00, 0x00, 0x00, 0x00, 0x00, 0x00, 0x00, 0x00, 0x00, 0x00,
    0x00, 0x00, 0x00, 0x00, 0x00, 0x00, 0x00, 0x00, 0x00, 0x00, 0x00, 0x00,
    0x00, 0x00, 0x00, 0x00, 0x00, 0x00, 0x00, 0x00, 0x00, 0x00, 0x00, 0x00,
    0x00, 0x00, 0x00, 0x00, 0x00, 0x00, 0x00, 0x00, 0x00, 0x00, 0x00, 0x00,
    0x00, 0x00, 0x00, 0x00, 0x00, 0x00, 0x00, 0x00, 0x00, 0x00, 0x00, 0x00,
    0x00, 0x00, 0x00, 0x00, 0x00, 0x00, 0x00, 0x00, 0x00, 0x00, 0x00, 0x00,
    0x00, 0x00, 0x00, 0x00, 0x00, 0x00, 0x00, 0x00, 0x00, 0x00, 0x00, 0x00,
    0x00, 0x00, 0x00, 0x00, 0x00, 0x00, 0x00, 0x00, 0x00, 0x00, 0x00, 0x00,
    0x00, 0x00, 0x00, 0x00, 0x00, 0x00, 0x00, 0x00, 0x00, 0x00, 0x00, 0x00,
    0x00, 0x00, 0x00, 0x00, 0x00, 0x00, 0x00, 0x00, 0x00, 0x00, 0x00, 0x00,
    0x00, 0x00, 0x00, 0x00, 0x00, 0x00, 0x00, 0x00, 0x00, 0x00, 0x00, 0x00,
    0x00, 0x00, 0x00, 0x00, 0x00, 0x00, 0x00, 0x00, 0x00, 0x00, 0x00, 0x00,
    0x00, 0x00, 0x00, 0x00, 0x00, 0x00, 0x00, 0x00, 0x00, 0x00, 0x00, 0x00,
    0x00, 0x00, 0x00, 0x00, 0x00, 0x00, 0x00, 0x00, 0x00, 0x00, 0x00, 0x00,
    0x00, 0x00, 0x00, 0x00, 0x00, 0x00, 0x00, 0x00, 0x00, 0x00, 0x00, 0x00,
    0x00, 0x00, 0x00, 0x00, 0x00, 0x00, 0x00, 0x00, 0x00, 0x00, 0x00, 0x00,
    0x00, 0x00, 0x00, 0x00, 0x00, 0x00, 0x00, 0x00, 0x00, 0x00, 0x00, 0x00,
    0x00, 0x00, 0x00, 0x00, 0x00, 0x00, 0x00, 0x00, 0x00, 0x00, 0x00, 0x00,
    0x00, 0x00, 0x00, 0x00, 0x00, 0x00, 0x00, 0x00, 0x00, 0x00, 0x00, 0x00,
    0x00, 0x00, 0x00, 0x00, 0x00, 0x00, 0x00, 0x00, 0x00, 0x00, 0x00, 0x00,
    0x00, 0x00, 0x00, 0x00, 0x00, 0x00, 0x00, 0x00, 0x00, 0x00, 0x00, 0x00,
    0x00, 0x00, 0x00, 0x00, 0x00, 0x00, 0x00, 0x00, 0x00, 0x00, 0x00, 0x00,
    0x00, 0x00, 0x00, 0x00, 0x00, 0x00, 0x00, 0x00, 0x00, 0x00, 0x00, 0x00,
    0x00, 0x00, 0x00, 0x00, 0x00, 0x00, 0x00, 0x00, 0x00, 0x00, 0x00, 0x00,
    0x00, 0x00, 0x00, 0x00, 0x00, 0x00, 0x00, 0x00, 0x00, 0x00, 0x00, 0x00,
    0x00, 0x00, 0x00, 0x00, 0x00, 0x00, 0x00, 0x00, 0x00, 0x00, 0x00, 0x00,
    0x00, 0x00, 0x00, 0x00, 0x00, 0x00, 0x00, 0x00, 0x00, 0x00, 0x00, 0x00,
    0x00, 0x00, 0x00, 0x00, 0x00, 0x00, 0x00, 0x00, 0x00, 0x00, 0x00, 0x00,
    0x00, 0x00, 0x00, 0x00, 0x00, 0x00, 0x00, 0x00, 0x00, 0x00, 0x00, 0x00,
    0x00, 0x00, 0x00, 0x00, 0x00, 0x00, 0x00, 0x00, 0x00, 0x00, 0x00, 0x00,
    0x00, 0x00, 0x00, 0x00, 0x00, 0x00, 0x00, 0x00, 0x00, 0x00, 0x00, 0x00,
    0x00, 0x00, 0x00, 0x00, 0x00, 0x00, 0x00, 0x00, 0xff, 0xf0, 0x00, 0x01,
    0xff, 0xf0, 0x00, 0x01, 0xff, 0xf0, 0x00, 0x01, 0xff, 0xf0, 0x00, 0x02,
    0xff, 0xf0, 0x00, 0x02, 0xff, 0xf0, 0x00, 0x02, 0xff, 0xf0, 0x00, 0x02,
    0xff, 0xf0, 0x00, 0x02, 0xff, 0xf0, 0x00, 0x02, 0xff, 0xf0, 0x00, 0x01,
    0xff, 0xf0, 0x00, 0x01, 0xff, 0xf0, 0x00, 0x01, 0x00, 0x00, 0x00, 0x00,
    0x00, 0x00, 0x00, 0x00, 0x00, 0x00, 0x00, 0x00, 0x00, 0x00, 0x00, 0x00,
    0x00, 0x00, 0x00, 0x00, 0x00, 0x00, 0x00, 0x00, 0x00, 0x00, 0x00, 0x00,
    0x00, 0x00, 0x00, 0x00, 0x00, 0x00, 0x00, 0x00, 0x00, 0x00, 0x00, 0x00,
    0x00, 0x00, 0x00, 0x00, 0x00, 0x00, 0x00, 0x00, 0x00, 0x00, 0x00, 0x00,
    0x00, 0x00, 0x00, 0x00, 0x00, 0x00, 0x00, 0x00, 0x00, 0x00, 0x00, 0x00,
    0x00, 0x00, 0x00, 0x00, 0x00, 0x00, 0x00, 0x00, 0x00, 0x00, 0x00, 0x00,
    0x00, 0x00, 0x00, 0x00, 0x00, 0x00, 0x00, 0x00, 0x00, 0x00, 0x00, 0x00,
    0x00, 0x00, 0x00, 0x00, 0x00, 0x00, 0x00, 0x00, 0x00, 0x00, 0x00, 0x00,
    0x00, 0x00, 0x00, 0x00, 0xff, 0xf0, 0x00, 0x01, 0xff, 0xf0, 0x00, 0x03,
    0xff, 0xf0, 0x00, 0x04, 0xff, 0xf0, 0x00, 0x06, 0xff, 0xf0, 0x00, 0x07,
    0xff, 0xf0, 0x00, 0x08, 0xff, 0xf0, 0x00, 0x08, 0xff, 0xf0, 0x00, 0x08,
    0xff, 0xf0, 0x00, 0x08, 0xff, 0xf0, 0x00, 0x08, 0xff, 0xf0, 0x00, 0x08,
    0xff, 0xf0, 0x00, 0x07, 0xff, 0xf0, 0x00, 0x06, 0xff, 0xf0, 0x00, 0x04,
    0xff, 0xf0, 0x00, 0x03, 0xff, 0xf0, 0x00, 0x01, 0x00, 0x00, 0x00, 0x00,
    0x00, 0x00, 0x00, 0x00, 0x00, 0x00, 0x00, 0x00, 0x00, 0x00, 0x00, 0x00,
    0x00, 0x00, 0x00, 0x00, 0x00, 0x00, 0x00, 0x00, 0x00, 0x00, 0x00, 0x00,
    0x00, 0x00, 0x00, 0x00, 0x00, 0x00, 0x00, 0x00, 0x00, 0x00, 0x00, 0x00,
    0x00, 0x00, 0x00, 0x00, 0x00, 0x00, 0x00, 0x00, 0x00, 0x00, 0x00, 0x00,
    0x00, 0x00, 0x00, 0x00, 0x00, 0x00, 0x00, 0x00, 0x00, 0x00, 0x00, 0x00,
    0x00, 0x00, 0x00, 0x00, 0x00, 0x00, 0x00, 0x00, 0x00, 0x00, 0x00, 0x00,
    0x00, 0x00, 0x00, 0x00, 0x00, 0x00, 0x00, 0x00, 0x00, 0x00, 0x00, 0x00,
    0x00, 0x00, 0x00, 0x00, 0xff, 0xf0, 0x00, 0x02, 0xff, 0xf0, 0x00, 0x05,
    0xff, 0xf0, 0x00, 0x09, 0xff, 0xf0, 0x00, 0x0d, 0xff, 0xf0, 0x00, 0x11,
    0xff, 0xf0, 0x00, 0x14, 0xff, 0xf0, 0x00, 0x16, 0xff, 0xf0, 0x00, 0x16,
    0xff, 0xf0, 0x00, 0x17, 0xff, 0xf0, 0x00, 0x17, 0xff, 0xf0, 0x00, 0x16,
    0xff, 0xf0, 0x00, 0x16, 0xff, 0xf0, 0x00, 0x14, 0xff, 0xf0, 0x00, 0x11,
    0xff, 0xf0, 0x00, 0x0d, 0xff, 0xf0, 0x00, 0x09, 0xff, 0xf0, 0x00, 0x05,
    0xff, 0xf0, 0x00, 0x02, 0x00, 0x00, 0x00, 0x00, 0x00, 0x00, 0x00, 0x00,
    0x00, 0x00, 0x00, 0x00, 0x00, 0x00, 0x00, 0x00, 0x00, 0x00, 0x00, 0x00,
    0x00, 0x00, 0x00, 0x00, 0x00, 0x00, 0x00, 0x00, 0x00, 0x00, 0x00, 0x00,
    0x00, 0x00, 0x00, 0x00, 0x00, 0x00, 0x00, 0x00, 0x00, 0x00, 0x00, 0x00,
    0x00, 0x00, 0x00, 0x00, 0x00, 0x00, 0x00, 0x00, 0x00, 0x00, 0x00, 0x00,
    0x00, 0x00, 0x00, 0x00, 0x00, 0x00, 0x00, 0x00, 0x00, 0x00, 0x00, 0x00,
    0x00, 0x00, 0x00, 0x00, 0x00, 0x00, 0x00, 0x00, 0x00, 0x00, 0x00, 0x00,
    0x00, 0x00, 0x00, 0x00, 0xff, 0xf0, 0x00, 0x01, 0xff, 0xf0, 0x00, 0x05,
    0xfd, 0xee, 0x00, 0x0d, 0xff, 0xf3, 0x00, 0x1b, 0xff, 0xf0, 0x00, 0x2c,
    0xfd, 0xee, 0x00, 0x39, 0xfd, 0xee, 0x00, 0x41, 0xff, 0xf1, 0x00, 0x44,
    0xff, 0xf0, 0x00, 0x45, 0xff, 0xf0, 0x00, 0x45, 0xff, 0xf0, 0x00, 0x45,
    0xff, 0xf0, 0x00, 0x45, 0xff, 0xf1, 0x00, 0x44, 0xfd, 0xee, 0x00, 0x41,
    0xfd, 0xee, 0x00, 0x39, 0xff, 0xf0, 0x00, 0x2c, 0xff, 0xf3, 0x00, 0x1b,
    0xfd, 0xee, 0x00, 0x0d, 0xff, 0xf0, 0x00, 0x05, 0xff, 0xf0, 0x00, 0x01,
    0x00, 0x00, 0x00, 0x00, 0x00, 0x00, 0x00, 0x00, 0x00, 0x00, 0x00, 0x00,
    0x00, 0x00, 0x00, 0x00, 0x00, 0x00, 0x00, 0x00, 0x00, 0x00, 0x00, 0x00,
    0x00, 0x00, 0x00, 0x00, 0x00, 0x00, 0x00, 0x00, 0x00, 0x00, 0x00, 0x00,
    0x00, 0x00, 0x00, 0x00, 0x00, 0x00, 0x00, 0x00, 0x00, 0x00, 0x00, 0x00,
    0x00, 0x00, 0x00, 0x00, 0x00, 0x00, 0x00, 0x00, 0x00, 0x00, 0x00, 0x00,
    0x00, 0x00, 0x00, 0x00, 0x00, 0x00, 0x00, 0x00, 0x00, 0x00, 0x00, 0x00,
    0x00, 0x00, 0x00, 0x00, 0x00, 0x00, 0x00, 0x00, 0xff, 0xf0, 0x00, 0x03,
    0xff, 0xf0, 0x00, 0x09, 0xff, 0xf3, 0x00, 0x1b, 0xfd, 0xee, 0x00, 0x39,
    0xfd, 0xee, 0x00, 0x5d, 0xff, 0xf0, 0x00, 0x75, 0xfe, 0xef, 0x00, 0x83,
    0xfe, 0xef, 0x00, 0x87, 0xff, 0xf0, 0x00, 0x88, 0xff, 0xf0, 0x00, 0x89,
    0xff, 0xf0, 0x00, 0x89, 0xff, 0xf0, 0x00, 0x88, 0xfe, 0xef, 0x00, 0x87,
    0xfe, 0xef, 0x00, 0x83, 0xff, 0xf0, 0x00, 0x74, 0xfd, 0xee, 0x00, 0x5d,
    0xfd, 0xee, 0x00, 0x39, 0xff, 0xf3, 0x00, 0x1b, 0xff, 0xf0, 0x00, 0x09,
    0xff, 0xf0, 0x00, 0x03, 0xff, 0xf0, 0x00, 0x01, 0x00, 0x00, 0x00, 0x00,
    0x00, 0x00, 0x00, 0x00, 0x00, 0x00, 0x00, 0x00, 0x00, 0x00, 0x00, 0x00,
    0x00, 0x00, 0x00, 0x00, 0x00, 0x00, 0x00, 0x00, 0x00, 0x00, 0x00, 0x00,
    0x00, 0x00, 0x00, 0x00, 0x00, 0x00, 0x00, 0x00, 0x00, 0x00, 0x00, 0x00,
    0x00, 0x00, 0x00, 0x00, 0x00, 0x00, 0x00, 0x00, 0x00, 0x00, 0x00, 0x00,
    0x00, 0x00, 0x00, 0x00, 0x00, 0x00, 0x00, 0x00, 0x00, 0x00, 0x00, 0x00,
    0x00, 0x00, 0x00, 0x00, 0x00, 0x00, 0x00, 0x00, 0xff, 0xf0, 0x00, 0x01,
    0xff, 0xf0, 0x00, 0x04, 0xff, 0xf0, 0x00, 0x0d, 0xff, 0xf0, 0x00, 0x2c,
    0xfd, 0xee, 0x00, 0x5d, 0xff, 0xf0, 0x00, 0xff, 0xff, 0xf0, 0x00, 0xff,
    0xff, 0xf0, 0x00, 0xff, 0xff, 0xf0, 0x00, 0xff, 0xff, 0xf0, 0x00, 0xff,
    0xff, 0xf0, 0x00, 0xff, 0xff, 0xf0, 0x00, 0xff, 0xff, 0xf0, 0x00, 0xff,
    0xff, 0xf0, 0x00, 0xff, 0xff, 0xf0, 0x00, 0xff, 0xff, 0xf0, 0x00, 0xff,
    0xff, 0xf0, 0x00, 0xff, 0xff, 0xf1, 0x00, 0x5d, 0xfe, 0xef, 0x00, 0x2e,
    0xff, 0xf0, 0x00, 0x0f, 0xff, 0xf0, 0x00, 0x06, 0xff, 0xf0, 0x00, 0x03,
    0xff, 0xf0, 0x00, 0x02, 0xff, 0xf0, 0x00, 0x02, 0xff, 0xf0, 0x00, 0x02,
    0xff, 0xf0, 0x00, 0x01, 0xff, 0xf0, 0x00, 0x01, 0xff, 0xf0, 0x00, 0x01,
    0x00, 0x00, 0x00, 0x00, 0x00, 0x00, 0x00, 0x00, 0x00, 0x00, 0x00, 0x00,
    0x00, 0x00, 0x00, 0x00, 0x00, 0x00, 0x00, 0x00, 0x00, 0x00, 0x00, 0x00,
    0x00, 0x00, 0x00, 0x00, 0x00, 0x00, 0x00, 0x00, 0x00, 0x00, 0x00, 0x00,
    0x00, 0x00, 0x00, 0x00, 0x00, 0x00, 0x00, 0x00, 0x00, 0x00, 0x00, 0x00,
    0xff, 0xf0, 0x00, 0x01, 0xff, 0xf0, 0x00, 0x06, 0xff, 0xf0, 0x00, 0x11,
    0xfd, 0xee, 0x00, 0x39, 0xff, 0xf0, 0x00, 0x74, 0xff, 0xf0, 0x00, 0xff,
    0xff, 0xf0, 0x00, 0xff, 0xff, 0xf0, 0x00, 0xff, 0xff, 0xf0, 0x00, 0xff,
    0xff, 0xf0, 0x00, 0xff, 0xff, 0xf0, 0x00, 0xff, 0xff, 0xf0, 0x00, 0xff,
    0xff, 0xf0, 0x00, 0xff, 0xff, 0xf0, 0x00, 0xff, 0xff, 0xf0, 0x00, 0xff,
    0xff, 0xf0, 0x00, 0xff, 0xff, 0xf0, 0x00, 0xff, 0xfe, 0xef, 0x00, 0x79,
    0xff, 0xf0, 0x00, 0x3e, 0xff, 0xf0, 0x00, 0x19, 0xff, 0xf0, 0x00, 0x0e,
    0xff, 0xf0, 0x00, 0x09, 0xff, 0xf0, 0x00, 0x08, 0xff, 0xf0, 0x00, 0x08,
    0xff, 0xf0, 0x00, 0x08, 0xff, 0xf0, 0x00, 0x07, 0xff, 0xf0, 0x00, 0x06,
    0xff, 0xf0, 0x00, 0x05, 0xff, 0xf0, 0x00, 0x04, 0xff, 0xf0, 0x00, 0x02,
    0xff, 0xf0, 0x00, 0x01, 0x00, 0x00, 0x00, 0x00, 0x00, 0x00, 0x00, 0x00,
    0x00, 0x00, 0x00, 0x00, 0x00, 0x00, 0x00, 0x00, 0x00, 0x00, 0x00, 0x00,
    0x00, 0x00, 0x00, 0x00, 0x00, 0x00, 0x00, 0x00, 0x00, 0x00, 0x00, 0x00,
    0x00, 0x00, 0x00, 0x00, 0xff, 0xf0, 0x00, 0x01, 0xff, 0xf0, 0x00, 0x07,
    0xff, 0xf0, 0x00, 0x13, 0xfe, 0xef, 0x00, 0x40, 0xfe, 0xef, 0x00, 0x81,
    0xff, 0xf0, 0x00, 0xff, 0xff, 0xf0, 0x00, 0xff, 0xff, 0xf0, 0x00, 0xff,
    0xff, 0xf0, 0x00, 0xff, 0xff, 0xf0, 0x00, 0xff, 0xff, 0xf0, 0x00, 0xff,
    0xff, 0xf0, 0x00, 0xff, 0xff, 0xf0, 0x00, 0xff, 0xff, 0xf0, 0x00, 0xff,
    0xff, 0xf0, 0x00, 0xff, 0xff, 0xf0, 0x00, 0xff, 0xff, 0xf0, 0x00, 0xff,
    0xfe, 0xef, 0x00, 0x8c, 0xfe, 0xef, 0x00, 0x51, 0xff, 0xf0, 0x00, 0x29,
    0xff, 0xf0, 0x00, 0x1d, 0xff, 0xf0, 0x00, 0x18, 0xff, 0xf0, 0x00, 0x17,
    0xff, 0xf0, 0x00, 0x17, 0xff, 0xf0, 0x00, 0x16, 0xff, 0xf0, 0x00, 0x15,
    0xff, 0xf0, 0x00, 0x13, 0xff, 0xf0, 0x00, 0x10, 0xff, 0xf0, 0x00, 0x0c,
    0xff, 0xf0, 0x00, 0x08, 0xff, 0xf0, 0x00, 0x05, 0xff, 0xf0, 0x00, 0x02,
    0xff, 0xf0, 0x00, 0x01, 0x00, 0x00, 0x00, 0x00, 0x00, 0x00, 0x00, 0x00,
    0x00, 0x00, 0x00, 0x00, 0x00, 0x00, 0x00, 0x00, 0x00, 0x00, 0x00, 0x00,
    0x00, 0x00, 0x00, 0x00, 0x00, 0x00, 0x00, 0x00, 0xff, 0xf0, 0x00, 0x01,
    0xff, 0xf0, 0x00, 0x07, 0xff, 0xf0, 0x00, 0x14, 0xfd, 0xee, 0x00, 0x41,
    0xfe, 0xef, 0x00, 0x83, 0xff, 0xf0, 0x00, 0xff, 0xff, 0xf0, 0x00, 0xff,
    0xff, 0xf0, 0x00, 0xff, 0xff, 0xf0, 0x00, 0xff, 0xff, 0xf0, 0x00, 0xff,
    0xff, 0xf0, 0x00, 0xff, 0xff, 0xf0, 0x00, 0xff, 0xff, 0xf0, 0x00, 0xff,
    0xff, 0xf0, 0x00, 0xff, 0xff, 0xf0, 0x00, 0xff, 0xff, 0xf0, 0x00, 0xff,
    0xff, 0xf0, 0x00, 0xff, 0xfe, 0xef, 0x00, 0xa5, 0xfe, 0xef, 0x00, 0x76,
    0xfd, 0xee, 0x00, 0x55, 0xfd, 0xee, 0x00, 0x4c, 0xff, 0xf0, 0x00, 0x47,
    0xff, 0xf0, 0x00, 0x46, 0xff, 0xf0, 0x00, 0x45, 0xff, 0xf1, 0x00, 0x44,
    0xff, 0xf1, 0x00, 0x42, 0xff, 0xf1, 0x00, 0x3d, 0xfc, 0xed, 0x00, 0x34,
    0xff, 0xf0, 0x00, 0x24, 0xfd, 0xee, 0x00, 0x17, 0xff, 0xf0, 0x00, 0x0d,
    0xff, 0xf0, 0x00, 0x07, 0xff, 0xf0, 0x00, 0x03, 0xff, 0xf0, 0x00, 0x01,
    0x00, 0x00, 0x00, 0x00, 0x00, 0x00, 0x00, 0x00, 0x00, 0x00, 0x00, 0x00,
    0x00, 0x00, 0x00, 0x00, 0x00, 0x00, 0x00, 0x00, 0x00, 0x00, 0x00, 0x00,
    0xff, 0xf0, 0x00, 0x01, 0xff, 0xf0, 0x00, 0x06, 0xff, 0xf0, 0x00, 0x12,
    0xff, 0xf1, 0x00, 0x3b, 0xff, 0xf0, 0x00, 0x7a, 0xff, 0xf0, 0x00, 0xff,
    0xff, 0xf0, 0x00, 0xff, 0xff, 0xf0, 0x00, 0xff, 0xff, 0xf0, 0x00, 0xff,
    0xff, 0xf0, 0x00, 0xff, 0xff, 0xf0, 0x00, 0xff, 0xff, 0xf0, 0x00, 0xff,
    0xff, 0xf0, 0x00, 0xff, 0xff, 0xf0, 0x00, 0xff, 0xff, 0xf0, 0x00, 0xff,
    0xff, 0xf0, 0x00, 0xff, 0xff, 0xf0, 0x00, 0xff, 0xff, 0xf0, 0x00, 0xc4,
    0xfe, 0xef, 0x00, 0xa7, 0xfe, 0xef, 0x00, 0x93, 0xfe, 0xef, 0x00, 0x8d,
    0xfe, 0xef, 0x00, 0x8a, 0xff, 0xf0, 0x00, 0x89, 0xff, 0xf0, 0x00, 0x89,
    0xfe, 0xef, 0x00, 0x88, 0xff, 0xf0, 0x00, 0x86, 0xfe, 0xef, 0x00, 0x7e,
    0xff, 0xf0, 0x00, 0x6f, 0xff, 0xf1, 0x00, 0x56, 0xff, 0xf1, 0x00, 0x3c,
    0xff, 0xf0, 0x00, 0x23, 0xfd, 0xee, 0x00, 0x13, 0xff, 0xf0, 0x00, 0x08,
    0xff, 0xf0, 0x00, 0x03, 0xff, 0xf0, 0x00, 0x01, 0x00, 0x00, 0x00, 0x00,
    0x00, 0x00, 0x00, 0x00, 0x00, 0x00, 0x00, 0x00, 0x00, 0x00, 0x00, 0x00,
    0x00, 0x00, 0x00, 0x00, 0xff, 0xf0, 0x00, 0x01, 0xff, 0xf0, 0x00, 0x05,
    0xff, 0xf0, 0x00, 0x10, 0xfc, 0xed, 0x00, 0x34, 0xfe, 0xef, 0x00, 0x6b,
    0xff, 0xf0, 0x00, 0xff, 0xff, 0xf0, 0x00, 0xff, 0xff, 0xf0, 0x00, 0xff,
    0xff, 0xf0, 0x00, 0xff, 0xff, 0xf0, 0x00, 0xff, 0xff, 0xf0, 0x00, 0xff,
    0xff, 0xf0, 0x00, 0xff, 0xff, 0xf0, 0x00, 0xff, 0xff, 0xf0, 0x00, 0xff,
    0xff, 0xf0, 0x00, 0xff, 0xff, 0xf0, 0x00, 0xff, 0xff, 0xf0, 0x00, 0xff,
    0xff, 0xf0, 0x00, 0xff, 0xff, 0xf0, 0x00, 0xff, 0xff, 0xf0, 0x00, 0xff,
    0xff, 0xf0, 0x00, 0xff, 0xff, 0xf0, 0x00, 0xff, 0xff, 0xf0, 0x00, 0xff,
    0xff, 0xf0, 0x00, 0xff, 0xff, 0xf0, 0x00, 0xff, 0xff, 0xf0, 0x00, 0xff,
    0xff, 0xf0, 0x00, 0xff, 0xff, 0xf0, 0x00, 0xff, 0xff, 0xf0, 0x00, 0x98,
    0xfe, 0xef, 0x00, 0x76, 0xff, 0xf1, 0x00, 0x4d, 0xff, 0xf1, 0x00, 0x2b,
    0xfd, 0xee, 0x00, 0x13, 0xff, 0xf0, 0x00, 0x07, 0xff, 0xf0, 0x00, 0x02,
    0x00, 0x00, 0x00, 0x00, 0x00, 0x00, 0x00, 0x00, 0x00, 0x00, 0x00, 0x00,
    0x00, 0x00, 0x00, 0x00, 0x00, 0x00, 0x00, 0x00, 0xff, 0xf0, 0x00, 0x01,
    0xff, 0xf0, 0x00, 0x04, 0xff, 0xf0, 0x00, 0x0e, 0xfe, 0xef, 0x00, 0x28,
    0xfe, 0xef, 0x00, 0x58, 0xff, 0xf0, 0x00, 0x98, 0xfe, 0xef, 0x00, 0xcd,
    0xff, 0xf0, 0x00, 0xff, 0xff, 0xf0, 0x00, 0xff, 0xff, 0xf0, 0x00, 0xff,
    0xff, 0xf0, 0x00, 0xff, 0xff, 0xf0, 0x00, 0xff, 0xff, 0xf0, 0x00, 0xff,
    0xff, 0xf0, 0x00, 0xff, 0xff, 0xf0, 0x00, 0xff, 0xff, 0xf0, 0x00, 0xff,
    0xff, 0xf0, 0x00, 0xff, 0xff, 0xf0, 0x00, 0xff, 0xff, 0xf0, 0x00, 0xff,
    0xff, 0xf0, 0x00, 0xff, 0xff, 0xf0, 0x00, 0xff, 0xff, 0xf0, 0x00, 0xff,
    0xff, 0xf0, 0x00, 0xff, 0xff, 0xf0, 0x00, 0xff, 0xff, 0xf0, 0x00, 0xff,
    0xff, 0xf0, 0x00, 0xff, 0xff, 0xf0, 0x00, 0xff, 0xff, 0xf0, 0x00, 0xff,
    0xff, 0xf0, 0x00, 0xff, 0xff, 0xf0, 0x00, 0xff, 0xff, 0xf0, 0x00, 0x82,
    0xff, 0xf1, 0x00, 0x4d, 0xff, 0xf0, 0x00, 0x23, 0xff, 0xf0, 0x00, 0x0d,
    0xff, 0xf0, 0x00, 0x05, 0xff, 0xf0, 0x00, 0x01, 0x00, 0x00, 0x00, 0x00,
    0x00, 0x00, 0x00, 0x00, 0x00, 0x00, 0x00, 0x00, 0x00, 0x00, 0x00, 0x00,
    0xff, 0xf0, 0x00, 0x01, 0xff, 0xf0, 0x00, 0x04, 0xff, 0xf0, 0x00, 0x0e,
    0xff, 0xf2, 0x00, 0x24, 0xff, 0xf1, 0x00, 0x55, 0xfe, 0xef, 0x00, 0x96,
    0xff, 0xf0, 0x00, 0xff, 0xff, 0xf0, 0x00, 0xff, 0xff, 0xf0, 0x00, 0xff,
    0xff, 0xf0, 0x00, 0xff, 0xff, 0xf0, 0x00, 0xff, 0xff, 0xf0, 0x00, 0xff,
    0xff, 0xf0, 0x00, 0xff, 0xff, 0xf0, 0x00, 0xff, 0xff, 0xf0, 0x00, 0xff,
    0xff, 0xf0, 0x00, 0xff, 0xff, 0xf0, 0x00, 0xff, 0xff, 0xf0, 0x00, 0xff,
    0xff, 0xf0, 0x00, 0xff, 0xff, 0xf0, 0x00, 0xff, 0xff, 0xf0, 0x00, 0xff,
    0xff, 0xf0, 0x00, 0xff, 0xff, 0xf0, 0x00, 0xff, 0xff, 0xf0, 0x00, 0xff,
    0xff, 0xf0, 0x00, 0xff, 0xff, 0xf0, 0x00, 0xff, 0xff, 0xf0, 0x00, 0xff,
    0xff, 0xf0, 0x00, 0xff, 0xff, 0xf0, 0x00, 0xff, 0xff, 0xf0, 0x00, 0xff,
    0xff, 0xf0, 0x00, 0xff, 0xfe, 0xef, 0x00, 0x76, 0xff, 0xf1, 0x00, 0x3c,
    0xfd, 0xee, 0x00, 0x17, 0xff, 0xf0, 0x00, 0x08, 0xff, 0xf0, 0x00, 0x02,
    0x00, 0x00, 0x00, 0x00, 0x00, 0x00, 0x00, 0x00, 0x00, 0x00, 0x00, 0x00,
    0x00, 0x00, 0x00, 0x00, 0xff, 0xf0, 0x00, 0x01, 0xff, 0xf0, 0x00, 0x05,
    0xff, 0xf0, 0x00, 0x0f, 0xfe, 0xef, 0x00, 0x2a, 0xff, 0xf0, 0x00, 0x5e,
    0xfe, 0xef, 0x00, 0xa1, 0xff, 0xf0, 0x00, 0xff, 0xff, 0xf0, 0x00, 0xff,
    0xff, 0xf0, 0x00, 0xff, 0xff, 0xf0, 0x00, 0xff, 0xff, 0xf0, 0x00, 0xff,
    0xff, 0xf0, 0x00, 0xff, 0xff, 0xf0, 0x00, 0xff, 0xff, 0xf0, 0x00, 0xff,
    0xff, 0xf0, 0x00, 0xff, 0xff, 0xf0, 0x00, 0xff, 0xff, 0xf0, 0x00, 0xff,
    0xff, 0xf0, 0x00, 0xff, 0xff, 0xf0, 0x00, 0xff, 0xff, 0xf0, 0x00, 0xff,
    0xff, 0xf0, 0x00, 0xff, 0xff, 0xf0, 0x00, 0xff, 0xff, 0xf0, 0x00, 0xff,
    0xff, 0xf0, 0x00, 0xff, 0xff, 0xf0, 0x00, 0xff, 0xff, 0xf0, 0x00, 0xff,
    0xff, 0xf0, 0x00, 0xff, 0xff, 0xf0, 0x00, 0xff, 0xff, 0xf0, 0x00, 0xff,
    0xff, 0xf0, 0x00, 0xff, 0xff, 0xf0, 0x00, 0xff, 0xff, 0xf0, 0x00, 0x98,
    0xff, 0xf1, 0x00, 0x56, 0xff, 0xf0, 0x00, 0x24, 0xff, 0xf0, 0x00, 0x0c,
    0xff, 0xf0, 0x00, 0x04, 0x00, 0x00, 0x00, 0x00, 0x00, 0x00, 0x00, 0x00,
    0x00, 0x00, 0x00, 0x00, 0x00, 0x00, 0x00, 0x00, 0xff, 0xf0, 0x00, 0x01,
    0xff, 0xf0, 0x00, 0x05, 0xff, 0xf0, 0x00, 0x11, 0xff, 0xf1, 0x00, 0x35,
    0xfe, 0xef, 0x00, 0x72, 0xff, 0xf0, 0x00, 0xff, 0xff, 0xf0, 0x00, 0xff,
    0xff, 0xf0, 0x00, 0xff, 0xff, 0xf0, 0x00, 0xff, 0xff, 0xf0, 0x00, 0xff,
    0xff, 0xf0, 0x00, 0xff, 0xff, 0xf0, 0x00, 0xff, 0xff, 0xf0, 0x00, 0xff,
    0xff, 0xf0, 0x00, 0xff, 0xff, 0xf0, 0x00, 0xff, 0xff, 0xf0, 0x00, 0xff,
    0xff, 0xf0, 0x00, 0xff, 0xff, 0xf0, 0x00, 0xff, 0xff, 0xf0, 0x00, 0xff,
    0xff, 0xf0, 0x00, 0xff, 0xff, 0xf0, 0x00, 0xff, 0xff, 0xf0, 0x00, 0xff,
    0xff, 0xf0, 0x00, 0xff, 0xff, 0xf0, 0x00, 0xff, 0xff, 0xf0, 0x00, 0xff,
    0xff, 0xf0, 0x00, 0xff, 0xff, 0xf0, 0x00, 0xff, 0xff, 0xf0, 0x00, 0xff,
    0xff, 0xf0, 0x00, 0xff, 0xff, 0xf0, 0x00, 0xff, 0xff, 0xf0, 0x00, 0xff,
    0xff, 0xf0, 0x00, 0xff, 0xff, 0xf0, 0x00, 0x6f, 0xfc, 0xed, 0x00, 0x34,
    0xff, 0xf0, 0x00, 0x10, 0xff, 0xf0, 0x00, 0x05, 0xff, 0xf0, 0x00, 0x01,
    0x00, 0x00, 0x00, 0x00, 0x00, 0x00, 0x00, 0x00, 0x00, 0x00, 0x00, 0x00,
    0xff, 0xf0, 0x00, 0x01, 0xff, 0xf0, 0x00, 0x06, 0xff, 0xf0, 0x00, 0x13,
    0xff, 0xf1, 0x00, 0x3d, 0xfe, 0xef, 0x00, 0x7f, 0xff, 0xf0, 0x00, 0xff,
    0xff, 0xf0, 0x00, 0xff, 0xff, 0xf0, 0x00, 0xff, 0xff, 0xf0, 0x00, 0xff,
    0xff, 0xf0, 0x00, 0xff, 0xff, 0xf0, 0x00, 0xff, 0xff, 0xf0, 0x00, 0xff,
    0xff, 0xf0, 0x00, 0xff, 0xff, 0xf0, 0x00, 0xff, 0xff, 0xf0, 0x00, 0xff,
    0xff, 0xf0, 0x00, 0xff, 0xff, 0xf0, 0x00, 0xff, 0xff, 0xf0, 0x00, 0xff,
    0xff, 0xf0, 0x00, 0xff, 0xff, 0xf0, 0x00, 0xff, 0xff, 0xf0, 0x00, 0xff,
    0xff, 0xf0, 0x00, 0xff, 0xff, 0xf0, 0x00, 0xff, 0xff, 0xf0, 0x00, 0xff,
    0xff, 0xf0, 0x00, 0xff, 0xff, 0xf0, 0x00, 0xff, 0xff, 0xf0, 0x00, 0xff,
    0xff, 0xf0, 0x00, 0xff, 0xff, 0xf0, 0x00, 0xff, 0xff, 0xf0, 0x00, 0xff,
    0xff, 0xf0, 0x00, 0xff, 0xff, 0xf0, 0x00, 0xff, 0xfe, 0xef, 0x00, 0x7e,
    0xff, 0xf1, 0x00, 0x3d, 0xff, 0xf0, 0x00, 0x13, 0xff, 0xf0, 0x00, 0x06,
    0xff, 0xf0, 0x00, 0x01, 0x00, 0x00, 0x00, 0x00, 0x00, 0x00, 0x00, 0x00,
    0x00, 0x00, 0x00, 0x00, 0xff, 0xf0, 0x00, 0x01, 0xff, 0xf0, 0x00, 0x07,
    0xff, 0xf0, 0x00, 0x15, 0xff, 0xf1, 0x00, 0x43, 0xff, 0xf0, 0x00, 0x86,
    0xff, 0xf0, 0x00, 0xff, 0xff, 0xf0, 0x00, 0xff, 0xff, 0xf0, 0x00, 0xff,
    0xff, 0xf0, 0x00, 0xff, 0xff, 0xf0, 0x00, 0xff, 0xff, 0xf0, 0x00, 0xff,
    0xff, 0xf0, 0x00, 0xff, 0xff, 0xf0, 0x00, 0xff, 0xff, 0xf0, 0x00, 0xff,
    0xff, 0xf0, 0x00, 0xff, 0xff, 0xf0, 0x00, 0xff, 0xff, 0xf0, 0x00, 0xff,
    0xff, 0xf0, 0x00, 0xff, 0xff, 0xf0, 0x00, 0xff, 0xff, 0xf0, 0x00, 0xff,
    0xff, 0xf0, 0x00, 0xff, 0xff, 0xf0, 0x00, 0xff, 0xff, 0xf0, 0x00, 0xff,
    0xff, 0xf0, 0x00, 0xff, 0xff, 0xf0, 0x00, 0xff, 0xff, 0xf0, 0x00, 0xff,
    0xff, 0xf0, 0x00, 0xff, 0xff, 0xf0, 0x00, 0xff, 0xff, 0xf0, 0x00, 0xff,
    0xff, 0xf0, 0x00, 0xff, 0xff, 0xf0, 0x00, 0xff, 0xff, 0xf0, 0x00, 0xff,
    0xff, 0xf0, 0x00, 0x86, 0xff, 0xf1, 0x00, 0x42, 0xff, 0xf0, 0x00, 0x15,
    0xff, 0xf0, 0x00, 0x07, 0xff, 0xf0, 0x00, 0x01, 0x00, 0x00, 0x00, 0x00,
    0x00, 0x00, 0x00, 0x00, 0x00, 0x00, 0x00, 0x00, 0xff, 0xf0, 0x00, 0x02,
    0xff, 0xf0, 0x00, 0x08, 0xff, 0xf0, 0x00, 0x16, 0xff, 0xf1, 0x00, 0x44,
    0xfe, 0xef, 0x00, 0x88, 0xff, 0xf0, 0x00, 0xff, 0xff, 0xf0, 0x00, 0xff,
    0xff, 0xf0, 0x00, 0xff, 0xff, 0xf0, 0x00, 0xff, 0xff, 0xf0, 0x00, 0xff,
    0xff, 0xf0, 0x00, 0xff, 0xff, 0xf0, 0x00, 0xff, 0xff, 0xf0, 0x00, 0xff,
    0xff, 0xf0, 0x00, 0xff, 0xff, 0xf0, 0x00, 0xff, 0xff, 0xf0, 0x00, 0xff,
    0xff, 0xf0, 0x00, 0xff, 0xff, 0xf0, 0x00, 0xff, 0xff, 0xf0, 0x00, 0xff,
    0xff, 0xf0, 0x00, 0xff, 0xff, 0xf0, 0x00, 0xff, 0xff, 0xf0, 0x00, 0xff,
    0xff, 0xf0, 0x00, 0xff, 0xff, 0xf0, 0x00, 0xff, 0xff, 0xf0, 0x00, 0xff,
    0xff, 0xf0, 0x00, 0xff, 0xff, 0xf0, 0x00, 0xff, 0xff, 0xf0, 0x00, 0xff,
    0xff, 0xf0, 0x00, 0xff, 0xff, 0xf0, 0x00, 0xff, 0xff, 0xf0, 0x00, 0xff,
    0xff, 0xf0, 0x00, 0xff, 0xfe, 0xef, 0x00, 0x88, 0xff, 0xf1, 0x00, 0x44,
    0xff, 0xf0, 0x00, 0x16, 0xff, 0xf0, 0x00, 0x08, 0xff, 0xf0, 0x00, 0x02,
    0x00, 0x00, 0x00, 0x00, 0x00, 0x00, 0x00, 0x00, 0x00, 0x00, 0x00, 0x00,
    0xff, 0xf0, 0x00, 0x02, 0xff, 0xf0, 0x00, 0x08, 0xff, 0xf0, 0x00, 0x17,
    0xff, 0xf0, 0x00, 0x45, 0xff, 0xf0, 0x00, 0x89, 0xff, 0xf0, 0x00, 0xff,
    0xff, 0xf0, 0x00, 0xff, 0xff, 0xf0, 0x00, 0xff, 0xff, 0xf0, 0x00, 0xff,
    0xff, 0xf0, 0x00, 0xff, 0xff, 0xf0, 0x00, 0xff, 0xff, 0xf0, 0x00, 0xff,
    0xff, 0xf0, 0x00, 0xff, 0xff, 0xf0, 0x00, 0xff, 0xff, 0xf0, 0x00, 0xff,
    0xff, 0xf0, 0x00, 0xff, 0xff, 0xf0, 0x00, 0xff, 0xff, 0xf0, 0x00, 0xff,
    0xff, 0xf0, 0x00, 0xff, 0xff, 0xf0, 0x00, 0xff, 0xff, 0xf0, 0x00, 0xff,
    0xff, 0xf0, 0x00, 0xff, 0xff, 0xf0, 0x00, 0xff, 0xff, 0xf0, 0x00, 0xff,
    0xff, 0xf0, 0x00, 0xff, 0xff, 0xf0, 0x00, 0xff, 0xff, 0xf0, 0x00, 0xff,
    0xff, 0xf0, 0x00, 0xff, 0xff, 0xf0, 0x00, 0xff, 0xff, 0xf0, 0x00, 0xff,
    0xff, 0xf0, 0x00, 0xff, 0xff, 0xf0, 0x00, 0xff, 0xff, 0xf0, 0x00, 0x89,
    0xff, 0xf0, 0x00, 0x45, 0xff, 0xf0, 0x00, 0x17, 0xff, 0xf0, 0x00, 0x08,
    0xff, 0xf0, 0x00, 0x02, 0x00, 0x00, 0x00, 0x00, 0x00, 0x00, 0x00, 0x00,
    0x00, 0x00, 0x00, 0x00, 0xff, 0xf0, 0x00, 0x02, 0xff, 0xf0, 0x00, 0x08,
    0xff, 0xf0, 0x00, 0x17, 0xff, 0xf0, 0x00, 0x45, 0xff, 0xf0, 0x00, 0x89,
    0xff, 0xf0, 0x00, 0xff, 0xff, 0xf0, 0x00, 0xff, 0xff, 0xf0, 0x00, 0xff,
    0xff, 0xf0, 0x00, 0xff, 0xff, 0xf0, 0x00, 0xff, 0xff, 0xf0, 0x00, 0xff,
    0xff, 0xf0, 0x00, 0xff, 0xff, 0xf0, 0x00, 0xff, 0xff, 0xf0, 0x00, 0xff,
    0xff, 0xf0, 0x00, 0xff, 0xff, 0xf0, 0x00, 0xff, 0xff, 0xf0, 0x00, 0xff,
    0xff, 0xf0, 0x00, 0xff, 0xff, 0xf0, 0x00, 0xff, 0xff, 0xf0, 0x00, 0xff,
    0xff, 0xf0, 0x00, 0xff, 0xff, 0xf0, 0x00, 0xff, 0xff, 0xf0, 0x00, 0xff,
    0xff, 0xf0, 0x00, 0xff, 0xff, 0xf0, 0x00, 0xff, 0xff, 0xf0, 0x00, 0xff,
    0xff, 0xf0, 0x00, 0xff, 0xff, 0xf0, 0x00, 0xff, 0xff, 0xf0, 0x00, 0xff,
    0xff, 0xf0, 0x00, 0xff, 0xff, 0xf0, 0x00, 0xff, 0xff, 0xf0, 0x00, 0xff,
    0xff, 0xf0, 0x00, 0x89, 0xff, 0xf0, 0x00, 0x45, 0xff, 0xf0, 0x00, 0x17,
    0xff, 0xf0, 0x00, 0x08, 0xff, 0xf0, 0x00, 0x02, 0x00, 0x00, 0x00, 0x00,
    0x00, 0x00, 0x00, 0x00, 0x00, 0x00, 0x00, 0x00, 0xff, 0xf0, 0x00, 0x02,
    0xff, 0xf0, 0x00, 0x08, 0xff, 0xf0, 0x00, 0x16, 0xff, 0xf1, 0x00, 0x44,
    0xfe, 0xef, 0x00, 0x88, 0xff, 0xf0, 0x00, 0xff, 0xff, 0xf0, 0x00, 0xff,
    0xff, 0xf0, 0x00, 0xff, 0xff, 0xf0, 0x00, 0xff, 0xff, 0xf0, 0x00, 0xff,
    0xff, 0xf0, 0x00, 0xff, 0xff, 0xf0, 0x00, 0xff, 0xff, 0xf0, 0x00, 0xff,
    0xff, 0xf0, 0x00, 0xff, 0xff, 0xf0, 0x00, 0xff, 0xff, 0xf0, 0x00, 0xff,
    0xff, 0xf0, 0x00, 0xff, 0xff, 0xf0, 0x00, 0xff, 0xff, 0xf0, 0x00, 0xff,
    0xff, 0xf0, 0x00, 0xff, 0xff, 0xf0, 0x00, 0xff, 0xff, 0xf0, 0x00, 0xff,
    0xff, 0xf0, 0x00, 0xff, 0xff, 0xf0, 0x00, 0xff, 0xff, 0xf0, 0x00, 0xff,
    0xff, 0xf0, 0x00, 0xff, 0xff, 0xf0, 0x00, 0xff, 0xff, 0xf0, 0x00, 0xff,
    0xff, 0xf0, 0x00, 0xff, 0xff, 0xf0, 0x00, 0xff, 0xff, 0xf0, 0x00, 0xff,
    0xff, 0xf0, 0x00, 0xff, 0xfe, 0xef, 0x00, 0x88, 0xff, 0xf1, 0x00, 0x44,
    0xff, 0xf0, 0x00, 0x16, 0xff, 0xf0, 0x00, 0x08, 0xff, 0xf0, 0x00, 0x02,
    0x00, 0x00, 0x00, 0x00, 0x00, 0x00, 0x00, 0x00, 0x00, 0x00, 0x00, 0x00,
    0xff, 0xf0, 0x00, 0x01, 0xff, 0xf0, 0x00, 0x07, 0xff, 0xf0, 0x00, 0x15,
    0xff, 0xf1, 0x00, 0x42, 0xff, 0xf0, 0x00, 0x86, 0xff, 0xf0, 0x00, 0xff,
    0xff, 0xf0, 0x00, 0xff, 0xff, 0xf0, 0x00, 0xff, 0xff, 0xf0, 0x00, 0xff,
    0xff, 0xf0, 0x00, 0xff, 0xff, 0xf0, 0x00, 0xff, 0xff, 0xf0, 0x00, 0xff,
    0xff, 0xf0, 0x00, 0xff, 0xff, 0xf0, 0x00, 0xff, 0xff, 0xf0, 0x00, 0xff,
    0xff, 0xf0, 0x00, 0xff, 0xff, 0xf0, 0x00, 0xff, 0xff, 0xf0, 0x00, 0xff,
    0xff, 0xf0, 0x00, 0xff, 0xff, 0xf0, 0x00, 0xff, 0xff, 0xf0, 0x00, 0xff,
    0xff, 0xf0, 0x00, 0xff, 0xff, 0xf0, 0x00, 0xff, 0xff, 0xf0, 0x00, 0xff,
    0xff, 0xf0, 0x00, 0xff, 0xff, 0xf0, 0x00, 0xff, 0xff, 0xf0, 0x00, 0xff,
    0xff, 0xf0, 0x00, 0xff, 0xff, 0xf0, 0x00, 0xff, 0xff, 0xf0, 0x00, 0xff,
    0xff, 0xf0, 0x00, 0xff, 0xff, 0xf0, 0x00, 0xff, 0xff, 0xf0, 0x00, 0x86,
    0xff, 0xf1, 0x00, 0x42, 0xff, 0xf0, 0x00, 0x15, 0xff, 0xf0, 0x00, 0x07,
    0xff, 0xf0, 0x00, 0x01, 0x00, 0x00, 0x00, 0x00, 0x00, 0x00, 0x00, 0x00,
    0x00, 0x00, 0x00, 0x00, 0xff, 0xf0, 0x00, 0x01, 0xff, 0xf0, 0x00, 0x06,
    0xff, 0xf0, 0x00, 0x13, 0xff, 0xf1, 0x00, 0x3d, 0xfe, 0xef, 0x00, 0x7e,
    0xff, 0xf0, 0x00, 0xff, 0xff, 0xf0, 0x00, 0xff, 0xff, 0xf0, 0x00, 0xff,
    0xff, 0xf0, 0x00, 0xff, 0xff, 0xf0, 0x00, 0xff, 0xff, 0xf0, 0x00, 0xff,
    0xff, 0xf0, 0x00, 0xff, 0xff, 0xf0, 0x00, 0xff, 0xff, 0xf0, 0x00, 0xff,
    0xff, 0xf0, 0x00, 0xff, 0xff, 0xf0, 0x00, 0xff, 0xff, 0xf0, 0x00, 0xff,
    0xff, 0xf0, 0x00, 0xff, 0xff, 0xf0, 0x00, 0xff, 0xff, 0xf0, 0x00, 0xff,
    0xff, 0xf0, 0x00, 0xff, 0xff, 0xf0, 0x00, 0xff, 0xff, 0xf0, 0x00, 0xff,
    0xff, 0xf0, 0x00, 0xff, 0xff, 0xf0, 0x00, 0xff, 0xff, 0xf0, 0x00, 0xff,
    0xff, 0xf0, 0x00, 0xff, 0xff, 0xf0, 0x00, 0xff, 0xff, 0xf0, 0x00, 0xff,
    0xff, 0xf0, 0x00, 0xff, 0xff, 0xf0, 0x00, 0xff, 0xff, 0xf0, 0x00, 0xff,
    0xfe, 0xef, 0x00, 0x7e, 0xff, 0xf1, 0x00, 0x3d, 0xff, 0xf0, 0x00, 0x13,
    0xff, 0xf0, 0x00, 0x06, 0xff, 0xf0, 0x00, 0x01, 0x00, 0x00, 0x00, 0x00,
    0x00, 0x00, 0x00, 0x00, 0x00, 0x00, 0x00, 0x00, 0xff, 0xf0, 0x00, 0x01,
    0xff, 0xf0, 0x00, 0x05, 0xff, 0xf0, 0x00, 0x10, 0xfc, 0xed, 0x00, 0x34,
    0xff, 0xf0, 0x00, 0x6f, 0xff, 0xf0, 0x00, 0xff, 0xff, 0xf0, 0x00, 0xff,
    0xff, 0xf0, 0x00, 0xff, 0xff, 0xf0, 0x00, 0xff, 0xff, 0xf0, 0x00, 0xff,
    0xff, 0xf0, 0x00, 0xff, 0xff, 0xf0, 0x00, 0xff, 0xff, 0xf0, 0x00, 0xff,
    0xff, 0xf0, 0x00, 0xff, 0xff, 0xf0, 0x00, 0xff, 0xff, 0xf0, 0x00, 0xff,
    0xff, 0xf0, 0x00, 0xff, 0xff, 0xf0, 0x00, 0xff, 0xff, 0xf0, 0x00, 0xff,
    0xff, 0xf0, 0x00, 0xff, 0xff, 0xf0, 0x00, 0xff, 0xff, 0xf0, 0x00, 0xff,
    0xff, 0xf0, 0x00, 0xff, 0xff, 0xf0, 0x00, 0xff, 0xff, 0xf0, 0x00, 0xff,
    0xff, 0xf0, 0x00, 0xff, 0xff, 0xf0, 0x00, 0xff, 0xff, 0xf0, 0x00, 0xff,
    0xff, 0xf0, 0x00, 0xff, 0xff, 0xf0, 0x00, 0xff, 0xff, 0xf0, 0x00, 0xff,
    0xff, 0xf0, 0x00, 0xff, 0xff, 0xf0, 0x00, 0x6f, 0xfc, 0xed, 0x00, 0x34,
    0xff, 0xf0, 0x00, 0x10, 0xff, 0xf0, 0x00, 0x05, 0xff, 0xf0, 0x00, 0x01,
    0x00, 0x00, 0x00, 0x00, 0x00, 0x00, 0x00, 0x00, 0x00, 0x00, 0x00, 0x00,
    0x00, 0x00, 0x00, 0x00, 0xff, 0xf0, 0x00, 0x04, 0xff, 0xf0, 0x00, 0x0c,
    0xff, 0xf0, 0x00, 0x24, 0xff, 0xf1, 0x00, 0x56, 0xff, 0xf0, 0x00, 0x98,
    0xff, 0xf0, 0x00, 0xff, 0xff, 0xf0, 0x00, 0xff, 0xff, 0xf0, 0x00, 0xff,
    0xff, 0xf0, 0x00, 0xff, 0xff, 0xf0, 0x00, 0xff, 0xff, 0xf0, 0x00, 0xff,
    0xff, 0xf0, 0x00, 0xff, 0xff, 0xf0, 0x00, 0xff, 0xff, 0xf0, 0x00, 0xff,
    0xff, 0xf0, 0x00, 0xff, 0xff, 0xf0, 0x00, 0xff, 0xff, 0xf0, 0x00, 0xff,
    0xff, 0xf0, 0x00, 0xff, 0xff, 0xf0, 0x00, 0xff, 0xff, 0xf0, 0x00, 0xff,
    0xff, 0xf0, 0x00, 0xff, 0xff, 0xf0, 0x00, 0xff, 0xff, 0xf0, 0x00, 0xff,
    0xff, 0xf0, 0x00, 0xff, 0xff, 0xf0, 0x00, 0xff, 0xff, 0xf0, 0x00, 0xff,
    0xff, 0xf0, 0x00, 0xff, 0xff, 0xf0, 0x00, 0xff, 0xff, 0xf0, 0x00, 0xff,
    0xff, 0xf0, 0x00, 0xff, 0xff, 0xf0, 0x00, 0x98, 0xff, 0xf1, 0x00, 0x56,
    0xff, 0xf0, 0x00, 0x24, 0xff, 0xf0, 0x00, 0x0c, 0xff, 0xf0, 0x00, 0x04,
    0x00, 0x00, 0x00, 0x00, 0x00, 0x00, 0x00, 0x00, 0x00, 0x00, 0x00, 0x00,
    0x00, 0x00, 0x00, 0x00, 0x00, 0x00, 0x00, 0x00, 0xff, 0xf0, 0x00, 0x02,
    0xff, 0xf0, 0x00, 0x08, 0xfd, 0xee, 0x00, 0x17, 0xff, 0xf1, 0x00, 0x3c,
    0xfe, 0xef, 0x00, 0x76, 0xff, 0xf0, 0x00, 0xff, 0xff, 0xf0, 0x00, 0xff,
    0xff, 0xf0, 0x00, 0xff, 0xff, 0xf0, 0x00, 0xff, 0xff, 0xf0, 0x00, 0xff,
    0xff, 0xf0, 0x00, 0xff, 0xff, 0xf0, 0x00, 0xff, 0xff, 0xf0, 0x00, 0xff,
    0xff, 0xf0, 0x00, 0xff, 0xff, 0xf0, 0x00, 0xff, 0xff, 0xf0, 0x00, 0xff,
    0xff, 0xf0, 0x00, 0xff, 0xff, 0xf0, 0x00, 0xff, 0xff, 0xf0, 0x00, 0xff,
    0xff, 0xf0, 0x00, 0xff, 0xff, 0xf0, 0x00, 0xff, 0xff, 0xf0, 0x00, 0xff,
    0xff, 0xf0, 0x00, 0xff, 0xff, 0xf0, 0x00, 0xff, 0xff, 0xf0, 0x00, 0xff,
    0xff, 0xf0, 0x00, 0xff, 0xff, 0xf0, 0x00, 0xff, 0xff, 0xf0, 0x00, 0xff,
    0xff, 0xf0, 0x00, 0xff, 0xff, 0xf0, 0x00, 0xff, 0xfe, 0xef, 0x00, 0x76,
    0xff, 0xf1, 0x00, 0x3c, 0xfd, 0xee, 0x00, 0x17, 0xff, 0xf0, 0x00, 0x08,
    0xff, 0xf0, 0x00, 0x02, 0x00, 0x00, 0x00, 0x00, 0x00, 0x00, 0x00, 0x00,
    0x00, 0x00, 0x00, 0x00, 0x00, 0x00, 0x00, 0x00, 0x00, 0x00, 0x00, 0x00,
    0xff, 0xf0, 0x00, 0x01, 0xff, 0xf0, 0x00, 0x05, 0xff, 0xf0, 0x00, 0x0d,
    0xff, 0xf0, 0x00, 0x23, 0xff, 0xf1, 0x00, 0x4d, 0xff, 0xf0, 0x00, 0x82,
    0xff, 0xf0, 0x00, 0xff, 0xff, 0xf0, 0x00, 0xff, 0xff, 0xf0, 0x00, 0xff,
    0xff, 0xf0, 0x00, 0xff, 0xff, 0xf0, 0x00, 0xff, 0xff, 0xf0, 0x00, 0xff,
    0xff, 0xf0, 0x00, 0xff, 0xff, 0xf0, 0x00, 0xff, 0xff, 0xf0, 0x00, 0xff,
    0xff, 0xf0, 0x00, 0xff, 0xff, 0xf0, 0x00, 0xff, 0xff, 0xf0, 0x00, 0xff,
    0xff, 0xf0, 0x00, 0xff, 0xff, 0xf0, 0x00, 0xff, 0xff, 0xf0, 0x00, 0xff,
    0xff, 0xf0, 0x00, 0xff, 0xff, 0xf0, 0x00, 0xff, 0xff, 0xf0, 0x00, 0xff,
    0xff, 0xf0, 0x00, 0xff, 0xff, 0xf0, 0x00, 0xff, 0xff, 0xf0, 0x00, 0xff,
    0xff, 0xf0, 0x00, 0xff, 0xff, 0xf0, 0x00, 0xff, 0xff, 0xf0, 0x00, 0x82,
    0xff, 0xf1, 0x00, 0x4d, 0xff, 0xf0, 0x00, 0x23, 0xff, 0xf0, 0x00, 0x0d,
    0xff, 0xf0, 0x00, 0x05, 0xff, 0xf0, 0x00, 0x01, 0x00, 0x00, 0x00, 0x00,
    0x00, 0x00, 0x00, 0x00, 0x00, 0x00, 0x00, 0x00, 0x00, 0x00, 0x00, 0x00,
    0x00, 0x00, 0x00, 0x00, 0x00, 0x00, 0x00, 0x00, 0xff, 0xf0, 0x00, 0x02,
    0xff, 0xf0, 0x00, 0x07, 0xfd, 0xee, 0x00, 0x13, 0xff, 0xf1, 0x00, 0x2b,
    0xff, 0xf1, 0x00, 0x4d, 0xfe, 0xef, 0x00, 0x76, 0xff, 0xf0, 0x00, 0x98,
    0xff, 0xf0, 0x00, 0xff, 0xff, 0xf0, 0x00, 0xff, 0xff, 0xf0, 0x00, 0xff,
    0xff, 0xf0, 0x00, 0xff, 0xff, 0xf0, 0x00, 0xff, 0xff, 0xf0, 0x00, 0xff,
    0xff, 0xf0, 0x00, 0xff, 0xff, 0xf0, 0x00, 0xff, 0xff, 0xf0, 0x00, 0xff,
    0xff, 0xf0, 0x00, 0xff, 0xff, 0xf0, 0x00, 0xff, 0xff, 0xf0, 0x00, 0xff,
    0xff, 0xf0, 0x00, 0xff, 0xff, 0xf0, 0x00, 0xff, 0xff, 0xf0, 0x00, 0xff,
    0xff, 0xf0, 0x00, 0xff, 0xff, 0xf0, 0x00, 0xff, 0xff, 0xf0, 0x00, 0xff,
    0xff, 0xf0, 0x00, 0xff, 0xff, 0xf0, 0x00, 0x98, 0xfe, 0xef, 0x00, 0x76,
    0xff, 0xf1, 0x00, 0x4d, 0xff, 0xf1, 0x00, 0x2b, 0xfd, 0xee, 0x00, 0x13,
    0xff, 0xf0, 0x00, 0x07, 0xff, 0xf0, 0x00, 0x02, 0x00, 0x00, 0x00, 0x00,
    0x00, 0x00, 0x00, 0x00, 0x00, 0x00, 0x00, 0x00, 0x00, 0x00, 0x00, 0x00,
    0x00, 0x00, 0x00, 0x00, 0x00, 0x00, 0x00, 0x00, 0x00, 0x00, 0x00, 0x00,
    0xff, 0xf0, 0x00, 0x01, 0xff, 0xf0, 0x00, 0x03, 0xff, 0xf0, 0x00, 0x08,
    0xfd, 0xee, 0x00, 0x13, 0xff, 0xf0, 0x00, 0x23, 0xff, 0xf1, 0x00, 0x3c,
    0xff, 0xf1, 0x00, 0x56, 0xff, 0xf0, 0x00, 0x6f, 0xfe, 0xef, 0x00, 0x7e,
    0xff, 0xf0, 0x00, 0x86, 0xfe, 0xef, 0x00, 0x88, 0xff, 0xf0, 0x00, 0x89,
    0xff, 0xf0, 0x00, 0x89, 0xff, 0xf0, 0x00, 0x89, 0xff, 0xf0, 0x00, 0x89,
    0xff, 0xf0, 0x00, 0x89, 0xff, 0xf0, 0x00, 0x89, 0xff, 0xf0, 0x00, 0x89,
    0xff, 0xf0, 0x00, 0x89, 0xff, 0xf0, 0x00, 0x89, 0xff, 0xf0, 0x00, 0x89,
    0xff, 0xf0, 0x00, 0x89, 0xfe, 0xef, 0x00, 0x88, 0xff, 0xf0, 0x00, 0x86,
    0xfe, 0xef, 0x00, 0x7e, 0xff, 0xf0, 0x00, 0x6f, 0xff, 0xf1, 0x00, 0x56,
    0xff, 0xf1, 0x00, 0x3c, 0xff, 0xf0, 0x00, 0x23, 0xfd, 0xee, 0x00, 0x13,
    0xff, 0xf0, 0x00, 0x08, 0xff, 0xf0, 0x00, 0x03, 0xff, 0xf0, 0x00, 0x01,
    0x00, 0x00, 0x00, 0x00, 0x00, 0x00, 0x00, 0x00, 0x00, 0x00, 0x00, 0x00,
    0x00, 0x00, 0x00, 0x00, 0x00, 0x00, 0x00, 0x00, 0x00, 0x00, 0x00, 0x00,
    0x00, 0x00, 0x00, 0x00, 0x00, 0x00, 0x00, 0x00, 0xff, 0xf0, 0x00, 0x01,
    0xff, 0xf0, 0x00, 0x03, 0xff, 0xf0, 0x00, 0x07, 0xff, 0xf0, 0x00, 0x0d,
    0xfd, 0xee, 0x00, 0x17, 0xff, 0xf0, 0x00, 0x24, 0xfc, 0xed, 0x00, 0x34,
    0xff, 0xf1, 0x00, 0x3d, 0xff, 0xf1, 0x00, 0x42, 0xff, 0xf1, 0x00, 0x44,
    0xff, 0xf0, 0x00, 0x45, 0xff, 0xf0, 0x00, 0x45, 0xff, 0xf0, 0x00, 0x45,
    0xff, 0xf0, 0x00, 0x45, 0xff, 0xf0, 0x00, 0x45, 0xff, 0xf0, 0x00, 0x45,
    0xff, 0xf0, 0x00, 0x45, 0xff, 0xf0, 0x00, 0x45, 0xff, 0xf0, 0x00, 0x45,
    0xff, 0xf0, 0x00, 0x45, 0xff, 0xf0, 0x00, 0x45, 0xff, 0xf1, 0x00, 0x44,
    0xff, 0xf1, 0x00, 0x42, 0xff, 0xf1, 0x00, 0x3d, 0xfc, 0xed, 0x00, 0x34,
    0xff, 0xf0, 0x00, 0x24, 0xfd, 0xee, 0x00, 0x17, 0xff, 0xf0, 0x00, 0x0d,
    0xff, 0xf0, 0x00, 0x07, 0xff, 0xf0, 0x00, 0x03, 0xff, 0xf0, 0x00, 0x01,
    0x00, 0x00, 0x00, 0x00, 0x00, 0x00, 0x00, 0x00, 0x00, 0x00, 0x00, 0x00,
    0x00, 0x00, 0x00, 0x00, 0x00, 0x00, 0x00, 0x00, 0x00, 0x00, 0x00, 0x00,
    0x00, 0x00, 0x00, 0x00, 0x00, 0x00, 0x00, 0x00, 0x00, 0x00, 0x00, 0x00,
    0x00, 0x00, 0x00, 0x00, 0xff, 0xf0, 0x00, 0x01, 0xff, 0xf0, 0x00, 0x02,
    0xff, 0xf0, 0x00, 0x05, 0xff, 0xf0, 0x00, 0x08, 0xff, 0xf0, 0x00, 0x0c,
    0xff, 0xf0, 0x00, 0x10, 0xff, 0xf0, 0x00, 0x13, 0xff, 0xf0, 0x00, 0x15,
    0xff, 0xf0, 0x00, 0x16, 0xff, 0xf0, 0x00, 0x17, 0xff, 0xf0, 0x00, 0x17,
    0xff, 0xf0, 0x00, 0x17, 0xff, 0xf0, 0x00, 0x17, 0xff, 0xf0, 0x00, 0x17,
    0xff, 0xf0, 0x00, 0x17, 0xff, 0xf0, 0x00, 0x17, 0xff, 0xf0, 0x00, 0x17,
    0xff, 0xf0, 0x00, 0x17, 0xff, 0xf0, 0x00, 0x17, 0xff, 0xf0, 0x00, 0x17,
    0xff, 0xf0, 0x00, 0x16, 0xff, 0xf0, 0x00, 0x15, 0xff, 0xf0, 0x00, 0x13,
    0xff, 0xf0, 0x00, 0x10, 0xff, 0xf0, 0x00, 0x0c, 0xff, 0xf0, 0x00, 0x08,
    0xff, 0xf0, 0x00, 0x05, 0xff, 0xf0, 0x00, 0x02, 0xff, 0xf0, 0x00, 0x01,
    0x00, 0x00, 0x00, 0x00, 0x00, 0x00, 0x00, 0x00, 0x00, 0x00, 0x00, 0x00,
    0x00, 0x00, 0x00, 0x00, 0x00, 0x00, 0x00, 0x00, 0x00, 0x00, 0x00, 0x00,
    0x00, 0x00, 0x00, 0x00, 0x00, 0x00, 0x00, 0x00, 0x00, 0x00, 0x00, 0x00,
    0x00, 0x00, 0x00, 0x00, 0x00, 0x00, 0x00, 0x00, 0x00, 0x00, 0x00, 0x00,
    0x00, 0x00, 0x00, 0x00, 0xff, 0xf0, 0x00, 0x01, 0xff, 0xf0, 0x00, 0x02,
    0xff, 0xf0, 0x00, 0x04, 0xff, 0xf0, 0x00, 0x05, 0xff, 0xf0, 0x00, 0x06,
    0xff, 0xf0, 0x00, 0x07, 0xff, 0xf0, 0x00, 0x08, 0xff, 0xf0, 0x00, 0x08,
    0xff, 0xf0, 0x00, 0x08, 0xff, 0xf0, 0x00, 0x08, 0xff, 0xf0, 0x00, 0x08,
    0xff, 0xf0, 0x00, 0x08, 0xff, 0xf0, 0x00, 0x08, 0xff, 0xf0, 0x00, 0x08,
    0xff, 0xf0, 0x00, 0x08, 0xff, 0xf0, 0x00, 0x08, 0xff, 0xf0, 0x00, 0x08,
    0xff, 0xf0, 0x00, 0x08, 0xff, 0xf0, 0x00, 0x08, 0xff, 0xf0, 0x00, 0x07,
    0xff, 0xf0, 0x00, 0x06, 0xff, 0xf0, 0x00, 0x05, 0xff, 0xf0, 0x00, 0x04,
    0xff, 0xf0, 0x00, 0x02, 0xff, 0xf0, 0x00, 0x01, 0x00, 0x00, 0x00, 0x00,
    0x00, 0x00, 0x00, 0x00, 0x00, 0x00, 0x00, 0x00, 0x00, 0x00, 0x00, 0x00,
    0x00, 0x00, 0x00, 0x00, 0x00, 0x00, 0x00, 0x00, 0x00, 0x00, 0x00, 0x00,
    0x00, 0x00, 0x00, 0x00, 0x00, 0x00, 0x00, 0x00, 0x00, 0x00, 0x00, 0x00,
    0x00, 0x00, 0x00, 0x00, 0x00, 0x00, 0x00, 0x00, 0x00, 0x00, 0x00, 0x00,
    0x00, 0x00, 0x00, 0x00, 0x00, 0x00, 0x00, 0x00, 0x00, 0x00, 0x00, 0x00,
    0x00, 0x00, 0x00, 0x00, 0x00, 0x00, 0x00, 0x00, 0xff, 0xf0, 0x00, 0x01,
    0xff, 0xf0, 0x00, 0x01, 0xff, 0xf0, 0x00, 0x01, 0xff, 0xf0, 0x00, 0x02,
    0xff, 0xf0, 0x00, 0x02, 0xff, 0xf0, 0x00, 0x02, 0xff, 0xf0, 0x00, 0x02,
    0xff, 0xf0, 0x00, 0x02, 0xff, 0xf0, 0x00, 0x02, 0xff, 0xf0, 0x00, 0x02,
    0xff, 0xf0, 0x00, 0x02, 0xff, 0xf0, 0x00, 0x02, 0xff, 0xf0, 0x00, 0x02,
    0xff, 0xf0, 0x00, 0x02, 0xff, 0xf0, 0x00, 0x02, 0xff, 0xf0, 0x00, 0x02,
    0xff, 0xf0, 0x00, 0x01, 0xff, 0xf0, 0x00, 0x01, 0xff, 0xf0, 0x00, 0x01,
    0x00, 0x00, 0x00, 0x00, 0x00, 0x00, 0x00, 0x00, 0x00, 0x00, 0x00, 0x00,
    0x00, 0x00, 0x00, 0x00, 0x00, 0x00, 0x00, 0x00, 0x00, 0x00, 0x00, 0x00,
    0x00, 0x00, 0x00, 0x00, 0x00, 0x00, 0x00, 0x00, 0x00, 0x00, 0x00, 0x00,
    0x00, 0x00, 0x00, 0x00, 0x00, 0x00, 0x00, 0x00, 0x00, 0x00, 0x00, 0x00,
    0x00, 0x00, 0x00, 0x00, 0x00, 0x00, 0x00, 0x00, 0x00, 0x00, 0x00, 0x00,
    0x00, 0x00, 0x00, 0x00, 0x00, 0x00, 0x00, 0x00, 0x00, 0x00, 0x00, 0x00,
    0x00, 0x00, 0x00, 0x00, 0x00, 0x00, 0x00, 0x00, 0x00, 0x00, 0x00, 0x00,
    0x00, 0x00, 0x00, 0x00, 0x00, 0x00, 0x00, 0x00, 0x00, 0x00, 0x00, 0x00,
    0x00, 0x00, 0x00, 0x00, 0x00, 0x00, 0x00, 0x00, 0x00, 0x00, 0x00, 0x00,
    0x00, 0x00, 0x00, 0x00, 0x00, 0x00, 0x00, 0x00, 0x00, 0x00, 0x00, 0x00,
    0x00, 0x00, 0x00, 0x00, 0x00, 0x00, 0x00, 0x00, 0x00, 0x00, 0x00, 0x00,
    0x00, 0x00, 0x00, 0x00, 0x00, 0x00, 0x00, 0x00, 0x00, 0x00, 0x00, 0x00,
    0x00, 0x00, 0x00, 0x00, 0x00, 0x00, 0x00, 0x00, 0x00, 0x00, 0x00, 0x00,
    0x00, 0x00, 0x00, 0x00, 0x00, 0x00, 0x00, 0x00, 0x00, 0x00, 0x00, 0x00,
    0x00, 0x00, 0x00, 0x00, 0x00, 0x00, 0x00, 0x00, 0x00, 0x00, 0x00, 0x00,
    0x00, 0x00, 0x00, 0x00, 0x00, 0x00, 0x00, 0x00, 0x00, 0x00, 0x00, 0x00,
    0x00, 0x00, 0x00, 0x00, 0x00, 0x00, 0x00, 0x00, 0x00, 0x00, 0x00, 0x00,
    0x00, 0x00, 0x00, 0x00, 0x00, 0x00, 0x00, 0x00, 0x00, 0x00, 0x00, 0x00,
    0x00, 0x00, 0x00, 0x00, 0x00, 0x00, 0x00, 0x00, 0x00, 0x00, 0x00, 0x00,
    0x00, 0x00, 0x00, 0x00, 0x00, 0x00, 0x00, 0x00, 0x00, 0x00, 0x00, 0x00,
    0x00, 0x00, 0x00, 0x00, 0x00, 0x00, 0x00, 0x00, 0x00, 0x00, 0x00, 0x00,
    0x00, 0x00, 0x00, 0x00, 0x00, 0x00, 0x00, 0x00, 0x00, 0x00, 0x00, 0x00,
    0x00, 0x00, 0x00, 0x00, 0x00, 0x00, 0x00, 0x00, 0x00, 0x00, 0x00, 0x00,
    0x00, 0x00, 0x00, 0x00, 0x00, 0x00, 0x00, 0x00, 0x00, 0x00, 0x00, 0x00,
    0x00, 0x00, 0x00, 0x00, 0x00, 0x00, 0x00, 0x00, 0x00, 0x00, 0x00, 0x00,
    0x00, 0x00, 0x00, 0x00, 0x00, 0x00, 0x00, 0x00, 0x00, 0x00, 0x00, 0x00,
    0x00, 0x00, 0x00, 0x00, 0x00, 0x00, 0x00, 0x00, 0x00, 0x00, 0x00, 0x00,
    0x00, 0x00, 0x00, 0x00, 0x00, 0x00, 0x00, 0x00, 0x00, 0x00, 0x00, 0x00,
    0x00, 0x00, 0x00, 0x00, 0x00, 0x00, 0x00, 0x00, 0x00, 0x00, 0x00, 0x00,
    0x00, 0x00, 0x00, 0x00, 0x00, 0x00, 0x00, 0x00, 0x00, 0x00, 0x00, 0x00,
    0x00, 0x00, 0x00, 0x00, 0x00, 0x00, 0x00, 0x00, 0x00, 0x00, 0x00, 0x00,
    0x00, 0x00, 0x00, 0x00, 0x00, 0x00, 0x00, 0x00, 0x00, 0x00, 0x00, 0x00,
    0x00, 0x00, 0x00, 0x00, 0x00, 0x00, 0x00, 0x00, 0x00, 0x00, 0x00, 0x00,
    0x00, 0x00, 0x00, 0x00, 0x00, 0x00, 0x00, 0x00, 0x00, 0x00, 0x00, 0x00,
    0x00, 0x00, 0x00, 0x00, 0x00, 0x00, 0x00, 0x00, 0x00, 0x00, 0x00, 0x00,
    0x00, 0x00, 0x00, 0x00, 0x00, 0x00, 0x00, 0x00, 0x00, 0x00, 0x00, 0x00,
    0x00, 0x00, 0x00, 0x00, 0x00, 0x00, 0x00, 0x00, 0x00, 0x00, 0x00, 0x00,
    0x00, 0x00, 0x00, 0x00, 0x00, 0x00, 0x00, 0x00, 0x00, 0x00, 0x00, 0x00,
    0x00, 0x00, 0x00, 0x00, 0x00, 0x00, 0x00, 0x00, 0x00, 0x00, 0x00, 0x00,
    0x00, 0x00, 0x00, 0x00, 0x00, 0x00, 0x00, 0x00, 0x00, 0x00, 0x00, 0x00,
    0x00, 0x00, 0x00, 0x00, 0x00, 0x00, 0x00, 0x00, 0x00, 0x00, 0x00, 0x00,
    0x00, 0x00, 0x00, 0x00, 0x00, 0x00, 0x00, 0x00, 0x00, 0x00, 0x00, 0x00,
    0x00, 0x00, 0x00, 0x00, 0x00, 0x00, 0x00, 0x00, 0x00, 0x00, 0x00, 0x00,
    0x00, 0x00, 0x00, 0x00,
};
const lv_image_dsc_t launcher_icon_files = {
    .header.magic = LV_IMAGE_HEADER_MAGIC,
    .header.cf = LV_COLOR_FORMAT_ARGB8888,
    .header.flags = 0,
    .header.w = 40,
    .header.h = 40,
    .header.stride = 160,
    .data_size = 6400,
    .data = icon_files_data,
};

static const uint8_t icon_reader_data[6400] = {
    0x00, 0x00, 0x00, 0x00, 0x00, 0x00, 0x00, 0x00, 0x00, 0x00, 0x00, 0x00,
    0x00, 0x00, 0x00, 0x00, 0x00, 0x00, 0x00, 0x00, 0x00, 0x00, 0x00, 0x00,
    0x00, 0x00, 0x00, 0x00, 0x00, 0x00, 0x00, 0x00, 0x00, 0x00, 0x00, 0x00,
    0x00, 0x00, 0x00, 0x00, 0x00, 0x00, 0x00, 0x00, 0x00, 0x00, 0x00, 0x00,
    0x00, 0x00, 0x00, 0x00, 0x00, 0x00, 0x00, 0x00, 0x00, 0x00, 0x00, 0x00,
    0x00, 0x00, 0x00, 0x00, 0x00, 0x00, 0x00, 0x00, 0x00, 0x00, 0x00, 0x00,
    0x00, 0x00, 0x00, 0x00, 0x00, 0x00, 0x00, 0x00, 0x00, 0x00, 0x00, 0x00,
    0x00, 0x00, 0x00, 0x00, 0x00, 0x00, 0x00, 0x00, 0x00, 0x00, 0x00, 0x00,
    0x00, 0x00, 0x00, 0x00, 0x00, 0x00, 0x00, 0x00, 0x00, 0x00, 0x00, 0x00,
    0x00, 0x00, 0x00, 0x00, 0x00, 0x00, 0x00, 0x00, 0x00, 0x00, 0x00, 0x00,
    0x00, 0x00, 0x00, 0x00, 0x00, 0x00, 0x00, 0x00, 0x00, 0x00, 0x00, 0x00,
    0x00, 0x00, 0x00, 0x00, 0x00, 0x00, 0x00, 0x00, 0x00, 0x00, 0x00, 0x00,
    0x00, 0x00, 0x00, 0x00, 0x00, 0x00, 0x00, 0x00, 0x00, 0x00, 0x00, 0x00,
    0x00, 0x00, 0x00, 0x00, 0x00, 0x00, 0x00, 0x00, 0x00, 0x00, 0x00, 0x00,
    0x00, 0x00, 0x00, 0x00, 0x00, 0x00, 0x00, 0x00, 0x00, 0x00, 0x00, 0x00,
    0x00, 0x00, 0x00, 0x00, 0x00, 0x00, 0x00, 0x00, 0x00, 0x00, 0x00, 0x00,
    0x00, 0x00, 0x00, 0x00, 0x00, 0x00, 0x00, 0x00, 0x00, 0x00, 0x00, 0x00,
    0x00, 0x00, 0x00, 0x00, 0x00, 0x00, 0x00, 0x00, 0x00, 0x00, 0x00, 0x00,
    0x00, 0x00, 0x00, 0x00, 0x00, 0x00, 0x00, 0x00, 0x00, 0x00, 0x00, 0x00,
    0x00, 0x00, 0x00, 0x00, 0x00, 0x00, 0x00, 0x00, 0x00, 0x00, 0x00, 0x00,
    0x00, 0x00, 0x00, 0x00, 0x00, 0x00, 0x00, 0x00, 0x00, 0x00, 0x00, 0x00,
    0x00, 0x00, 0x00, 0x00, 0x00, 0x00, 0x00, 0x00, 0x00, 0x00, 0x00, 0x00,
    0x00, 0x00, 0x00, 0x00, 0x00, 0x00, 0x00, 0x00, 0x00, 0x00, 0x00, 0x00,
    0x00, 0x00, 0x00, 0x00, 0x00, 0x00, 0x00, 0x00, 0x00, 0x00, 0x00, 0x00,
    0x00, 0x00, 0x00, 0x00, 0x00, 0x00, 0x00, 0x00, 0x00, 0x00, 0x00, 0x00,
    0x00, 0x00, 0x00, 0x00, 0x00, 0x00, 0x00, 0x00, 0x00, 0x00, 0x00, 0x00,
    0x00, 0x00, 0x00, 0x00, 0x00, 0x00, 0x00, 0x00, 0x00, 0x00, 0x00, 0x00,
    0x00, 0x00, 0x00, 0x00, 0x00, 0x00, 0x00, 0x00, 0x00, 0x00, 0x00, 0x00,
    0x00, 0x00, 0x00, 0x00, 0x00, 0x00, 0x00, 0x00, 0x00, 0x00, 0x00, 0x00,
    0x00, 0x00, 0x00, 0x00, 0x00, 0x00, 0x00, 0x00, 0x00, 0x00, 0x00, 0x00,
    0x00, 0x00, 0x00, 0x00, 0x00, 0x00, 0x00, 0x00, 0x00, 0x00, 0x00, 0x00,
    0x00, 0x00, 0x00, 0x00, 0x00, 0x00, 0x00, 0x00, 0x00, 0x00, 0x00, 0x00,
    0x00, 0x00, 0x00, 0x00, 0x00, 0x00, 0x00, 0x00, 0x00, 0x00, 0x00, 0x00,
    0x00, 0x00, 0x00, 0x00, 0x00, 0x00, 0x00, 0x00, 0x00, 0x00, 0x00, 0x00,
    0x00, 0x00, 0x00, 0x00, 0x00, 0x00, 0x00, 0x00, 0x00, 0x00, 0x00, 0x00,
    0x00, 0x00, 0x00, 0x00, 0x00, 0x00, 0x00, 0x00, 0x00, 0x00, 0x00, 0x00,
    0x00, 0x00, 0x00, 0x00, 0x00, 0x00, 0x00, 0x00, 0x00, 0x00, 0x00, 0x00,
    0x00, 0x00, 0x00, 0x00, 0x00, 0x00, 0x00, 0x00, 0x00, 0x00, 0x00, 0x00,
    0x00, 0x00, 0x00, 0x00, 0x00, 0x00, 0x00, 0x00, 0x00, 0x00, 0x00, 0x00,
    0x00, 0x00, 0x00, 0x00, 0x00, 0x00, 0x00, 0x00, 0x00, 0x00, 0x00, 0x00,
    0x00, 0x00, 0x00, 0x00, 0x00, 0x00, 0x00, 0x00, 0x00, 0x00, 0x00, 0x00,
    0x00, 0x00, 0x00, 0x00, 0x00, 0x00, 0x00, 0x00, 0x00, 0x00, 0x00, 0x00,
    0x00, 0x00, 0x00, 0x00, 0x00, 0x00, 0x00, 0x00, 0x00, 0x00, 0x00, 0x00,
    0x00, 0x00, 0x00, 0x00, 0x00, 0x00, 0x00, 0x00, 0x00, 0x00, 0x00, 0x00,
    0x00, 0x00, 0x00, 0x00, 0x00, 0x00, 0x00, 0x00, 0x00, 0x00, 0x00, 0x00,
    0x00, 0x00, 0x00, 0x00, 0x00, 0x00, 0x00, 0x00, 0x00, 0x00, 0x00, 0x00,
    0x00, 0x00, 0x00, 0x00, 0x00, 0x00, 0x00, 0x00, 0x00, 0x00, 0x00, 0x00,
    0x00, 0x00, 0x00, 0x00, 0x00, 0x00, 0x00, 0x00, 0x00, 0x00, 0x00, 0x00,
    0x00, 0x00, 0x00, 0x00, 0x00, 0x00, 0x00, 0x00, 0x00, 0x00, 0x00, 0x00,
    0x00, 0x00, 0x00, 0x00, 0x00, 0x00, 0x00, 0x00, 0x00, 0x00, 0x00, 0x00,
    0x00, 0x00, 0x00, 0x00, 0x00, 0x00, 0x00, 0x00, 0x00, 0x00, 0x00, 0x00,
    0x00, 0x00, 0x00, 0x00, 0x00, 0x00, 0x00, 0x00, 0x00, 0x00, 0x00, 0x00,
    0x00, 0x00, 0x00, 0x00, 0x00, 0x00, 0x00, 0x00, 0x00, 0x00, 0x00, 0x00,
    0x00, 0x00, 0x00, 0x00, 0x00, 0x00, 0x00, 0x00, 0x00, 0x00, 0x00, 0x00,
    0x00, 0x00, 0x00, 0x00, 0x00, 0x00, 0x00, 0x00, 0x00, 0x00, 0x00, 0x00,
    0x00, 0x00, 0x00, 0x00, 0x00, 0x00, 0x00, 0x00, 0x00, 0x00, 0x00, 0x00,
    0x00, 0x00, 0x00, 0x00, 0x00, 0x00, 0x00, 0x00, 0x00, 0x00, 0x00, 0x00,
    0x00, 0x00, 0x00, 0x00, 0x00, 0x00, 0x00, 0x00, 0x00, 0x00, 0x00, 0x00,
    0x00, 0x00, 0x00, 0x00, 0x00, 0x00, 0x00, 0x00, 0x00, 0x00, 0x00, 0x00,
    0x00, 0x00, 0x00, 0x00, 0x00, 0x00, 0x00, 0x00, 0x00, 0x00, 0x00, 0x00,
    0x00, 0x00, 0x00, 0x00, 0x00, 0x00, 0x00, 0x00, 0x00, 0x00, 0x00, 0x00,
    0x00, 0x00, 0x00, 0x00, 0x00, 0x00, 0x00, 0x00, 0x00, 0x00, 0x00, 0x00,
    0x00, 0x00, 0x00, 0x00, 0x00, 0x00, 0x00, 0x00, 0x00, 0x00, 0x00, 0x00,
    0x00, 0x00, 0x00, 0x00, 0x00, 0x00, 0x00, 0x00, 0x00, 0x00, 0x00, 0x00,
    0x00, 0x00, 0x00, 0x00, 0x00, 0x00, 0x00, 0x00, 0x00, 0x00, 0x00, 0x00,
    0x00, 0x00, 0x00, 0x00, 0x00, 0x00, 0x00, 0x00, 0x00, 0x00, 0x00, 0x00,
    0x00, 0x00, 0x00, 0x00, 0x00, 0x00, 0x00, 0x00, 0x00, 0x00, 0x00, 0x00,
    0x00, 0x00, 0x00, 0x00, 0x00, 0x00, 0x00, 0x00, 0x00, 0x00, 0x00, 0x00,
    0x00, 0x00, 0x00, 0x00, 0x00, 0x00, 0x00, 0x00, 0x00, 0x00, 0x00, 0x00,
    0x00, 0x00, 0x00, 0x00, 0xa2, 0x5f, 0xff, 0x01, 0xa2, 0x5f, 0xff, 0x01,
    0xa2, 0x5f, 0xff, 0x01, 0xa2, 0x5f, 0xff, 0x02, 0xa2, 0x5f, 0xff, 0x02,
    0xa2, 0x5f, 0xff, 0x02, 0xa2, 0x5f, 0xff, 0x02, 0xa2, 0x5f, 0xff, 0x02,
    0xa2, 0x5f, 0xff, 0x02, 0xa2, 0x5f, 0xff, 0x02, 0xa2, 0x5f, 0xff, 0x02,
    0xa2, 0x5f, 0xff, 0x02, 0xa2, 0x5f, 0xff, 0x02, 0xa2, 0x5f, 0xff, 0x02,
    0xa2, 0x5f, 0xff, 0x02, 0xa2, 0x5f, 0xff, 0x02, 0xa2, 0x5f, 0xff, 0x02,
    0xa2, 0x5f, 0xff, 0x02, 0xa2, 0x5f, 0xff, 0x02, 0xa2, 0x5f, 0xff, 0x02,
    0xa2, 0x5f, 0xff, 0x02, 0xa2, 0x5f, 0xff, 0x01, 0xa2, 0x5f, 0xff, 0x01,
    0xa2, 0x5f, 0xff, 0x01, 0x00, 0x00, 0x00, 0x00, 0x00, 0x00, 0x00, 0x00,
    0x00, 0x00, 0x00, 0x00, 0x00, 0x00, 0x00, 0x00, 0x00, 0x00, 0x00, 0x00,
    0x00, 0x00, 0x00, 0x00, 0x00, 0x00, 0x00, 0x00, 0x00, 0x00, 0x00, 0x00,
    0x00, 0x00, 0x00, 0x00, 0x00, 0x00, 0x00, 0x00, 0x00, 0x00, 0x00, 0x00,
    0x00, 0x00, 0x00, 0x00, 0x00, 0x00, 0x00, 0x00, 0x00, 0x00, 0x00, 0x00,
    0xa2, 0x5f, 0xff, 0x01, 0xa2, 0x5f, 0xff, 0x03, 0xa2, 0x5f, 0xff, 0x04,
    0xa2, 0x5f, 0xff, 0x06, 0xa2, 0x5f, 0xff, 0x07, 0xa2, 0x5f, 0xff, 0x08,
    0xa2, 0x5f, 0xff, 0x08, 0xa2, 0x5f, 0xff, 0x08, 0xa2, 0x5f, 0xff, 0x08,
    0xa2, 0x5f, 0xff, 0x08, 0xa2, 0x5f, 0xff, 0x08, 0xa2, 0x5f, 0xff, 0x08,
    0xa2, 0x5f, 0xff, 0x08, 0xa2, 0x5f, 0xff, 0x09, 0xa2, 0x5f, 0xff, 0x09,
    0xa2, 0x5f, 0xff, 0x09, 0xa2, 0x5f, 0xff, 0x09, 0xa2, 0x5f, 0xff, 0x09,
    0xa2, 0x5f, 0xff, 0x08, 0xa2, 0x5f, 0xff, 0x08, 0xa2, 0x5f, 0xff, 0x08,
    0xa2, 0x5f, 0xff, 0x08, 0xa2, 0x5f, 0xff, 0x08, 0xa2, 0x5f, 0xff, 0x07,
    0xa2, 0x5f, 0xff, 0x06, 0xa2, 0x5f, 0xff, 0x04, 0xa2, 0x5f, 0xff, 0x03,
    0xa2, 0x5f, 0xff, 0x01, 0x00, 0x00, 0x00, 0x00, 0x00, 0x00, 0x00, 0x00,
    0x00, 0x00, 0x00, 0x00, 0x00, 0x00, 0x00, 0x00, 0x00, 0x00, 0x00, 0x00,
    0x00, 0x00, 0x00, 0x00, 0x00, 0x00, 0x00, 0x00, 0x00, 0x00, 0x00, 0x00,
    0x00, 0x00, 0x00, 0x00, 0x00, 0x00, 0x00, 0x00, 0x00, 0x00, 0x00, 0x00,
    0xa2, 0x5f, 0xff, 0x02, 0xa2, 0x5f, 0xff, 0x05, 0xa2, 0x5f, 0xff, 0x09,
    0xa2, 0x5f, 0xff, 0x0d, 0xa2, 0x5f, 0xff, 0x11, 0xa2, 0x5f, 0xff, 0x14,
    0xa2, 0x5f, 0xff, 0x16, 0xa2, 0x5f, 0xff, 0x16, 0xa2, 0x5f, 0xff, 0x17,
    0xa2, 0x5f, 0xff, 0x17, 0xa2, 0x5f, 0xff, 0x16, 0xa2, 0x5f, 0xff, 0x16,
    0xa2, 0x5f, 0xff, 0x16, 0xa0, 0x5e, 0xfd, 0x18, 0x9f, 0x5d, 0xfa, 0x1c,
    0xa3, 0x5f, 0xff, 0x1f, 0x9f, 0x5d, 0xfa, 0x1d, 0xa0, 0x5e, 0xfd, 0x1a,
    0xa2, 0x5f, 0xff, 0x18, 0xa2, 0x5f, 0xff, 0x17, 0xa2, 0x5f, 0xff, 0x17,
    0xa2, 0x5f, 0xff, 0x17, 0xa2, 0x5f, 0xff, 0x16, 0xa2, 0x5f, 0xff, 0x16,
    0xa2, 0x5f, 0xff, 0x14, 0xa2, 0x5f, 0xff, 0x11, 0xa2, 0x5f, 0xff, 0x0d,
    0xa2, 0x5f, 0xff, 0x09, 0xa2, 0x5f, 0xff, 0x05, 0xa2, 0x5f, 0xff, 0x02,
    0x00, 0x00, 0x00, 0x00, 0x00, 0x00, 0x00, 0x00, 0x00, 0x00, 0x00, 0x00,
    0x00, 0x00, 0x00, 0x00, 0x00, 0x00, 0x00, 0x00, 0x00, 0x00, 0x00, 0x00,
    0x00, 0x00, 0x00, 0x00, 0x00, 0x00, 0x00, 0x00, 0x00, 0x00, 0x00, 0x00,
    0xa2, 0x5f, 0xff, 0x01, 0xa2, 0x5f, 0xff, 0x05, 0xa0, 0x5e, 0xfd, 0x0d,
    0xa4, 0x60, 0xff, 0x1b, 0xa2, 0x5f, 0xff, 0x2c, 0xa1, 0x5e, 0xfd, 0x39,
    0xa1, 0x5e, 0xfd, 0x41, 0xa2, 0x5f, 0xff, 0x44, 0xa2, 0x5f, 0xff, 0x45,
    0xa2, 0x5f, 0xff, 0x45, 0xa2, 0x5f, 0xff, 0x45, 0xa2, 0x5f, 0xff, 0x44,
    0xa2, 0x5f, 0xff, 0x43, 0xa2, 0x5f, 0xff, 0x40, 0xa0, 0x5e, 0xfd, 0x42,
    0xa1, 0x5e, 0xfe, 0x45, 0xa2, 0x5f, 0xff, 0x4d, 0xa2, 0x5f, 0xff, 0x4d,
    0xa1, 0x5e, 0xfe, 0x4c, 0xa2, 0x5f, 0xff, 0x47, 0xa2, 0x5f, 0xff, 0x46,
    0xa2, 0x5f, 0xff, 0x46, 0xa2, 0x5f, 0xff, 0x45, 0xa2, 0x5f, 0xff, 0x45,
    0xa2, 0x5f, 0xff, 0x44, 0xa1, 0x5e, 0xfd, 0x41, 0xa1, 0x5e, 0xfd, 0x39,
    0xa2, 0x5f, 0xff, 0x2c, 0xa4, 0x60, 0xff, 0x1b, 0xa0, 0x5e, 0xfd, 0x0d,
    0xa2, 0x5f, 0xff, 0x05, 0xa2, 0x5f, 0xff, 0x01, 0x00, 0x00, 0x00, 0x00,
    0x00, 0x00, 0x00, 0x00, 0x00, 0x00, 0x00, 0x00, 0x00, 0x00, 0x00, 0x00,
    0x00, 0x00, 0x00, 0x00, 0x00, 0x00, 0x00, 0x00, 0x00, 0x00, 0x00, 0x00,
    0x00, 0x00, 0x00, 0x00, 0xa2, 0x5f, 0xff, 0x03, 0xa2, 0x5f, 0xff, 0x09,
    0xa4, 0x60, 0xff, 0x1b, 0xa0, 0x5e, 0xfd, 0x39, 0xa1, 0x5e, 0xfd, 0x5d,
    0xa2, 0x5f, 0xff, 0x75, 0xa1, 0x5e, 0xfe, 0x83, 0xa1, 0x5e, 0xfe, 0x87,
    0xa2, 0x5f, 0xff, 0x88, 0xa2, 0x5f, 0xff, 0x89, 0xa2, 0x5f, 0xff, 0x88,
    0xa1, 0x5e, 0xfe, 0x88, 0xa1, 0x5e, 0xfe, 0x86, 0xa2, 0x5f, 0xff, 0x7d,
    0xa1, 0x5e, 0xfe, 0x7c, 0xa1, 0x5e, 0xfe, 0x7c, 0xa2, 0x5f, 0xff, 0xff,
    0xa2, 0x5f, 0xff, 0x8c, 0xa2, 0x5f, 0xff, 0x8e, 0xa2, 0x5f, 0xff, 0x89,
    0xa2, 0x5f, 0xff, 0x89, 0xa2, 0x5f, 0xff, 0x89, 0xa2, 0x5f, 0xff, 0x89,
    0xa2, 0x5f, 0xff, 0x88, 0xa1, 0x5e, 0xfe, 0x87, 0xa1, 0x5e, 0xfe, 0x83,
    0xa2, 0x5f, 0xff, 0x74, 0xa1, 0x5e, 0xfd, 0x5d, 0xa0, 0x5e, 0xfd, 0x39,
    0xa4, 0x60, 0xff, 0x1b, 0xa2, 0x5f, 0xff, 0x09, 0xa2, 0x5f, 0xff, 0x03,
    0x00, 0x00, 0x00, 0x00, 0x00, 0x00, 0x00, 0x00, 0x00, 0x00, 0x00, 0x00,
    0x00, 0x00, 0x00, 0x00, 0x00, 0x00, 0x00, 0x00, 0x00, 0x00, 0x00, 0x00,
    0x00, 0x00, 0x00, 0x00, 0xa2, 0x5f, 0xff, 0x01, 0xa2, 0x5f, 0xff, 0x04,
    0xa2, 0x5f, 0xff, 0x0d, 0xa2, 0x5f, 0xff, 0x2c, 0xa1, 0x5e, 0xfd, 0x5d,
    0xa2, 0x5f, 0xff, 0xff, 0xa2, 0x5f, 0xff, 0xff, 0xa2, 0x5f, 0xff, 0xff,
    0xa2, 0x5f, 0xff, 0xff, 0xa2, 0x5f, 0xff, 0xff, 0xa2, 0x5f, 0xff, 0xff,
    0xa2, 0x5f, 0xff, 0xff, 0xa2, 0x5f, 0xff, 0xff, 0xa2, 0x5f, 0xff, 0xff,
    0xa2, 0x5f, 0xff, 0xff, 0xa2, 0x5f, 0xff, 0xff, 0xa2, 0x5f, 0xff, 0xae,
    0xa2, 0x5f, 0xff, 0xff, 0xa2, 0x5f, 0xff, 0xff, 0xa2, 0x5f, 0xff, 0xff,
    0xa2, 0x5f, 0xff, 0xff, 0xa2, 0x5f, 0xff, 0xff, 0xa2, 0x5f, 0xff, 0xff,
    0xa2, 0x5f, 0xff, 0xff, 0xa2, 0x5f, 0xff, 0xff, 0xa2, 0x5f, 0xff, 0xff,
    0xa2, 0x5f, 0xff, 0xff, 0xa2, 0x5f, 0xff, 0xff, 0xa2, 0x5f, 0xff, 0xff,
    0xa1, 0x5e, 0xfd, 0x5d, 0xa2, 0x5f, 0xff, 0x2c, 0xa2, 0x5f, 0xff, 0x0d,
    0xa2, 0x5f, 0xff, 0x04, 0xa2, 0x5f, 0xff, 0x01, 0x00, 0x00, 0x00, 0x00,
    0x00, 0x00, 0x00, 0x00, 0x00, 0x00, 0x00, 0x00, 0x00, 0x00, 0x00, 0x00,
    0x00, 0x00, 0x00, 0x00, 0x00, 0x00, 0x00, 0x00, 0xa2, 0x5f, 0xff, 0x01,
    0xa2, 0x5f, 0xff, 0x06, 0xa2, 0x5f, 0xff, 0x11, 0xa1, 0x5e, 0xfd, 0x39,
    0xa2, 0x5f, 0xff, 0x75, 0xa2, 0x5f, 0xff, 0xff, 0xa2, 0x5f, 0xff, 0xff,
    0xa2, 0x5f, 0xff, 0xff, 0xa2, 0x5f, 0xff, 0xff, 0xa2, 0x5f, 0xff, 0xff,
    0xa2, 0x5f, 0xff, 0xff, 0xa2, 0x5f, 0xff, 0xff, 0xa2, 0x5f, 0xff, 0xff,
    0xa2, 0x5f, 0xff, 0xff, 0xa2, 0x5f, 0xff, 0xff, 0xa2, 0x5f, 0xff, 0xff,
    0xa2, 0x5f, 0xff, 0xcb, 0xa2, 0x5f, 0xff, 0xff, 0xa2, 0x5f, 0xff, 0xff,
    0xa2, 0x5f, 0xff, 0xff, 0xa2, 0x5f, 0xff, 0xff, 0xa2, 0x5f, 0xff, 0xff,
    0xa2, 0x5f, 0xff, 0xff, 0xa2, 0x5f, 0xff, 0xff, 0xa2, 0x5f, 0xff, 0xff,
    0xa2, 0x5f, 0xff, 0xff, 0xa2, 0x5f, 0xff, 0xff, 0xa2, 0x5f, 0xff, 0xff,
    0xa2, 0x5f, 0xff, 0xff, 0xa2, 0x5f, 0xff, 0x75, 0xa1, 0x5e, 0xfd, 0x39,
    0xa2, 0x5f, 0xff, 0x11, 0xa2, 0x5f, 0xff, 0x06, 0xa2, 0x5f, 0xff, 0x01,
    0x00, 0x00, 0x00, 0x00, 0x00, 0x00, 0x00, 0x00, 0x00, 0x00, 0x00, 0x00,
    0x00, 0x00, 0x00, 0x00, 0x00, 0x00, 0x00, 0x00, 0x00, 0x00, 0x00, 0x00,
    0xa2, 0x5f, 0xff, 0x01, 0xa2, 0x5f, 0xff, 0x07, 0xa2, 0x5f, 0xff, 0x14,
    0xa1, 0x5e, 0xfd, 0x41, 0xa1, 0x5e, 0xfe, 0x83, 0xa2, 0x5f, 0xff, 0xff,
    0xa2, 0x5f, 0xff, 0xff, 0xa2, 0x5f, 0xff, 0xff, 0xa2, 0x5f, 0xff, 0xff,
    0xa2, 0x5f, 0xff, 0xff, 0xa2, 0x5f, 0xff, 0xff, 0xa2, 0x5f, 0xff, 0xff,
    0xa2, 0x5f, 0xff, 0xff, 0xa2, 0x5f, 0xff, 0xff, 0xa2, 0x5f, 0xff, 0xff,
    0xa2, 0x5f, 0xff, 0xff, 0xa2, 0x5f, 0xff, 0xd8, 0xa2, 0x5f, 0xff, 0xff,
    0xa2, 0x5f, 0xff, 0xff, 0xa2, 0x5f, 0xff, 0xff, 0xa2, 0x5f, 0xff, 0xff,
    0xa2, 0x5f, 0xff, 0xff, 0xa2, 0x5f, 0xff, 0xff, 0xa2, 0x5f, 0xff, 0xff,
    0xa2, 0x5f, 0xff, 0xff, 0xa2, 0x5f, 0xff, 0xff, 0xa2, 0x5f, 0xff, 0xff,
    0xa2, 0x5f, 0xff, 0xff, 0xa2, 0x5f, 0xff, 0xff, 0xa1, 0x5e, 0xfe, 0x83,
    0xa1, 0x5e, 0xfd, 0x41, 0xa2, 0x5f, 0xff, 0x14, 0xa2, 0x5f, 0xff, 0x07,
    0xa2, 0x5f, 0xff, 0x01, 0x00, 0x00, 0x00, 0x00, 0x00, 0x00, 0x00, 0x00,
    0x00, 0x00, 0x00, 0x00, 0x00, 0x00, 0x00, 0x00, 0x00, 0x00, 0x00, 0x00,
    0x00, 0x00, 0x00, 0x00, 0xa2, 0x5f, 0xff, 0x02, 0xa2, 0x5f, 0xff, 0x08,
    0xa2, 0x5f, 0xff, 0x16, 0xa2, 0x5f, 0xff, 0x44, 0xa1, 0x5e, 0xfe, 0x87,
    0xa2, 0x5f, 0xff, 0xff, 0xa2, 0x5f, 0xff, 0xff, 0xa2, 0x5f, 0xff, 0xff,
    0xa2, 0x5f, 0xff, 0xff, 0xa2, 0x5f, 0xff, 0xff, 0xa2, 0x5f, 0xff, 0xff,
    0xa2, 0x5f, 0xff, 0xff, 0xa2, 0x5f, 0xff, 0xff, 0xa2, 0x5f, 0xff, 0xff,
    0xa2, 0x5f, 0xff, 0xff, 0xa2, 0x5f, 0xff, 0xff, 0xa1, 0x5e, 0xfe, 0xdd,
    0xa2, 0x5f, 0xff, 0xff, 0xa2, 0x5f, 0xff, 0xff, 0xa2, 0x5f, 0xff, 0xff,
    0xa2, 0x5f, 0xff, 0xff, 0xa2, 0x5f, 0xff, 0xff, 0xa2, 0x5f, 0xff, 0xff,
    0xa2, 0x5f, 0xff, 0xff, 0xa2, 0x5f, 0xff, 0xff, 0xa2, 0x5f, 0xff, 0xff,
    0xa2, 0x5f, 0xff, 0xff, 0xa2, 0x5f, 0xff, 0xff, 0xa2, 0x5f, 0xff, 0xff,
    0xa1, 0x5e, 0xfe, 0x87, 0xa2, 0x5f, 0xff, 0x44, 0xa2, 0x5f, 0xff, 0x16,
    0xa2, 0x5f, 0xff, 0x08, 0xa2, 0x5f, 0xff, 0x02, 0x00, 0x00, 0x00, 0x00,
    0x00, 0x00, 0x00, 0x00, 0x00, 0x00, 0x00, 0x00, 0x00, 0x00, 0x00, 0x00,
    0x00, 0x00, 0x00, 0x00, 0x00, 0x00, 0x00, 0x00, 0xa2, 0x5f, 0xff, 0x02,
    0xa2, 0x5f, 0xff, 0x08, 0xa2, 0x5f, 0xff, 0x16, 0xa2, 0x5f, 0xff, 0x45,
    0xa2, 0x5f, 0xff, 0x88, 0xa2, 0x5f, 0xff, 0xff, 0xa2, 0x5f, 0xff, 0xff,
    0xa2, 0x5f, 0xff, 0xff, 0xa2, 0x5f, 0xff, 0xff, 0xa2, 0x5f, 0xff, 0xff,
    0xa2, 0x5f, 0xff, 0xff, 0xa2, 0x5f, 0xff, 0xff, 0xa2, 0x5f, 0xff, 0xff,
    0xa2, 0x5f, 0xff, 0xff, 0xa2, 0x5f, 0xff, 0xff, 0xa2, 0x5f, 0xff, 0xff,
    0xa2, 0x5f, 0xff, 0xde, 0xa2, 0x5f, 0xff, 0xff, 0xa2, 0x5f, 0xff, 0xff,
    0xa2, 0x5f, 0xff, 0xff, 0xa2, 0x5f, 0xff, 0xff, 0xa2, 0x5f, 0xff, 0xff,
    0xa2, 0x5f, 0xff, 0xff, 0xa2, 0x5f, 0xff, 0xff, 0xa2, 0x5f, 0xff, 0xff,
    0xa2, 0x5f, 0xff, 0xff, 0xa2, 0x5f, 0xff, 0xff, 0xa2, 0x5f, 0xff, 0xff,
    0xa2, 0x5f, 0xff, 0xff, 0xa2, 0x5f, 0xff, 0x88, 0xa2, 0x5f, 0xff, 0x45,
    0xa2, 0x5f, 0xff, 0x16, 0xa2, 0x5f, 0xff, 0x08, 0xa2, 0x5f, 0xff, 0x02,
    0x00, 0x00, 0x00, 0x00, 0x00, 0x00, 0x00, 0x00, 0x00, 0x00, 0x00, 0x00,
    0x00, 0x00, 0x00, 0x00, 0x00, 0x00, 0x00, 0x00, 0x00, 0x00, 0x00, 0x00,
    0xa2, 0x5f, 0xff, 0x02, 0xa2, 0x5f, 0xff, 0x08, 0xa2, 0x5f, 0xff, 0x17,
    0xa2, 0x5f, 0xff, 0x45, 0xa2, 0x5f, 0xff, 0x89, 0xa2, 0x5f, 0xff, 0xff,
    0xa2, 0x5f, 0xff, 0xff, 0xa2, 0x5f, 0xff, 0xff, 0xa2, 0x5f, 0xff, 0xff,
    0xa2, 0x5f, 0xff, 0xff, 0xa2, 0x5f, 0xff, 0xff, 0xa2, 0x5f, 0xff, 0xff,
    0xa2, 0x5f, 0xff, 0xff, 0xa2, 0x5f, 0xff, 0xff, 0xa2, 0x5f, 0xff, 0xff,
    0xa2, 0x5f, 0xff, 0xff, 0xa1, 0x5e, 0xfe, 0xdf, 0xa2, 0x5f, 0xff, 0xff,
    0xa2, 0x5f, 0xff, 0xff, 0xa2, 0x5f, 0xff, 0xff, 0xa2, 0x5f, 0xff, 0xff,
    0xa2, 0x5f, 0xff, 0xff, 0xa2, 0x5f, 0xff, 0xff, 0xa2, 0x5f, 0xff, 0xff,
    0xa2, 0x5f, 0xff, 0xff, 0xa2, 0x5f, 0xff, 0xff, 0xa2, 0x5f, 0xff, 0xff,
    0xa2, 0x5f, 0xff, 0xff, 0xa2, 0x5f, 0xff, 0xff, 0xa2, 0x5f, 0xff, 0x89,
    0xa2, 0x5f, 0xff, 0x45, 0xa2, 0x5f, 0xff, 0x17, 0xa2, 0x5f, 0xff, 0x08,
    0xa2, 0x5f, 0xff, 0x02, 0x00, 0x00, 0x00, 0x00, 0x00, 0x00, 0x00, 0x00,
    0x00, 0x00, 0x00, 0x00, 0x00, 0x00, 0x00, 0x00, 0x00, 0x00, 0x00, 0x00,
    0x00, 0x00, 0x00, 0x00, 0xa2, 0x5f, 0xff, 0x02, 0xa2, 0x5f, 0xff, 0x08,
    0xa2, 0x5f, 0xff, 0x17, 0xa2, 0x5f, 0xff, 0x45, 0xa2, 0x5f, 0xff, 0x89,
    0xa2, 0x5f, 0xff, 0xff, 0xa2, 0x5f, 0xff, 0xff, 0xa2, 0x5f, 0xff, 0xff,
    0xa2, 0x5f, 0xff, 0xff, 0xa2, 0x5f, 0xff, 0xff, 0xa2, 0x5f, 0xff, 0xff,
    0xa2, 0x5f, 0xff, 0xff, 0xa2, 0x5f, 0xff, 0xff, 0xa2, 0x5f, 0xff, 0xff,
    0xa2, 0x5f, 0xff, 0xff, 0xa2, 0x5f, 0xff, 0xff, 0xa1, 0x5e, 0xfe, 0xdf,
    0xa2, 0x5f, 0xff, 0xff, 0xa2, 0x5f, 0xff, 0xff, 0xa2, 0x5f, 0xff, 0xff,
    0xa2, 0x5f, 0xff, 0xff, 0xa2, 0x5f, 0xff, 0xff, 0xa2, 0x5f, 0xff, 0xff,
    0xa2, 0x5f, 0xff, 0xff, 0xa2, 0x5f, 0xff, 0xff, 0xa2, 0x5f, 0xff, 0xff,
    0xa2, 0x5f, 0xff, 0xff, 0xa2, 0x5f, 0xff, 0xff, 0xa2, 0x5f, 0xff, 0xff,
    0xa2, 0x5f, 0xff, 0x89, 0xa2, 0x5f, 0xff, 0x45, 0xa2, 0x5f, 0xff, 0x17,
    0xa2, 0x5f, 0xff, 0x08, 0xa2, 0x5f, 0xff, 0x02, 0x00, 0x00, 0x00, 0x00,
    0x00, 0x00, 0x00, 0x00, 0x00, 0x00, 0x00, 0x00, 0x00, 0x00, 0x00, 0x00,
    0x00, 0x00, 0x00, 0x00, 0x00, 0x00, 0x00, 0x00, 0xa2, 0x5f, 0xff, 0x02,
    0xa2, 0x5f, 0xff, 0x08, 0xa2, 0x5f, 0xff, 0x17, 0xa2, 0x5f, 0xff, 0x45,
    0xa2, 0x5f, 0xff, 0x89, 0xa2, 0x5f, 0xff, 0xff, 0xa2, 0x5f, 0xff, 0xff,
    0xa2, 0x5f, 0xff, 0xff, 0xa2, 0x5f, 0xff, 0xff, 0xa2, 0x5f, 0xff, 0xff,
    0xa2, 0x5f, 0xff, 0xff, 0xa2, 0x5f, 0xff, 0xff, 0xa2, 0x5f, 0xff, 0xff,
    0xa2, 0x5f, 0xff, 0xff, 0xa2, 0x5f, 0xff, 0xff, 0xa2, 0x5f, 0xff, 0xff,
    0xa1, 0x5e, 0xfe, 0xdf, 0xa2, 0x5f, 0xff, 0xff, 0xa2, 0x5f, 0xff, 0xff,
    0xa2, 0x5f, 0xff, 0xff, 0xa2, 0x5f, 0xff, 0xff, 0xa2, 0x5f, 0xff, 0xff,
    0xa2, 0x5f, 0xff, 0xff, 0xa2, 0x5f, 0xff, 0xff, 0xa2, 0x5f, 0xff, 0xff,
    0xa2, 0x5f, 0xff, 0xff, 0xa2, 0x5f, 0xff, 0xff, 0xa2, 0x5f, 0xff, 0xff,
    0xa2, 0x5f, 0xff, 0xff, 0xa2, 0x5f, 0xff, 0x89, 0xa2, 0x5f, 0xff, 0x45,
    0xa2, 0x5f, 0xff, 0x17, 0xa2, 0x5f, 0xff, 0x08, 0xa2, 0x5f, 0xff, 0x02,
    0x00, 0x00, 0x00, 0x00, 0x00, 0x00, 0x00, 0x00, 0x00, 0x00, 0x00, 0x00,
    0x00, 0x00, 0x00, 0x00, 0x00, 0x00, 0x00, 0x00, 0x00, 0x00, 0x00, 0x00,
    0xa2, 0x5f, 0xff, 0x02, 0xa2, 0x5f, 0xff, 0x08, 0xa2, 0x5f, 0xff, 0x17,
    0xa2, 0x5f, 0xff, 0x45, 0xa2, 0x5f, 0xff, 0x89, 0xa2, 0x5f, 0xff, 0xff,
    0xa2, 0x5f, 0xff, 0xff, 0xa2, 0x5f, 0xff, 0xff, 0xff, 0x4c, 0xb1, 0xff,
    0xff, 0x4c, 0xb1, 0xff, 0xff, 0x4c, 0xb1, 0xff, 0xff, 0x4c, 0xb1, 0xff,
    0xff, 0x4c, 0xb1, 0xff, 0xff, 0x4c, 0xb1, 0xff, 0xa2, 0x5f, 0xff, 0xff,
    0xa2, 0x5f, 0xff, 0xff, 0xa1, 0x5e, 0xfe, 0xdf, 0xa2, 0x5f, 0xff, 0xff,
    0xa2, 0x5f, 0xff, 0xff, 0xa2, 0x5f, 0xff, 0xff, 0xff, 0x4c, 0xb1, 0xff,
    0xff, 0x4c, 0xb1, 0xff, 0xff, 0x4c, 0xb1, 0xff, 0xff, 0x4c, 0xb1, 0xff,
    0xff, 0x4c, 0xb1, 0xff, 0xff, 0x4c, 0xb1, 0xff, 0xa2, 0x5f, 0xff, 0xff,
    0xa2, 0x5f, 0xff, 0xff, 0xa2, 0x5f, 0xff, 0xff, 0xa2, 0x5f, 0xff, 0x89,
    0xa2, 0x5f, 0xff, 0x45, 0xa2, 0x5f, 0xff, 0x17, 0xa2, 0x5f, 0xff, 0x08,
    0xa2, 0x5f, 0xff, 0x02, 0x00, 0x00, 0x00, 0x00, 0x00, 0x00, 0x00, 0x00,
    0x00, 0x00, 0x00, 0x00, 0x00, 0x00, 0x00, 0x00, 0x00, 0x00, 0x00, 0x00,
    0x00, 0x00, 0x00, 0x00, 0xa2, 0x5f, 0xff, 0x02, 0xa2, 0x5f, 0xff, 0x08,
    0xa2, 0x5f, 0xff, 0x17, 0xa2, 0x5f, 0xff, 0x45, 0xa2, 0x5f, 0xff, 0x89,
    0xa2, 0x5f, 0xff, 0xff, 0xa2, 0x5f, 0xff, 0xff, 0xa2, 0x5f, 0xff, 0xff,
    0xa2, 0x5f, 0xff, 0xff, 0xa2, 0x5f, 0xff, 0xff, 0xa2, 0x5f, 0xff, 0xff,
    0xa2, 0x5f, 0xff, 0xff, 0xa2, 0x5f, 0xff, 0xff, 0xa2, 0x5f, 0xff, 0xff,
    0xa2, 0x5f, 0xff, 0xff, 0xa2, 0x5f, 0xff, 0xff, 0xa1, 0x5e, 0xfe, 0xdf,
    0xa2, 0x5f, 0xff, 0xff, 0xa2, 0x5f, 0xff, 0xff, 0xa2, 0x5f, 0xff, 0xff,
    0xa2, 0x5f, 0xff, 0xff, 0xa2, 0x5f, 0xff, 0xff, 0xa2, 0x5f, 0xff, 0xff,
    0xa2, 0x5f, 0xff, 0xff, 0xa2, 0x5f, 0xff, 0xff, 0xa2, 0x5f, 0xff, 0xff,
    0xa2, 0x5f, 0xff, 0xff, 0xa2, 0x5f, 0xff, 0xff, 0xa2, 0x5f, 0xff, 0xff,
    0xa2, 0x5f, 0xff, 0x89, 0xa2, 0x5f, 0xff, 0x45, 0xa2, 0x5f, 0xff, 0x17,
    0xa2, 0x5f, 0xff, 0x08, 0xa2, 0x5f, 0xff, 0x02, 0x00, 0x00, 0x00, 0x00,
    0x00, 0x00, 0x00, 0x00, 0x00, 0x00, 0x00, 0x00, 0x00, 0x00, 0x00, 0x00,
    0x00, 0x00, 0x00, 0x00, 0x00, 0x00, 0x00, 0x00, 0xa2, 0x5f, 0xff, 0x02,
    0xa2, 0x5f, 0xff, 0x08, 0xa2, 0x5f, 0xff, 0x17, 0xa2, 0x5f, 0xff, 0x45,
    0xa2, 0x5f, 0xff, 0x89, 0xa2, 0x5f, 0xff, 0xff, 0xa2, 0x5f, 0xff, 0xff,
    0xa2, 0x5f, 0xff, 0xff, 0xa2, 0x5f, 0xff, 0xff, 0xa2, 0x5f, 0xff, 0xff,
    0xa2, 0x5f, 0xff, 0xff, 0xa2, 0x5f, 0xff, 0xff, 0xa2, 0x5f, 0xff, 0xff,
    0xa2, 0x5f, 0xff, 0xff, 0xa2, 0x5f, 0xff, 0xff, 0xa2, 0x5f, 0xff, 0xff,
    0xa1, 0x5e, 0xfe, 0xdf, 0xa2, 0x5f, 0xff, 0xff, 0xa2, 0x5f, 0xff, 0xff,
    0xa2, 0x5f, 0xff, 0xff, 0xa2, 0x5f, 0xff, 0xff, 0xa2, 0x5f, 0xff, 0xff,
    0xa2, 0x5f, 0xff, 0xff, 0xa2, 0x5f, 0xff, 0xff, 0xa2, 0x5f, 0xff, 0xff,
    0xa2, 0x5f, 0xff, 0xff, 0xa2, 0x5f, 0xff, 0xff, 0xa2, 0x5f, 0xff, 0xff,
    0xa2, 0x5f, 0xff, 0xff, 0xa2, 0x5f, 0xff, 0x89, 0xa2, 0x5f, 0xff, 0x45,
    0xa2, 0x5f, 0xff, 0x17, 0xa2, 0x5f, 0xff, 0x08, 0xa2, 0x5f, 0xff, 0x02,
    0x00, 0x00, 0x00, 0x00, 0x00, 0x00, 0x00, 0x00, 0x00, 0x00, 0x00, 0x00,
    0x00, 0x00, 0x00, 0x00, 0x00, 0x00, 0x00, 0x00, 0x00, 0x00, 0x00, 0x00,
    0xa2, 0x5f, 0xff, 0x02, 0xa2, 0x5f, 0xff, 0x08, 0xa2, 0x5f, 0xff, 0x17,
    0xa2, 0x5f, 0xff, 0x45, 0xa2, 0x5f, 0xff, 0x89, 0xa2, 0x5f, 0xff, 0xff,
    0xa2, 0x5f, 0xff, 0xff, 0xa2, 0x5f, 0xff, 0xff, 0xa2, 0x5f, 0xff, 0xff,
    0xa2, 0x5f, 0xff, 0xff, 0xa2, 0x5f, 0xff, 0xff, 0xa2, 0x5f, 0xff, 0xff,
    0xa2, 0x5f, 0xff, 0xff, 0xa2, 0x5f, 0xff, 0xff, 0xa2, 0x5f, 0xff, 0xff,
    0xa2, 0x5f, 0xff, 0xff, 0xa1, 0x5e, 0xfe, 0xdf, 0xa2, 0x5f, 0xff, 0xff,
    0xa2, 0x5f, 0xff, 0xff, 0xa2, 0x5f, 0xff, 0xff, 0xa2, 0x5f, 0xff, 0xff,
    0xa2, 0x5f, 0xff, 0xff, 0xa2, 0x5f, 0xff, 0xff, 0xa2, 0x5f, 0xff, 0xff,
    0xa2, 0x5f, 0xff, 0xff, 0xa2, 0x5f, 0xff, 0xff, 0xa2, 0x5f, 0xff, 0xff,
    0xa2, 0x5f, 0xff, 0xff, 0xa2, 0x5f, 0xff, 0xff, 0xa2, 0x5f, 0xff, 0x89,
    0xa2, 0x5f, 0xff, 0x45, 0xa2, 0x5f, 0xff, 0x17, 0xa2, 0x5f, 0xff, 0x08,
    0xa2, 0x5f, 0xff, 0x02, 0x00, 0x00, 0x00, 0x00, 0x00, 0x00, 0x00, 0x00,
    0x00, 0x00, 0x00, 0x00, 0x00, 0x00, 0x00, 0x00, 0x00, 0x00, 0x00, 0x00,
    0x00, 0x00, 0x00, 0x00, 0xa2, 0x5f, 0xff, 0x02, 0xa2, 0x5f, 0xff, 0x08,
    0xa2, 0x5f, 0xff, 0x17, 0xa2, 0x5f, 0xff, 0x45, 0xa2, 0x5f, 0xff, 0x89,
    0xa2, 0x5f, 0xff, 0xff, 0xa2, 0x5f, 0xff, 0xff, 0xa2, 0x5f, 0xff, 0xff,
    0xa2, 0x5f, 0xff, 0xff, 0xa2, 0x5f, 0xff, 0xff, 0xa2, 0x5f, 0xff, 0xff,
    0xa2, 0x5f, 0xff, 0xff, 0xa2, 0x5f, 0xff, 0xff, 0xa2, 0x5f, 0xff, 0xff,
    0xa2, 0x5f, 0xff, 0xff, 0xa2, 0x5f, 0xff, 0xff, 0xa1, 0x5e, 0xfe, 0xdf,
    0xa2, 0x5f, 0xff, 0xff, 0xa2, 0x5f, 0xff, 0xff, 0xa2, 0x5f, 0xff, 0xff,
    0xa2, 0x5f, 0xff, 0xff, 0xa2, 0x5f, 0xff, 0xff, 0xa2, 0x5f, 0xff, 0xff,
    0xa2, 0x5f, 0xff, 0xff, 0xa2, 0x5f, 0xff, 0xff, 0xa2, 0x5f, 0xff, 0xff,
    0xa2, 0x5f, 0xff, 0xff, 0xa2, 0x5f, 0xff, 0xff, 0xa2, 0x5f, 0xff, 0xff,
    0xa2, 0x5f, 0xff, 0x89, 0xa2, 0x5f, 0xff, 0x45, 0xa2, 0x5f, 0xff, 0x17,
    0xa2, 0x5f, 0xff, 0x08, 0xa2, 0x5f, 0xff, 0x02, 0x00, 0x00, 0x00, 0x00,
    0x00, 0x00, 0x00, 0x00, 0x00, 0x00, 0x00, 0x00, 0x00, 0x00, 0x00, 0x00,
    0x00, 0x00, 0x00, 0x00, 0x00, 0x00, 0x00, 0x00, 0xa2, 0x5f, 0xff, 0x02,
    0xa2, 0x5f, 0xff, 0x08, 0xa2, 0x5f, 0xff, 0x17, 0xa2, 0x5f, 0xff, 0x45,
    0xa2, 0x5f, 0xff, 0x89, 0xa2, 0x5f, 0xff, 0xff, 0xa2, 0x5f, 0xff, 0xff,
    0xa2, 0x5f, 0xff, 0xff, 0xa2, 0x5f, 0xff, 0xff, 0xa2, 0x5f, 0xff, 0xff,
    0xa2, 0x5f, 0xff, 0xff, 0xa2, 0x5f, 0xff, 0xff, 0xa2, 0x5f, 0xff, 0xff,
    0xa2, 0x5f, 0xff, 0xff, 0xa2, 0x5f, 0xff, 0xff, 0xa2, 0x5f, 0xff, 0xff,
    0xa1, 0x5e, 0xfe, 0xdf, 0xa2, 0x5f, 0xff, 0xff, 0xa2, 0x5f, 0xff, 0xff,
    0xa2, 0x5f, 0xff, 0xff, 0xa2, 0x5f, 0xff, 0xff, 0xa2, 0x5f, 0xff, 0xff,
    0xa2, 0x5f, 0xff, 0xff, 0xa2, 0x5f, 0xff, 0xff, 0xa2, 0x5f, 0xff, 0xff,
    0xa2, 0x5f, 0xff, 0xff, 0xa2, 0x5f, 0xff, 0xff, 0xa2, 0x5f, 0xff, 0xff,
    0xa2, 0x5f, 0xff, 0xff, 0xa2, 0x5f, 0xff, 0x89, 0xa2, 0x5f, 0xff, 0x45,
    0xa2, 0x5f, 0xff, 0x17, 0xa2, 0x5f, 0xff, 0x08, 0xa2, 0x5f, 0xff, 0x02,
    0x00, 0x00, 0x00, 0x00, 0x00, 0x00, 0x00, 0x00, 0x00, 0x00, 0x00, 0x00,
    0x00, 0x00, 0x00, 0x00, 0x00, 0x00, 0x00, 0x00, 0x00, 0x00, 0x00, 0x00,
    0xa2, 0x5f, 0xff, 0x02, 0xa2, 0x5f, 0xff, 0x08, 0xa2, 0x5f, 0xff, 0x17,
    0xa2, 0x5f, 0xff, 0x45, 0xa2, 0x5f, 0xff, 0x89, 0xa2, 0x5f, 0xff, 0xff,
    0xa2, 0x5f, 0xff, 0xff, 0xa2, 0x5f, 0xff, 0xff, 0xa2, 0x5f, 0xff, 0xff,
    0xa2, 0x5f, 0xff, 0xff, 0xa2, 0x5f, 0xff, 0xff, 0xa2, 0x5f, 0xff, 0xff,
    0xa2, 0x5f, 0xff, 0xff, 0xa2, 0x5f, 0xff, 0xff, 0xa2, 0x5f, 0xff, 0xff,
    0xa2, 0x5f, 0xff, 0xff, 0xa1, 0x5e, 0xfe, 0xdf, 0xa2, 0x5f, 0xff, 0xff,
    0xa2, 0x5f, 0xff, 0xff, 0xa2, 0x5f, 0xff, 0xff, 0xa2, 0x5f, 0xff, 0xff,
    0xa2, 0x5f, 0xff, 0xff, 0xa2, 0x5f, 0xff, 0xff, 0xa2, 0x5f, 0xff, 0xff,
    0xa2, 0x5f, 0xff, 0xff, 0xa2, 0x5f, 0xff, 0xff, 0xa2, 0x5f, 0xff, 0xff,
    0xa2, 0x5f, 0xff, 0xff, 0xa2, 0x5f, 0xff, 0xff, 0xa2, 0x5f, 0xff, 0x89,
    0xa2, 0x5f, 0xff, 0x45, 0xa2, 0x5f, 0xff, 0x17, 0xa2, 0x5f, 0xff, 0x08,
    0xa2, 0x5f, 0xff, 0x02, 0x00, 0x00, 0x00, 0x00, 0x00, 0x00, 0x00, 0x00,
    0x00, 0x00, 0x00, 0x00, 0x00, 0x00, 0x00, 0x00, 0x00, 0x00, 0x00, 0x00,
    0x00, 0x00, 0x00, 0x00, 0xa2, 0x5f, 0xff, 0x02, 0xa2, 0x5f, 0xff, 0x08,
    0xa2, 0x5f, 0xff, 0x17, 0xa2, 0x5f, 0xff, 0x45, 0xa2, 0x5f, 0xff, 0x89,
    0xa2, 0x5f, 0xff, 0xff, 0xa2, 0x5f, 0xff, 0xff, 0xa2, 0x5f, 0xff, 0xff,
    0xa2, 0x5f, 0xff, 0xff, 0xa2, 0x5f, 0xff, 0xff, 0xa2, 0x5f, 0xff, 0xff,
    0xa2, 0x5f, 0xff, 0xff, 0xa2, 0x5f, 0xff, 0xff, 0xa2, 0x5f, 0xff, 0xff,
    0xa2, 0x5f, 0xff, 0xff, 0xa2, 0x5f, 0xff, 0xff, 0xa1, 0x5e, 0xfe, 0xdf,
    0xa2, 0x5f, 0xff, 0xff, 0xa2, 0x5f, 0xff, 0xff, 0xa2, 0x5f, 0xff, 0xff,
    0xa2, 0x5f, 0xff, 0xff, 0xa2, 0x5f, 0xff, 0xff, 0xa2, 0x5f, 0xff, 0xff,
    0xa2, 0x5f, 0xff, 0xff, 0xa2, 0x5f, 0xff, 0xff, 0xa2, 0x5f, 0xff, 0xff,
    0xa2, 0x5f, 0xff, 0xff, 0xa2, 0x5f, 0xff, 0xff, 0xa2, 0x5f, 0xff, 0xff,
    0xa2, 0x5f, 0xff, 0x89, 0xa2, 0x5f, 0xff, 0x45, 0xa2, 0x5f, 0xff, 0x17,
    0xa2, 0x5f, 0xff, 0x08, 0xa2, 0x5f, 0xff, 0x02, 0x00, 0x00, 0x00, 0x00,
    0x00, 0x00, 0x00, 0x00, 0x00, 0x00, 0x00, 0x00, 0x00, 0x00, 0x00, 0x00,
    0x00, 0x00, 0x00, 0x00, 0x00, 0x00, 0x00, 0x00, 0xa2, 0x5f, 0xff, 0x02,
    0xa2, 0x5f, 0xff, 0x08, 0xa2, 0x5f, 0xff, 0x16, 0xa2, 0x5f, 0xff, 0x45,
    0xa2, 0x5f, 0xff, 0x88, 0xa2, 0x5f, 0xff, 0xff, 0xa2, 0x5f, 0xff, 0xff,
    0xa2, 0x5f, 0xff, 0xff, 0xa2, 0x5f, 0xff, 0xff, 0xa2, 0x5f, 0xff, 0xff,
    0xa2, 0x5f, 0xff, 0xff, 0xa2, 0x5f, 0xff, 0xff, 0xa2, 0x5f, 0xff, 0xff,
    0xa2, 0x5f, 0xff, 0xff, 0xa2, 0x5f, 0xff, 0xff, 0xa2, 0x5f, 0xff, 0xff,
    0xa2, 0x5f, 0xff, 0xde, 0xa2, 0x5f, 0xff, 0xff, 0xa2, 0x5f, 0xff, 0xff,
    0xa2, 0x5f, 0xff, 0xff, 0xa2, 0x5f, 0xff, 0xff, 0xa2, 0x5f, 0xff, 0xff,
    0xa2, 0x5f, 0xff, 0xff, 0xa2, 0x5f, 0xff, 0xff, 0xa2, 0x5f, 0xff, 0xff,
    0xa2, 0x5f, 0xff, 0xff, 0xa2, 0x5f, 0xff, 0xff, 0xa2, 0x5f, 0xff, 0xff,
    0xa2, 0x5f, 0xff, 0xff, 0xa2, 0x5f, 0xff, 0x88, 0xa2, 0x5f, 0xff, 0x45,
    0xa2, 0x5f, 0xff, 0x16, 0xa2, 0x5f, 0xff, 0x08, 0xa2, 0x5f, 0xff, 0x02,
    0x00, 0x00, 0x00, 0x00, 0x00, 0x00, 0x00, 0x00, 0x00, 0x00, 0x00, 0x00,
    0x00, 0x00, 0x00, 0x00, 0x00, 0x00, 0x00, 0x00, 0x00, 0x00, 0x00, 0x00,
    0xa2, 0x5f, 0xff, 0x02, 0xa2, 0x5f, 0xff, 0x08, 0xa2, 0x5f, 0xff, 0x16,
    0xa2, 0x5f, 0xff, 0x44, 0xa1, 0x5e, 0xfe, 0x87, 0xa2, 0x5f, 0xff, 0xff,
    0xa2, 0x5f, 0xff, 0xff, 0xa2, 0x5f, 0xff, 0xff, 0xa2, 0x5f, 0xff, 0xff,
    0xa2, 0x5f, 0xff, 0xff, 0xa2, 0x5f, 0xff, 0xff, 0xa2, 0x5f, 0xff, 0xff,
    0xa2, 0x5f, 0xff, 0xff, 0xa2, 0x5f, 0xff, 0xff, 0xa2, 0x5f, 0xff, 0xff,
    0xa2, 0x5f, 0xff, 0xff, 0xa1, 0x5e, 0xfe, 0xdd, 0xa2, 0x5f, 0xff, 0xff,
    0xa2, 0x5f, 0xff, 0xff, 0xa2, 0x5f, 0xff, 0xff, 0xa2, 0x5f, 0xff, 0xff,
    0xa2, 0x5f, 0xff, 0xff, 0xa2, 0x5f, 0xff, 0xff, 0xa2, 0x5f, 0xff, 0xff,
    0xa2, 0x5f, 0xff, 0xff, 0xa2, 0x5f, 0xff, 0xff, 0xa2, 0x5f, 0xff, 0xff,
    0xa2, 0x5f, 0xff, 0xff, 0xa2, 0x5f, 0xff, 0xff, 0xa1, 0x5e, 0xfe, 0x87,
    0xa2, 0x5f, 0xff, 0x44, 0xa2, 0x5f, 0xff, 0x16, 0xa2, 0x5f, 0xff, 0x08,
    0xa2, 0x5f, 0xff, 0x02, 0x00, 0x00, 0x00, 0x00, 0x00, 0x00, 0x00, 0x00,
    0x00, 0x00, 0x00, 0x00, 0x00, 0x00, 0x00, 0x00, 0x00, 0x00, 0x00, 0x00,
    0x00, 0x00, 0x00, 0x00, 0xa2, 0x5f, 0xff, 0x01, 0xa2, 0x5f, 0xff, 0x07,
    0xa2, 0x5f, 0xff, 0x14, 0xa1, 0x5e, 0xfd, 0x41, 0xa1, 0x5e, 0xfe, 0x83,
    0xa2, 0x5f, 0xff, 0xff, 0xa2, 0x5f, 0xff, 0xff, 0xa2, 0x5f, 0xff, 0xff,
    0xa2, 0x5f, 0xff, 0xff, 0xa2, 0x5f, 0xff, 0xff, 0xa2, 0x5f, 0xff, 0xff,
    0xa2, 0x5f, 0xff, 0xff, 0xa2, 0x5f, 0xff, 0xff, 0xa2, 0x5f, 0xff, 0xff,
    0xa2, 0x5f, 0xff, 0xff, 0xa2, 0x5f, 0xff, 0xff, 0xa2, 0x5f, 0xff, 0xd8,
    0xa2, 0x5f, 0xff, 0xff, 0xa2, 0x5f, 0xff, 0xff, 0xa2, 0x5f, 0xff, 0xff,
    0xa2, 0x5f, 0xff, 0xff, 0xa2, 0x5f, 0xff, 0xff, 0xa2, 0x5f, 0xff, 0xff,
    0xa2, 0x5f, 0xff, 0xff, 0xa2, 0x5f, 0xff, 0xff, 0xa2, 0x5f, 0xff, 0xff,
    0xa2, 0x5f, 0xff, 0xff, 0xa2, 0x5f, 0xff, 0xff, 0xa2, 0x5f, 0xff, 0xff,
    0xa1, 0x5e, 0xfe, 0x83, 0xa1, 0x5e, 0xfd, 0x41, 0xa2, 0x5f, 0xff, 0x14,
    0xa2, 0x5f, 0xff, 0x07, 0xa2, 0x5f, 0xff, 0x01, 0x00, 0x00, 0x00, 0x00,
    0x00, 0x00, 0x00, 0x00, 0x00, 0x00, 0x00, 0x00, 0x00, 0x00, 0x00, 0x00,
    0x00, 0x00, 0x00, 0x00, 0x00, 0x00, 0x00, 0x00, 0xa2, 0x5f, 0xff, 0x01,
    0xa2, 0x5f, 0xff, 0x06, 0xa2, 0x5f, 0xff, 0x11, 0xa1, 0x5e, 0xfd, 0x39,
    0xa2, 0x5f, 0xff, 0x75, 0xa2, 0x5f, 0xff, 0xff, 0xa2, 0x5f, 0xff, 0xff,
    0xa2, 0x5f, 0xff, 0xff, 0xa2, 0x5f, 0xff, 0xff, 0xa2, 0x5f, 0xff, 0xff,
    0xa2, 0x5f, 0xff, 0xff, 0xa2, 0x5f, 0xff, 0xff, 0xa2, 0x5f, 0xff, 0xff,
    0xa2, 0x5f, 0xff, 0xff, 0xa2, 0x5f, 0xff, 0xff, 0xa2, 0x5f, 0xff, 0xff,
    0xa2, 0x5f, 0xff, 0xcb, 0xa2, 0x5f, 0xff, 0xff, 0xa2, 0x5f, 0xff, 0xff,
    0xa2, 0x5f, 0xff, 0xff, 0xa2, 0x5f, 0xff, 0xff, 0xa2, 0x5f, 0xff, 0xff,
    0xa2, 0x5f, 0xff, 0xff, 0xa2, 0x5f, 0xff, 0xff, 0xa2, 0x5f, 0xff, 0xff,
    0xa2, 0x5f, 0xff, 0xff, 0xa2, 0x5f, 0xff, 0xff, 0xa2, 0x5f, 0xff, 0xff,
    0xa2, 0x5f, 0xff, 0xff, 0xa2, 0x5f, 0xff, 0x75, 0xa1, 0x5e, 0xfd, 0x39,
    0xa2, 0x5f, 0xff, 0x11, 0xa2, 0x5f, 0xff, 0x06, 0xa2, 0x5f, 0xff, 0x01,
    0x00, 0x00, 0x00, 0x00, 0x00, 0x00, 0x00, 0x00, 0x00, 0x00, 0x00, 0x00,
    0x00, 0x00, 0x00, 0x00, 0x00, 0x00, 0x00, 0x00, 0x00, 0x00, 0x00, 0x00,
    0xa2, 0x5f, 0xff, 0x01, 0xa2, 0x5f, 0xff, 0x04, 0xa2, 0x5f, 0xff, 0x0d,
    0xa2, 0x5f, 0xff, 0x2c, 0xa1, 0x5e, 0xfd, 0x5d, 0xa2, 0x5f, 0xff, 0xff,
    0xa2, 0x5f, 0xff, 0xff, 0xa2, 0x5f, 0xff, 0xff, 0xa2, 0x5f, 0xff, 0xff,
    0xa2, 0x5f, 0xff, 0xff, 0xa2, 0x5f, 0xff, 0xff, 0xa2, 0x5f, 0xff, 0xff,
    0xa2, 0x5f, 0xff, 0xff, 0xa2, 0x5f, 0xff, 0xff, 0xa2, 0x5f, 0xff, 0xff,
    0xa2, 0x5f, 0xff, 0xff, 0xa2, 0x5f, 0xff, 0xae, 0xa2, 0x5f, 0xff, 0xff,
    0xa2, 0x5f, 0xff, 0xff, 0xa2, 0x5f, 0xff, 0xff, 0xa2, 0x5f, 0xff, 0xff,
    0xa2, 0x5f, 0xff, 0xff, 0xa2, 0x5f, 0xff, 0xff, 0xa2, 0x5f, 0xff, 0xff,
    0xa2, 0x5f, 0xff, 0xff, 0xa2, 0x5f, 0xff, 0xff, 0xa2, 0x5f, 0xff, 0xff,
    0xa2, 0x5f, 0xff, 0xff, 0xa2, 0x5f, 0xff, 0xff, 0xa1, 0x5e, 0xfd, 0x5d,
    0xa2, 0x5f, 0xff, 0x2c, 0xa2, 0x5f, 0xff, 0x0d, 0xa2, 0x5f, 0xff, 0x04,
    0xa2, 0x5f, 0xff, 0x01, 0x00, 0x00, 0x00, 0x00, 0x00, 0x00, 0x00, 0x00,
    0x00, 0x00, 0x00, 0x00, 0x00, 0x00, 0x00, 0x00, 0x00, 0x00, 0x00, 0x00,
    0x00, 0x00, 0x00, 0x00, 0x00, 0x00, 0x00, 0x00, 0xa2, 0x5f, 0xff, 0x03,
    0xa2, 0x5f, 0xff, 0x09, 0xa4, 0x60, 0xff, 0x1b, 0xa0, 0x5e, 0xfd, 0x39,
    0xa1, 0x5e, 0xfd, 0x5d, 0xa2, 0x5f, 0xff, 0x75, 0xa1, 0x5e, 0xfe, 0x83,
    0xa1, 0x5e, 0xfe, 0x87, 0xa2, 0x5f, 0xff, 0x88, 0xa2, 0x5f, 0xff, 0x89,
    0xa2, 0x5f, 0xff, 0x88, 0xa1, 0x5e, 0xfe, 0x88, 0xa1, 0x5e, 0xfe, 0x86,
    0xa1, 0x5e, 0xfe, 0x7e, 0xa2, 0x5f, 0xff, 0x7c, 0xa2, 0x5f, 0xff, 0x7c,
    0xa2, 0x5f, 0xff, 0xff, 0xa2, 0x5f, 0xff, 0x8c, 0xa2, 0x5f, 0xff, 0x8e,
    0xa2, 0x5f, 0xff, 0x89, 0xa2, 0x5f, 0xff, 0x89, 0xa2, 0x5f, 0xff, 0x89,
    0xa2, 0x5f, 0xff, 0x89, 0xa2, 0x5f, 0xff, 0x88, 0xa1, 0x5e, 0xfe, 0x87,
    0xa1, 0x5e, 0xfe, 0x83, 0xa2, 0x5f, 0xff, 0x75, 0xa1, 0x5e, 0xfd, 0x5d,
    0xa0, 0x5e, 0xfd, 0x39, 0xa4, 0x60, 0xff, 0x1b, 0xa2, 0x5f, 0xff, 0x09,
    0xa2, 0x5f, 0xff, 0x03, 0x00, 0x00, 0x00, 0x00, 0x00, 0x00, 0x00, 0x00,
    0x00, 0x00, 0x00, 0x00, 0x00, 0x00, 0x00, 0x00, 0x00, 0x00, 0x00, 0x00,
    0x00, 0x00, 0x00, 0x00, 0x00, 0x00, 0x00, 0x00, 0x00, 0x00, 0x00, 0x00,
    0xa2, 0x5f, 0xff, 0x01, 0xa2, 0x5f, 0xff, 0x05, 0xa0, 0x5e, 0xfd, 0x0d,
    0xa4, 0x60, 0xff, 0x1b, 0xa2, 0x5f, 0xff, 0x2c, 0xa1, 0x5e, 0xfd, 0x39,
    0xa1, 0x5e, 0xfd, 0x41, 0xa2, 0x5f, 0xff, 0x44, 0xa2, 0x5f, 0xff, 0x45,
    0xa2, 0x5f, 0xff, 0x45, 0xa2, 0x5f, 0xff, 0x45, 0xa2, 0x5f, 0xff, 0x44,
    0xa2, 0x5f, 0xff, 0x43, 0xa2, 0x5f, 0xff, 0x40, 0xa0, 0x5e, 0xfd, 0x42,
    0xa1, 0x5e, 0xfe, 0x45, 0xa2, 0x5f, 0xff, 0x4d, 0xa2, 0x5f, 0xff, 0x4d,
    0xa1, 0x5e, 0xfe, 0x4c, 0xa2, 0x5f, 0xff, 0x47, 0xa2, 0x5f, 0xff, 0x46,
    0xa2, 0x5f, 0xff, 0x46, 0xa2, 0x5f, 0xff, 0x45, 0xa2, 0x5f, 0xff, 0x45,
    0xa2, 0x5f, 0xff, 0x44, 0xa1, 0x5e, 0xfd, 0x41, 0xa1, 0x5e, 0xfd, 0x39,
    0xa2, 0x5f, 0xff, 0x2c, 0xa4, 0x60, 0xff, 0x1b, 0xa0, 0x5e, 0xfd, 0x0d,
    0xa2, 0x5f, 0xff, 0x05, 0xa2, 0x5f, 0xff, 0x01, 0x00, 0x00, 0x00, 0x00,
    0x00, 0x00, 0x00, 0x00, 0x00, 0x00, 0x00, 0x00, 0x00, 0x00, 0x00, 0x00,
    0x00, 0x00, 0x00, 0x00, 0x00, 0x00, 0x00, 0x00, 0x00, 0x00, 0x00, 0x00,
    0x00, 0x00, 0x00, 0x00, 0x00, 0x00, 0x00, 0x00, 0xa2, 0x5f, 0xff, 0x02,
    0xa2, 0x5f, 0xff, 0x05, 0xa2, 0x5f, 0xff, 0x09, 0xa2, 0x5f, 0xff, 0x0d,
    0xa2, 0x5f, 0xff, 0x11, 0xa2, 0x5f, 0xff, 0x14, 0xa2, 0x5f, 0xff, 0x16,
    0xa2, 0x5f, 0xff, 0x16, 0xa2, 0x5f, 0xff, 0x17, 0xa2, 0x5f, 0xff, 0x17,
    0xa2, 0x5f, 0xff, 0x16, 0xa2, 0x5f, 0xff, 0x16, 0xa2, 0x5f, 0xff, 0x16,
    0xa0, 0x5e, 0xfd, 0x18, 0x9f, 0x5d, 0xfa, 0x1c, 0xa3, 0x5f, 0xff, 0x1f,
    0x9f, 0x5d, 0xfa, 0x1d, 0xa0, 0x5e, 0xfd, 0x1a, 0xa2, 0x5f, 0xff, 0x18,
    0xa2, 0x5f, 0xff, 0x17, 0xa2, 0x5f, 0xff, 0x17, 0xa2, 0x5f, 0xff, 0x17,
    0xa2, 0x5f, 0xff, 0x16, 0xa2, 0x5f, 0xff, 0x16, 0xa2, 0x5f, 0xff, 0x14,
    0xa2, 0x5f, 0xff, 0x11, 0xa2, 0x5f, 0xff, 0x0d, 0xa2, 0x5f, 0xff, 0x09,
    0xa2, 0x5f, 0xff, 0x05, 0xa2, 0x5f, 0xff, 0x02, 0x00, 0x00, 0x00, 0x00,
    0x00, 0x00, 0x00, 0x00, 0x00, 0x00, 0x00, 0x00, 0x00, 0x00, 0x00, 0x00,
    0x00, 0x00, 0x00, 0x00, 0x00, 0x00, 0x00, 0x00, 0x00, 0x00, 0x00, 0x00,
    0x00, 0x00, 0x00, 0x00, 0x00, 0x00, 0x00, 0x00, 0x00, 0x00, 0x00, 0x00,
    0x00, 0x00, 0x00, 0x00, 0xa2, 0x5f, 0xff, 0x01, 0xa2, 0x5f, 0xff, 0x03,
    0xa2, 0x5f, 0xff, 0x04, 0xa2, 0x5f, 0xff, 0x06, 0xa2, 0x5f, 0xff, 0x07,
    0xa2, 0x5f, 0xff, 0x08, 0xa2, 0x5f, 0xff, 0x08, 0xa2, 0x5f, 0xff, 0x08,
    0xa2, 0x5f, 0xff, 0x08, 0xa2, 0x5f, 0xff, 0x08, 0xa2, 0x5f, 0xff, 0x08,
    0xa2, 0x5f, 0xff, 0x08, 0xa2, 0x5f, 0xff, 0x08, 0xa2, 0x5f, 0xff, 0x09,
    0xa2, 0x5f, 0xff, 0x09, 0xa2, 0x5f, 0xff, 0x09, 0xa2, 0x5f, 0xff, 0x09,
    0xa2, 0x5f, 0xff, 0x09, 0xa2, 0x5f, 0xff, 0x08, 0xa2, 0x5f, 0xff, 0x08,
    0xa2, 0x5f, 0xff, 0x08, 0xa2, 0x5f, 0xff, 0x08, 0xa2, 0x5f, 0xff, 0x08,
    0xa2, 0x5f, 0xff, 0x07, 0xa2, 0x5f, 0xff, 0x06, 0xa2, 0x5f, 0xff, 0x04,
    0xa2, 0x5f, 0xff, 0x03, 0xa2, 0x5f, 0xff, 0x01, 0x00, 0x00, 0x00, 0x00,
    0x00, 0x00, 0x00, 0x00, 0x00, 0x00, 0x00, 0x00, 0x00, 0x00, 0x00, 0x00,
    0x00, 0x00, 0x00, 0x00, 0x00, 0x00, 0x00, 0x00, 0x00, 0x00, 0x00, 0x00,
    0x00, 0x00, 0x00, 0x00, 0x00, 0x00, 0x00, 0x00, 0x00, 0x00, 0x00, 0x00,
    0x00, 0x00, 0x00, 0x00, 0x00, 0x00, 0x00, 0x00, 0x00, 0x00, 0x00, 0x00,
    0x00, 0x00, 0x00, 0x00, 0xa2, 0x5f, 0xff, 0x01, 0xa2, 0x5f, 0xff, 0x01,
    0xa2, 0x5f, 0xff, 0x01, 0xa2, 0x5f, 0xff, 0x02, 0xa2, 0x5f, 0xff, 0x02,
    0xa2, 0x5f, 0xff, 0x02, 0xa2, 0x5f, 0xff, 0x02, 0xa2, 0x5f, 0xff, 0x02,
    0xa2, 0x5f, 0xff, 0x02, 0xa2, 0x5f, 0xff, 0x02, 0xa2, 0x5f, 0xff, 0x02,
    0xa2, 0x5f, 0xff, 0x02, 0xa2, 0x5f, 0xff, 0x02, 0xa2, 0x5f, 0xff, 0x02,
    0xa2, 0x5f, 0xff, 0x02, 0xa2, 0x5f, 0xff, 0x02, 0xa2, 0x5f, 0xff, 0x02,
    0xa2, 0x5f, 0xff, 0x02, 0xa2, 0x5f, 0xff, 0x02, 0xa2, 0x5f, 0xff, 0x02,
    0xa2, 0x5f, 0xff, 0x02, 0xa2, 0x5f, 0xff, 0x01, 0xa2, 0x5f, 0xff, 0x01,
    0xa2, 0x5f, 0xff, 0x01, 0x00, 0x00, 0x00, 0x00, 0x00, 0x00, 0x00, 0x00,
    0x00, 0x00, 0x00, 0x00, 0x00, 0x00, 0x00, 0x00, 0x00, 0x00, 0x00, 0x00,
    0x00, 0x00, 0x00, 0x00, 0x00, 0x00, 0x00, 0x00, 0x00, 0x00, 0x00, 0x00,
    0x00, 0x00, 0x00, 0x00, 0x00, 0x00, 0x00, 0x00, 0x00, 0x00, 0x00, 0x00,
    0x00, 0x00, 0x00, 0x00, 0x00, 0x00, 0x00, 0x00, 0x00, 0x00, 0x00, 0x00,
    0x00, 0x00, 0x00, 0x00, 0x00, 0x00, 0x00, 0x00, 0x00, 0x00, 0x00, 0x00,
    0x00, 0x00, 0x00, 0x00, 0x00, 0x00, 0x00, 0x00, 0x00, 0x00, 0x00, 0x00,
    0x00, 0x00, 0x00, 0x00, 0x00, 0x00, 0x00, 0x00, 0x00, 0x00, 0x00, 0x00,
    0x00, 0x00, 0x00, 0x00, 0x00, 0x00, 0x00, 0x00, 0x00, 0x00, 0x00, 0x00,
    0x00, 0x00, 0x00, 0x00, 0x00, 0x00, 0x00, 0x00, 0x00, 0x00, 0x00, 0x00,
    0x00, 0x00, 0x00, 0x00, 0x00, 0x00, 0x00, 0x00, 0x00, 0x00, 0x00, 0x00,
    0x00, 0x00, 0x00, 0x00, 0x00, 0x00, 0x00, 0x00, 0x00, 0x00, 0x00, 0x00,
    0x00, 0x00, 0x00, 0x00, 0x00, 0x00, 0x00, 0x00, 0x00, 0x00, 0x00, 0x00,
    0x00, 0x00, 0x00, 0x00, 0x00, 0x00, 0x00, 0x00, 0x00, 0x00, 0x00, 0x00,
    0x00, 0x00, 0x00, 0x00, 0x00, 0x00, 0x00, 0x00, 0x00, 0x00, 0x00, 0x00,
    0x00, 0x00, 0x00, 0x00, 0x00, 0x00, 0x00, 0x00, 0x00, 0x00, 0x00, 0x00,
    0x00, 0x00, 0x00, 0x00, 0x00, 0x00, 0x00, 0x00, 0x00, 0x00, 0x00, 0x00,
    0x00, 0x00, 0x00, 0x00, 0x00, 0x00, 0x00, 0x00, 0x00, 0x00, 0x00, 0x00,
    0x00, 0x00, 0x00, 0x00, 0x00, 0x00, 0x00, 0x00, 0x00, 0x00, 0x00, 0x00,
    0x00, 0x00, 0x00, 0x00, 0x00, 0x00, 0x00, 0x00, 0x00, 0x00, 0x00, 0x00,
    0x00, 0x00, 0x00, 0x00, 0x00, 0x00, 0x00, 0x00, 0x00, 0x00, 0x00, 0x00,
    0x00, 0x00, 0x00, 0x00, 0x00, 0x00, 0x00, 0x00, 0x00, 0x00, 0x00, 0x00,
    0x00, 0x00, 0x00, 0x00, 0x00, 0x00, 0x00, 0x00, 0x00, 0x00, 0x00, 0x00,
    0x00, 0x00, 0x00, 0x00, 0x00, 0x00, 0x00, 0x00, 0x00, 0x00, 0x00, 0x00,
    0x00, 0x00, 0x00, 0x00, 0x00, 0x00, 0x00, 0x00, 0x00, 0x00, 0x00, 0x00,
    0x00, 0x00, 0x00, 0x00, 0x00, 0x00, 0x00, 0x00, 0x00, 0x00, 0x00, 0x00,
    0x00, 0x00, 0x00, 0x00, 0x00, 0x00, 0x00, 0x00, 0x00, 0x00, 0x00, 0x00,
    0x00, 0x00, 0x00, 0x00, 0x00, 0x00, 0x00, 0x00, 0x00, 0x00, 0x00, 0x00,
    0x00, 0x00, 0x00, 0x00, 0x00, 0x00, 0x00, 0x00, 0x00, 0x00, 0x00, 0x00,
    0x00, 0x00, 0x00, 0x00, 0x00, 0x00, 0x00, 0x00, 0x00, 0x00, 0x00, 0x00,
    0x00, 0x00, 0x00, 0x00, 0x00, 0x00, 0x00, 0x00, 0x00, 0x00, 0x00, 0x00,
    0x00, 0x00, 0x00, 0x00, 0x00, 0x00, 0x00, 0x00, 0x00, 0x00, 0x00, 0x00,
    0x00, 0x00, 0x00, 0x00, 0x00, 0x00, 0x00, 0x00, 0x00, 0x00, 0x00, 0x00,
    0x00, 0x00, 0x00, 0x00, 0x00, 0x00, 0x00, 0x00, 0x00, 0x00, 0x00, 0x00,
    0x00, 0x00, 0x00, 0x00, 0x00, 0x00, 0x00, 0x00, 0x00, 0x00, 0x00, 0x00,
    0x00, 0x00, 0x00, 0x00, 0x00, 0x00, 0x00, 0x00, 0x00, 0x00, 0x00, 0x00,
    0x00, 0x00, 0x00, 0x00, 0x00, 0x00, 0x00, 0x00, 0x00, 0x00, 0x00, 0x00,
    0x00, 0x00, 0x00, 0x00, 0x00, 0x00, 0x00, 0x00, 0x00, 0x00, 0x00, 0x00,
    0x00, 0x00, 0x00, 0x00, 0x00, 0x00, 0x00, 0x00, 0x00, 0x00, 0x00, 0x00,
    0x00, 0x00, 0x00, 0x00, 0x00, 0x00, 0x00, 0x00, 0x00, 0x00, 0x00, 0x00,
    0x00, 0x00, 0x00, 0x00, 0x00, 0x00, 0x00, 0x00, 0x00, 0x00, 0x00, 0x00,
    0x00, 0x00, 0x00, 0x00, 0x00, 0x00, 0x00, 0x00, 0x00, 0x00, 0x00, 0x00,
    0x00, 0x00, 0x00, 0x00, 0x00, 0x00, 0x00, 0x00, 0x00, 0x00, 0x00, 0x00,
    0x00, 0x00, 0x00, 0x00, 0x00, 0x00, 0x00, 0x00, 0x00, 0x00, 0x00, 0x00,
    0x00, 0x00, 0x00, 0x00, 0x00, 0x00, 0x00, 0x00, 0x00, 0x00, 0x00, 0x00,
    0x00, 0x00, 0x00, 0x00, 0x00, 0x00, 0x00, 0x00, 0x00, 0x00, 0x00, 0x00,
    0x00, 0x00, 0x00, 0x00, 0x00, 0x00, 0x00, 0x00, 0x00, 0x00, 0x00, 0x00,
    0x00, 0x00, 0x00, 0x00, 0x00, 0x00, 0x00, 0x00, 0x00, 0x00, 0x00, 0x00,
    0x00, 0x00, 0x00, 0x00, 0x00, 0x00, 0x00, 0x00, 0x00, 0x00, 0x00, 0x00,
    0x00, 0x00, 0x00, 0x00, 0x00, 0x00, 0x00, 0x00, 0x00, 0x00, 0x00, 0x00,
    0x00, 0x00, 0x00, 0x00, 0x00, 0x00, 0x00, 0x00, 0x00, 0x00, 0x00, 0x00,
    0x00, 0x00, 0x00, 0x00, 0x00, 0x00, 0x00, 0x00, 0x00, 0x00, 0x00, 0x00,
    0x00, 0x00, 0x00, 0x00, 0x00, 0x00, 0x00, 0x00, 0x00, 0x00, 0x00, 0x00,
    0x00, 0x00, 0x00, 0x00, 0x00, 0x00, 0x00, 0x00, 0x00, 0x00, 0x00, 0x00,
    0x00, 0x00, 0x00, 0x00, 0x00, 0x00, 0x00, 0x00, 0x00, 0x00, 0x00, 0x00,
    0x00, 0x00, 0x00, 0x00, 0x00, 0x00, 0x00, 0x00, 0x00, 0x00, 0x00, 0x00,
    0x00, 0x00, 0x00, 0x00,
};
const lv_image_dsc_t launcher_icon_reader = {
    .header.magic = LV_IMAGE_HEADER_MAGIC,
    .header.cf = LV_COLOR_FORMAT_ARGB8888,
    .header.flags = 0,
    .header.w = 40,
    .header.h = 40,
    .header.stride = 160,
    .data_size = 6400,
    .data = icon_reader_data,
};

static const uint8_t icon_terminal_data[6400] = {
    0x00, 0x00, 0x00, 0x00, 0x00, 0x00, 0x00, 0x00, 0x00, 0x00, 0x00, 0x00,
    0x00, 0x00, 0x00, 0x00, 0x00, 0x00, 0x00, 0x00, 0x00, 0x00, 0x00, 0x00,
    0x00, 0x00, 0x00, 0x00, 0x00, 0x00, 0x00, 0x00, 0x00, 0x00, 0x00, 0x00,
    0x00, 0x00, 0x00, 0x00, 0x00, 0x00, 0x00, 0x00, 0x00, 0x00, 0x00, 0x00,
    0x00, 0x00, 0x00, 0x00, 0x00, 0x00, 0x00, 0x00, 0x00, 0x00, 0x00, 0x00,
    0x00, 0x00, 0x00, 0x00, 0x00, 0x00, 0x00, 0x00, 0x00, 0x00, 0x00, 0x00,
    0x00, 0x00, 0x00, 0x00, 0x00, 0x00, 0x00, 0x00, 0x00, 0x00, 0x00, 0x00,
    0x00, 0x00, 0x00, 0x00, 0x00, 0x00, 0x00, 0x00, 0x00, 0x00, 0x00, 0x00,
    0x00, 0x00, 0x00, 0x00, 0x00, 0x00, 0x00, 0x00, 0x00, 0x00, 0x00, 0x00,
    0x00, 0x00, 0x00, 0x00, 0x00, 0x00, 0x00, 0x00, 0x00, 0x00, 0x00, 0x00,
    0x00, 0x00, 0x00, 0x00, 0x00, 0x00, 0x00, 0x00, 0x00, 0x00, 0x00, 0x00,
    0x00, 0x00, 0x00, 0x00, 0x00, 0x00, 0x00, 0x00, 0x00, 0x00, 0x00, 0x00,
    0x00, 0x00, 0x00, 0x00, 0x00, 0x00, 0x00, 0x00, 0x00, 0x00, 0x00, 0x00,
    0x00, 0x00, 0x00, 0x00, 0x00, 0x00, 0x00, 0x00, 0x00, 0x00, 0x00, 0x00,
    0x00, 0x00, 0x00, 0x00, 0x00, 0x00, 0x00, 0x00, 0x00, 0x00, 0x00, 0x00,
    0x00, 0x00, 0x00, 0x00, 0x00, 0x00, 0x00, 0x00, 0x00, 0x00, 0x00, 0x00,
    0x00, 0x00, 0x00, 0x00, 0x00, 0x00, 0x00, 0x00, 0x00, 0x00, 0x00, 0x00,
    0x00, 0x00, 0x00, 0x00, 0x00, 0x00, 0x00, 0x00, 0x00, 0x00, 0x00, 0x00,
    0x00, 0x00, 0x00, 0x00, 0x00, 0x00, 0x00, 0x00, 0x00, 0x00, 0x00, 0x00,
    0x00, 0x00, 0x00, 0x00, 0x00, 0x00, 0x00, 0x00, 0x00, 0x00, 0x00, 0x00,
    0x00, 0x00, 0x00, 0x00, 0x00, 0x00, 0x00, 0x00, 0x00, 0x00, 0x00, 0x00,
    0x00, 0x00, 0x00, 0x00, 0x00, 0x00, 0x00, 0x00, 0x00, 0x00, 0x00, 0x00,
    0x00, 0x00, 0x00, 0x00, 0x00, 0x00, 0x00, 0x00, 0x00, 0x00, 0x00, 0x00,
    0x00, 0x00, 0x00, 0x00, 0x00, 0x00, 0x00, 0x00, 0x00, 0x00, 0x00, 0x00,
    0x00, 0x00, 0x00, 0x00, 0x00, 0x00, 0x00, 0x00, 0x00, 0x00, 0x00, 0x00,
    0x00, 0x00, 0x00, 0x00, 0x00, 0x00, 0x00, 0x00, 0x00, 0x00, 0x00, 0x00,
    0x00, 0x00, 0x00, 0x00, 0x00, 0x00, 0x00, 0x00, 0x00, 0x00, 0x00, 0x00,
    0x00, 0x00, 0x00, 0x00, 0x00, 0x00, 0x00, 0x00, 0x00, 0x00, 0x00, 0x00,
    0x00, 0x00, 0x00, 0x00, 0x00, 0x00, 0x00, 0x00, 0x00, 0x00, 0x00, 0x00,
    0x00, 0x00, 0x00, 0x00, 0x00, 0x00, 0x00, 0x00, 0x00, 0x00, 0x00, 0x00,
    0x00, 0x00, 0x00, 0x00, 0x00, 0x00, 0x00, 0x00, 0x00, 0x00, 0x00, 0x00,
    0x00, 0x00, 0x00, 0x00, 0x00, 0x00, 0x00, 0x00, 0x00, 0x00, 0x00, 0x00,
    0x00, 0x00, 0x00, 0x00, 0x00, 0x00, 0x00, 0x00, 0x00, 0x00, 0x00, 0x00,
    0x00, 0x00, 0x00, 0x00, 0x00, 0x00, 0x00, 0x00, 0x00, 0x00, 0x00, 0x00,
    0x00, 0x00, 0x00, 0x00, 0x00, 0x00, 0x00, 0x00, 0x00, 0x00, 0x00, 0x00,
    0x00, 0x00, 0x00, 0x00, 0x00, 0x00, 0x00, 0x00, 0x00, 0x00, 0x00, 0x00,
    0x00, 0x00, 0x00, 0x00, 0x00, 0x00, 0x00, 0x00, 0x00, 0x00, 0x00, 0x00,
    0x00, 0x00, 0x00, 0x00, 0x00, 0x00, 0x00, 0x00, 0x00, 0x00, 0x00, 0x00,
    0x00, 0x00, 0x00, 0x00, 0x00, 0x00, 0x00, 0x00, 0x00, 0x00, 0x00, 0x00,
    0x00, 0x00, 0x00, 0x00, 0x00, 0x00, 0x00, 0x00, 0x00, 0x00, 0x00, 0x00,
    0x00, 0x00, 0x00, 0x00, 0x00, 0x00, 0x00, 0x00, 0x00, 0x00, 0x00, 0x00,
    0x00, 0x00, 0x00, 0x00, 0x00, 0x00, 0x00, 0x00, 0x00, 0x00, 0x00, 0x00,
    0x00, 0x00, 0x00, 0x00, 0x00, 0x00, 0x00, 0x00, 0x00, 0x00, 0x00, 0x00,
    0x00, 0x00, 0x00, 0x00, 0x00, 0x00, 0x00, 0x00, 0x00, 0x00, 0x00, 0x00,
    0x00, 0x00, 0x00, 0x00, 0x00, 0x00, 0x00, 0x00, 0x00, 0x00, 0x00, 0x00,
    0x00, 0x00, 0x00, 0x00, 0x00, 0x00, 0x00, 0x00, 0x00, 0x00, 0x00, 0x00,
    0x00, 0x00, 0x00, 0x00, 0x00, 0x00, 0x00, 0x00, 0x00, 0x00, 0x00, 0x00,
    0x00, 0x00, 0x00, 0x00, 0x00, 0x00, 0x00, 0x00, 0x00, 0x00, 0x00, 0x00,
    0x00, 0x00, 0x00, 0x00, 0x00, 0x00, 0x00, 0x00, 0x00, 0x00, 0x00, 0x00,
    0x00, 0x00, 0x00, 0x00, 0x00, 0x00, 0x00, 0x00, 0x00, 0x00, 0x00, 0x00,
    0x00, 0x00, 0x00, 0x00, 0x00, 0x00, 0x00, 0x00, 0x00, 0x00, 0x00, 0x00,
    0x00, 0x00, 0x00, 0x00, 0x00, 0x00, 0x00, 0x00, 0x00, 0x00, 0x00, 0x00,
    0x00, 0x00, 0x00, 0x00, 0x00, 0x00, 0x00, 0x00, 0x00, 0x00, 0x00, 0x00,
    0x00, 0x00, 0x00, 0x00, 0x00, 0x00, 0x00, 0x00, 0x00, 0x00, 0x00, 0x00,
    0x00, 0x00, 0x00, 0x00, 0x00, 0x00, 0x00, 0x00, 0x00, 0x00, 0x00, 0x00,
    0x00, 0x00, 0x00, 0x00, 0x00, 0x00, 0x00, 0x00, 0x00, 0x00, 0x00, 0x00,
    0x00, 0x00, 0x00, 0x00, 0x00, 0x00, 0x00, 0x00, 0x00, 0x00, 0x00, 0x00,
    0x00, 0x00, 0x00, 0x00, 0x00, 0x00, 0x00, 0x00, 0x00, 0x00, 0x00, 0x00,
    0x00, 0x00, 0x00, 0x00, 0x00, 0x00, 0x00, 0x00, 0x00, 0x00, 0x00, 0x00,
    0x00, 0x00, 0x00, 0x00, 0x00, 0x00, 0x00, 0x00, 0x00, 0x00, 0x00, 0x00,
    0x00, 0x00, 0x00, 0x00, 0x00, 0x00, 0x00, 0x00, 0x00, 0x00, 0x00, 0x00,
    0x00, 0x00, 0x00, 0x00, 0x00, 0x00, 0x00, 0x00, 0x00, 0x00, 0x00, 0x00,
    0x00, 0x00, 0x00, 0x00, 0x00, 0x00, 0x00, 0x00, 0x00, 0x00, 0x00, 0x00,
    0x00, 0x00, 0x00, 0x00, 0x00, 0x00, 0x00, 0x00, 0x00, 0x00, 0x00, 0x00,
    0x00, 0x00, 0x00, 0x00, 0x00, 0x00, 0x00, 0x00, 0x00, 0x00, 0x00, 0x00,
    0x00, 0x00, 0x00, 0x00, 0x00, 0x00, 0x00, 0x00, 0x00, 0x00, 0x00, 0x00,
    0x00, 0x00, 0x00, 0x00, 0x00, 0x00, 0x00, 0x00, 0x00, 0x00, 0x00, 0x00,
    0x00, 0x00, 0x00, 0x00, 0x00, 0x00, 0x00, 0x00, 0x00, 0x00, 0x00, 0x00,
    0x00, 0x00, 0x00, 0x00, 0x00, 0x00, 0x00, 0x00, 0x00, 0x00, 0x00, 0x00,
    0x00, 0x00, 0x00, 0x00, 0x00, 0x00, 0x00, 0x00, 0x00, 0x00, 0x00, 0x00,
    0x00, 0x00, 0x00, 0x00, 0x88, 0xff, 0x39, 0x01, 0x88, 0xff, 0x39, 0x01,
    0x88, 0xff, 0x39, 0x01, 0x88, 0xff, 0x39, 0x02, 0x88, 0xff, 0x39, 0x02,
    0x88, 0xff, 0x39, 0x02, 0x88, 0xff, 0x39, 0x02, 0x88, 0xff, 0x39, 0x02,
    0x88, 0xff, 0x39, 0x02, 0x88, 0xff, 0x39, 0x02, 0x88, 0xff, 0x39, 0x02,
    0x88, 0xff, 0x39, 0x02, 0x88, 0xff, 0x39, 0x02, 0x88, 0xff, 0x39, 0x02,
    0x88, 0xff, 0x39, 0x02, 0x88, 0xff, 0x39, 0x02, 0x88, 0xff, 0x39, 0x01,
    0x88, 0xff, 0x39, 0x01, 0x88, 0xff, 0x39, 0x01, 0x00, 0x00, 0x00, 0x00,
    0x00, 0x00, 0x00, 0x00, 0x00, 0x00, 0x00, 0x00, 0x00, 0x00, 0x00, 0x00,
    0x00, 0x00, 0x00, 0x00, 0x00, 0x00, 0x00, 0x00, 0x00, 0x00, 0x00, 0x00,
    0x00, 0x00, 0x00, 0x00, 0x00, 0x00, 0x00, 0x00, 0x00, 0x00, 0x00, 0x00,
    0x00, 0x00, 0x00, 0x00, 0x00, 0x00, 0x00, 0x00, 0x00, 0x00, 0x00, 0x00,
    0x00, 0x00, 0x00, 0x00, 0x00, 0x00, 0x00, 0x00, 0x00, 0x00, 0x00, 0x00,
    0x00, 0x00, 0x00, 0x00, 0x00, 0x00, 0x00, 0x00, 0x88, 0xff, 0x39, 0x01,
    0x88, 0xff, 0x39, 0x02, 0x88, 0xff, 0x39, 0x04, 0x88, 0xff, 0x39, 0x05,
    0x88, 0xff, 0x39, 0x06, 0x88, 0xff, 0x39, 0x07, 0x88, 0xff, 0x39, 0x08,
    0x88, 0xff, 0x39, 0x08, 0x88, 0xff, 0x39, 0x08, 0x88, 0xff, 0x39, 0x08,
    0x88, 0xff, 0x39, 0x08, 0x88, 0xff, 0x39, 0x08, 0x88, 0xff, 0x39, 0x08,
    0x88, 0xff, 0x39, 0x08, 0x88, 0xff, 0x39, 0x08, 0x88, 0xff, 0x39, 0x08,
    0x88, 0xff, 0x39, 0x08, 0x88, 0xff, 0x39, 0x08, 0x88, 0xff, 0x39, 0x08,
    0x88, 0xff, 0x39, 0x07, 0x88, 0xff, 0x39, 0x06, 0x88, 0xff, 0x39, 0x05,
    0x88, 0xff, 0x39, 0x04, 0x88, 0xff, 0x39, 0x02, 0x88, 0xff, 0x39, 0x01,
    0x00, 0x00, 0x00, 0x00, 0x00, 0x00, 0x00, 0x00, 0x00, 0x00, 0x00, 0x00,
    0x00, 0x00, 0x00, 0x00, 0x00, 0x00, 0x00, 0x00, 0x00, 0x00, 0x00, 0x00,
    0x00, 0x00, 0x00, 0x00, 0x00, 0x00, 0x00, 0x00, 0x00, 0x00, 0x00, 0x00,
    0x00, 0x00, 0x00, 0x00, 0x00, 0x00, 0x00, 0x00, 0x00, 0x00, 0x00, 0x00,
    0x00, 0x00, 0x00, 0x00, 0x88, 0xff, 0x39, 0x01, 0x88, 0xff, 0x39, 0x02,
    0x88, 0xff, 0x39, 0x05, 0x88, 0xff, 0x39, 0x08, 0x88, 0xff, 0x39, 0x0c,
    0x88, 0xff, 0x39, 0x10, 0x88, 0xff, 0x39, 0x13, 0x88, 0xff, 0x39, 0x15,
    0x88, 0xff, 0x39, 0x16, 0x88, 0xff, 0x39, 0x17, 0x88, 0xff, 0x39, 0x17,
    0x88, 0xff, 0x39, 0x17, 0x88, 0xff, 0x39, 0x17, 0x88, 0xff, 0x39, 0x17,
    0x88, 0xff, 0x39, 0x17, 0x88, 0xff, 0x39, 0x17, 0x88, 0xff, 0x39, 0x17,
    0x88, 0xff, 0x39, 0x17, 0x88, 0xff, 0x39, 0x17, 0x88, 0xff, 0x39, 0x17,
    0x88, 0xff, 0x39, 0x16, 0x88, 0xff, 0x39, 0x15, 0x88, 0xff, 0x39, 0x13,
    0x88, 0xff, 0x39, 0x10, 0x88, 0xff, 0x39, 0x0c, 0x88, 0xff, 0x39, 0x08,
    0x88, 0xff, 0x39, 0x05, 0x88, 0xff, 0x39, 0x02, 0x88, 0xff, 0x39, 0x01,
    0x00, 0x00, 0x00, 0x00, 0x00, 0x00, 0x00, 0x00, 0x00, 0x00, 0x00, 0x00,
    0x00, 0x00, 0x00, 0x00, 0x00, 0x00, 0x00, 0x00, 0x00, 0x00, 0x00, 0x00,
    0x00, 0x00, 0x00, 0x00, 0x00, 0x00, 0x00, 0x00, 0x00, 0x00, 0x00, 0x00,
    0x00, 0x00, 0x00, 0x00, 0x88, 0xff, 0x39, 0x01, 0x88, 0xff, 0x39, 0x03,
    0x88, 0xff, 0x39, 0x07, 0x88, 0xff, 0x39, 0x0d, 0x87, 0xfd, 0x38, 0x17,
    0x88, 0xff, 0x39, 0x24, 0x86, 0xfc, 0x38, 0x34, 0x88, 0xff, 0x39, 0x3d,
    0x89, 0xff, 0x39, 0x42, 0x88, 0xff, 0x39, 0x44, 0x88, 0xff, 0x39, 0x45,
    0x88, 0xff, 0x39, 0x45, 0x88, 0xff, 0x39, 0x45, 0x88, 0xff, 0x39, 0x45,
    0x88, 0xff, 0x39, 0x45, 0x88, 0xff, 0x39, 0x45, 0x88, 0xff, 0x39, 0x45,
    0x88, 0xff, 0x39, 0x45, 0x88, 0xff, 0x39, 0x45, 0x88, 0xff, 0x39, 0x45,
    0x88, 0xff, 0x39, 0x45, 0x88, 0xff, 0x39, 0x44, 0x89, 0xff, 0x39, 0x42,
    0x88, 0xff, 0x39, 0x3d, 0x86, 0xfc, 0x38, 0x34, 0x88, 0xff, 0x39, 0x24,
    0x87, 0xfd, 0x38, 0x17, 0x88, 0xff, 0x39, 0x0d, 0x88, 0xff, 0x39, 0x07,
    0x88, 0xff, 0x39, 0x03, 0x88, 0xff, 0x39, 0x01, 0x00, 0x00, 0x00, 0x00,
    0x00, 0x00, 0x00, 0x00, 0x00, 0x00, 0x00, 0x00, 0x00, 0x00, 0x00, 0x00,
    0x00, 0x00, 0x00, 0x00, 0x00, 0x00, 0x00, 0x00, 0x00, 0x00, 0x00, 0x00,
    0x00, 0x00, 0x00, 0x00, 0x88, 0xff, 0x39, 0x01, 0x88, 0xff, 0x39, 0x03,
    0x88, 0xff, 0x39, 0x08, 0x87, 0xfd, 0x38, 0x13, 0x88, 0xff, 0x39, 0x23,
    0x88, 0xff, 0x39, 0x3c, 0x88, 0xff, 0x39, 0x56, 0x88, 0xff, 0x39, 0x6f,
    0x87, 0xfe, 0x38, 0x7e, 0x88, 0xff, 0x39, 0x86, 0x87, 0xfe, 0x38, 0x88,
    0x88, 0xff, 0x39, 0x89, 0x88, 0xff, 0x39, 0x89, 0x88, 0xff, 0x39, 0x89,
    0x88, 0xff, 0x39, 0x89, 0x88, 0xff, 0x39, 0x89, 0x88, 0xff, 0x39, 0x89,
    0x88, 0xff, 0x39, 0x89, 0x88, 0xff, 0x39, 0x89, 0x88, 0xff, 0x39, 0x89,
    0x88, 0xff, 0x39, 0x89, 0x88, 0xff, 0x39, 0x89, 0x87, 0xfe, 0x38, 0x88,
    0x88, 0xff, 0x39, 0x86, 0x87, 0xfe, 0x38, 0x7e, 0x88, 0xff, 0x39, 0x6f,
    0x88, 0xff, 0x39, 0x56, 0x88, 0xff, 0x39, 0x3c, 0x88, 0xff, 0x39, 0x23,
    0x87, 0xfd, 0x38, 0x13, 0x88, 0xff, 0x39, 0x08, 0x88, 0xff, 0x39, 0x03,
    0x88, 0xff, 0x39, 0x01, 0x00, 0x00, 0x00, 0x00, 0x00, 0x00, 0x00, 0x00,
    0x00, 0x00, 0x00, 0x00, 0x00, 0x00, 0x00, 0x00, 0x00, 0x00, 0x00, 0x00,
    0x00, 0x00, 0x00, 0x00, 0x00, 0x00, 0x00, 0x00, 0x88, 0xff, 0x39, 0x02,
    0x88, 0xff, 0x39, 0x07, 0x87, 0xfd, 0x38, 0x13, 0x88, 0xff, 0x39, 0x2b,
    0x88, 0xff, 0x39, 0x4d, 0x87, 0xfe, 0x38, 0x76, 0x88, 0xff, 0x39, 0x98,
    0x88, 0xff, 0x39, 0xff, 0x88, 0xff, 0x39, 0xff, 0x88, 0xff, 0x39, 0xff,
    0x88, 0xff, 0x39, 0xff, 0x88, 0xff, 0x39, 0xff, 0x88, 0xff, 0x39, 0xff,
    0x88, 0xff, 0x39, 0xff, 0x88, 0xff, 0x39, 0xff, 0x88, 0xff, 0x39, 0xff,
    0x88, 0xff, 0x39, 0xff, 0x88, 0xff, 0x39, 0xff, 0x88, 0xff, 0x39, 0xff,
    0x88, 0xff, 0x39, 0xff, 0x88, 0xff, 0x39, 0xff, 0x88, 0xff, 0x39, 0xff,
    0x88, 0xff, 0x39, 0xff, 0x88, 0xff, 0x39, 0xff, 0x88, 0xff, 0x39, 0xff,
    0x88, 0xff, 0x39, 0xff, 0x88, 0xff, 0x39, 0x98, 0x87, 0xfe, 0x38, 0x76,
    0x88, 0xff, 0x39, 0x4d, 0x88, 0xff, 0x39, 0x2b, 0x87, 0xfd, 0x38, 0x13,
    0x88, 0xff, 0x39, 0x07, 0x88, 0xff, 0x39, 0x02, 0x00, 0x00, 0x00, 0x00,
    0x00, 0x00, 0x00, 0x00, 0x00, 0x00, 0x00, 0x00, 0x00, 0x00, 0x00, 0x00,
    0x00, 0x00, 0x00, 0x00, 0x00, 0x00, 0x00, 0x00, 0x88, 0xff, 0x39, 0x01,
    0x88, 0xff, 0x39, 0x05, 0x88, 0xff, 0x39, 0x0d, 0x88, 0xff, 0x39, 0x23,
    0x88, 0xff, 0x39, 0x4d, 0x88, 0xff, 0x39, 0x82, 0x88, 0xff, 0x39, 0xff,
    0x88, 0xff, 0x39, 0xff, 0x88, 0xff, 0x39, 0xff, 0x88, 0xff, 0x39, 0xff,
    0x88, 0xff, 0x39, 0xff, 0x88, 0xff, 0x39, 0xff, 0x88, 0xff, 0x39, 0xff,
    0x88, 0xff, 0x39, 0xff, 0x88, 0xff, 0x39, 0xff, 0x88, 0xff, 0x39, 0xff,
    0x88, 0xff, 0x39, 0xff, 0x88, 0xff, 0x39, 0xff, 0x88, 0xff, 0x39, 0xff,
    0x88, 0xff, 0x39, 0xff, 0x88, 0xff, 0x39, 0xff, 0x88, 0xff, 0x39, 0xff,
    0x88, 0xff, 0x39, 0xff, 0x88, 0xff, 0x39, 0xff, 0x88, 0xff, 0x39, 0xff,
    0x88, 0xff, 0x39, 0xff, 0x88, 0xff, 0x39, 0xff, 0x88, 0xff, 0x39, 0xff,
    0x88, 0xff, 0x39, 0xff, 0x88, 0xff, 0x39, 0x82, 0x88, 0xff, 0x39, 0x4d,
    0x88, 0xff, 0x39, 0x23, 0x88, 0xff, 0x39, 0x0d, 0x88, 0xff, 0x39, 0x05,
    0x88, 0xff, 0x39, 0x01, 0x00, 0x00, 0x00, 0x00, 0x00, 0x00, 0x00, 0x00,
    0x00, 0x00, 0x00, 0x00, 0x00, 0x00, 0x00, 0x00, 0x00, 0x00, 0x00, 0x00,
    0x88, 0xff, 0x39, 0x02, 0x88, 0xff, 0x39, 0x08, 0x87, 0xfd, 0x38, 0x17,
    0x88, 0xff, 0x39, 0x3c, 0x87, 0xfe, 0x38, 0x76, 0x88, 0xff, 0x39, 0xff,
    0x88, 0xff, 0x39, 0xff, 0x88, 0xff, 0x39, 0xff, 0x88, 0xff, 0x39, 0xff,
    0x88, 0xff, 0x39, 0xff, 0x88, 0xff, 0x39, 0xff, 0x88, 0xff, 0x39, 0xff,
    0x88, 0xff, 0x39, 0xff, 0x88, 0xff, 0x39, 0xff, 0x88, 0xff, 0x39, 0xff,
    0x88, 0xff, 0x39, 0xff, 0x88, 0xff, 0x39, 0xff, 0x88, 0xff, 0x39, 0xff,
    0x88, 0xff, 0x39, 0xff, 0x88, 0xff, 0x39, 0xff, 0x88, 0xff, 0x39, 0xff,
    0x88, 0xff, 0x39, 0xff, 0x88, 0xff, 0x39, 0xff, 0x88, 0xff, 0x39, 0xff,
    0x88, 0xff, 0x39, 0xff, 0x88, 0xff, 0x39, 0xff, 0x88, 0xff, 0x39, 0xff,
    0x88, 0xff, 0x39, 0xff, 0x88, 0xff, 0x39, 0xff, 0x88, 0xff, 0x39, 0xff,
    0x87, 0xfe, 0x38, 0x76, 0x88, 0xff, 0x39, 0x3c, 0x87, 0xfd, 0x38, 0x17,
    0x88, 0xff, 0x39, 0x08, 0x88, 0xff, 0x39, 0x02, 0x00, 0x00, 0x00, 0x00,
    0x00, 0x00, 0x00, 0x00, 0x00, 0x00, 0x00, 0x00, 0x00, 0x00, 0x00, 0x00,
    0x00, 0x00, 0x00, 0x00, 0x88, 0xff, 0x39, 0x04, 0x88, 0xff, 0x39, 0x0c,
    0x88, 0xff, 0x39, 0x24, 0x88, 0xff, 0x39, 0x56, 0x88, 0xff, 0x39, 0x98,
    0x88, 0xff, 0x39, 0xff, 0x88, 0xff, 0x39, 0xff, 0x88, 0xff, 0x39, 0xff,
    0x88, 0xff, 0x39, 0xff, 0x88, 0xff, 0x39, 0xff, 0x88, 0xff, 0x39, 0xff,
    0x88, 0xff, 0x39, 0xff, 0x88, 0xff, 0x39, 0xff, 0x88, 0xff, 0x39, 0xff,
    0x88, 0xff, 0x39, 0xff, 0x88, 0xff, 0x39, 0xff, 0x88, 0xff, 0x39, 0xff,
    0x88, 0xff, 0x39, 0xff, 0x88, 0xff, 0x39, 0xff, 0x88, 0xff, 0x39, 0xff,
    0x88, 0xff, 0x39, 0xff, 0x88, 0xff, 0x39, 0xff, 0x88, 0xff, 0x39, 0xff,
    0x88, 0xff, 0x39, 0xff, 0x88, 0xff, 0x39, 0xff, 0x88, 0xff, 0x39, 0xff,
    0x88, 0xff, 0x39, 0xff, 0x88, 0xff, 0x39, 0xff, 0x88, 0xff, 0x39, 0xff,
    0x88, 0xff, 0x39, 0xff, 0x88, 0xff, 0x39, 0x98, 0x88, 0xff, 0x39, 0x56,
    0x88, 0xff, 0x39, 0x24, 0x88, 0xff, 0x39, 0x0c, 0x88, 0xff, 0x39, 0x04,
    0x00, 0x00, 0x00, 0x00, 0x00, 0x00, 0x00, 0x00, 0x00, 0x00, 0x00, 0x00,
    0x00, 0x00, 0x00, 0x00, 0x88, 0xff, 0x39, 0x01, 0x88, 0xff, 0x39, 0x05,
    0x88, 0xff, 0x39, 0x10, 0x86, 0xfc, 0x38, 0x34, 0x88, 0xff, 0x39, 0x6f,
    0x88, 0xff, 0x39, 0xff, 0x88, 0xff, 0x39, 0xff, 0x88, 0xff, 0x39, 0xff,
    0x88, 0xff, 0x39, 0xff, 0x88, 0xff, 0x39, 0xff, 0x88, 0xff, 0x39, 0xff,
    0x88, 0xff, 0x39, 0xff, 0x88, 0xff, 0x39, 0xff, 0x88, 0xff, 0x39, 0xff,
    0x88, 0xff, 0x39, 0xff, 0x88, 0xff, 0x39, 0xff, 0x88, 0xff, 0x39, 0xff,
    0x88, 0xff, 0x39, 0xff, 0x88, 0xff, 0x39, 0xff, 0x88, 0xff, 0x39, 0xff,
    0x88, 0xff, 0x39, 0xff, 0x88, 0xff, 0x39, 0xff, 0x88, 0xff, 0x39, 0xff,
    0x88, 0xff, 0x39, 0xff, 0x88, 0xff, 0x39, 0xff, 0x88, 0xff, 0x39, 0xff,
    0x88, 0xff, 0x39, 0xff, 0x88, 0xff, 0x39, 0xff, 0x88, 0xff, 0x39, 0xff,
    0x88, 0xff, 0x39, 0xff, 0x88, 0xff, 0x39, 0xff, 0x88, 0xff, 0x39, 0xff,
    0x88, 0xff, 0x39, 0x6f, 0x86, 0xfc, 0x38, 0x34, 0x88, 0xff, 0x39, 0x10,
    0x88, 0xff, 0x39, 0x05, 0x88, 0xff, 0x39, 0x01, 0x00, 0x00, 0x00, 0x00,
    0x00, 0x00, 0x00, 0x00, 0x00, 0x00, 0x00, 0x00, 0x88, 0xff, 0x39, 0x01,
    0x88, 0xff, 0x39, 0x06, 0x88, 0xff, 0x39, 0x13, 0x88, 0xff, 0x39, 0x3d,
    0x87, 0xfe, 0x38, 0x7e, 0x88, 0xff, 0x39, 0xff, 0x88, 0xff, 0x39, 0xff,
    0x88, 0xff, 0x39, 0xff, 0x88, 0xff, 0x39, 0xff, 0x88, 0xff, 0x39, 0xff,
    0x88, 0xff, 0x39, 0xff, 0x88, 0xff, 0x39, 0xff, 0x88, 0xff, 0x39, 0xff,
    0x88, 0xff, 0x39, 0xff, 0x88, 0xff, 0x39, 0xff, 0x88, 0xff, 0x39, 0xff,
    0x88, 0xff, 0x39, 0xff, 0x88, 0xff, 0x39, 0xff, 0x88, 0xff, 0x39, 0xff,
    0x88, 0xff, 0x39, 0xff, 0x88, 0xff, 0x39, 0xff, 0x88, 0xff, 0x39, 0xff,
    0x88, 0xff, 0x39, 0xff, 0x88, 0xff, 0x39, 0xff, 0x88, 0xff, 0x39, 0xff,
    0x88, 0xff, 0x39, 0xff, 0x88, 0xff, 0x39, 0xff, 0x88, 0xff, 0x39, 0xff,
    0x88, 0xff, 0x39, 0xff, 0x88, 0xff, 0x39, 0xff, 0x88, 0xff, 0x39, 0xff,
    0x88, 0xff, 0x39, 0xff, 0x87, 0xfe, 0x38, 0x7e, 0x88, 0xff, 0x39, 0x3d,
    0x88, 0xff, 0x39, 0x13, 0x88, 0xff, 0x39, 0x06, 0x88, 0xff, 0x39, 0x01,
    0x00, 0x00, 0x00, 0x00, 0x00, 0x00, 0x00, 0x00, 0x00, 0x00, 0x00, 0x00,
    0x88, 0xff, 0x39, 0x01, 0x88, 0xff, 0x39, 0x07, 0x88, 0xff, 0x39, 0x15,
    0x89, 0xff, 0x39, 0x42, 0x88, 0xff, 0x39, 0x86, 0x88, 0xff, 0x39, 0xff,
    0x88, 0xff, 0x39, 0xff, 0x88, 0xff, 0x39, 0xff, 0x88, 0xff, 0x39, 0xff,
    0xff, 0xff, 0xff, 0xff, 0xff, 0xff, 0xff, 0xff, 0xff, 0xff, 0xff, 0xff,
    0x88, 0xff, 0x39, 0xff, 0x88, 0xff, 0x39, 0xff, 0x88, 0xff, 0x39, 0xff,
    0x88, 0xff, 0x39, 0xff, 0x88, 0xff, 0x39, 0xff, 0x88, 0xff, 0x39, 0xff,
    0x88, 0xff, 0x39, 0xff, 0x88, 0xff, 0x39, 0xff, 0x88, 0xff, 0x39, 0xff,
    0x88, 0xff, 0x39, 0xff, 0x88, 0xff, 0x39, 0xff, 0x88, 0xff, 0x39, 0xff,
    0x88, 0xff, 0x39, 0xff, 0x88, 0xff, 0x39, 0xff, 0x88, 0xff, 0x39, 0xff,
    0x88, 0xff, 0x39, 0xff, 0x88, 0xff, 0x39, 0xff, 0x88, 0xff, 0x39, 0xff,
    0x88, 0xff, 0x39, 0xff, 0x88, 0xff, 0x39, 0xff, 0x88, 0xff, 0x39, 0x86,
    0x89, 0xff, 0x39, 0x42, 0x88, 0xff, 0x39, 0x15, 0x88, 0xff, 0x39, 0x07,
    0x88, 0xff, 0x39, 0x01, 0x00, 0x00, 0x00, 0x00, 0x00, 0x00, 0x00, 0x00,
    0x00, 0x00, 0x00, 0x00, 0x88, 0xff, 0x39, 0x02, 0x88, 0xff, 0x39, 0x08,
    0x88, 0xff, 0x39, 0x16, 0x88, 0xff, 0x39, 0x44, 0x87, 0xfe, 0x38, 0x88,
    0x88, 0xff, 0x39, 0xff, 0x88, 0xff, 0x39, 0xff, 0x88, 0xff, 0x39, 0xff,
    0x88, 0xff, 0x39, 0xff, 0xff, 0xff, 0xff, 0xff, 0xff, 0xff, 0xff, 0xff,
    0xff, 0xff, 0xff, 0xff, 0xff, 0xff, 0xff, 0xff, 0xff, 0xff, 0xff, 0xff,
    0x88, 0xff, 0x39, 0xff, 0x88, 0xff, 0x39, 0xff, 0x88, 0xff, 0x39, 0xff,
    0x88, 0xff, 0x39, 0xff, 0x88, 0xff, 0x39, 0xff, 0x88, 0xff, 0x39, 0xff,
    0x88, 0xff, 0x39, 0xff, 0x88, 0xff, 0x39, 0xff, 0x88, 0xff, 0x39, 0xff,
    0x88, 0xff, 0x39, 0xff, 0x88, 0xff, 0x39, 0xff, 0x88, 0xff, 0x39, 0xff,
    0x88, 0xff, 0x39, 0xff, 0x88, 0xff, 0x39, 0xff, 0x88, 0xff, 0x39, 0xff,
    0x88, 0xff, 0x39, 0xff, 0x88, 0xff, 0x39, 0xff, 0x88, 0xff, 0x39, 0xff,
    0x87, 0xfe, 0x38, 0x88, 0x88, 0xff, 0x39, 0x44, 0x88, 0xff, 0x39, 0x16,
    0x88, 0xff, 0x39, 0x08, 0x88, 0xff, 0x39, 0x02, 0x00, 0x00, 0x00, 0x00,
    0x00, 0x00, 0x00, 0x00, 0x00, 0x00, 0x00, 0x00, 0x88, 0xff, 0x39, 0x02,
    0x88, 0xff, 0x39, 0x08, 0x88, 0xff, 0x39, 0x17, 0x88, 0xff, 0x39, 0x45,
    0x88, 0xff, 0x39, 0x89, 0x88, 0xff, 0x39, 0xff, 0x88, 0xff, 0x39, 0xff,
    0x88, 0xff, 0x39, 0xff, 0x88, 0xff, 0x39, 0xff, 0x88, 0xff, 0x39, 0xff,
    0xff, 0xff, 0xff, 0xff, 0xff, 0xff, 0xff, 0xff, 0xff, 0xff, 0xff, 0xff,
    0xff, 0xff, 0xff, 0xff, 0xff, 0xff, 0xff, 0xff, 0x88, 0xff, 0x39, 0xff,
    0x88, 0xff, 0x39, 0xff, 0x88, 0xff, 0x39, 0xff, 0x88, 0xff, 0x39, 0xff,
    0x88, 0xff, 0x39, 0xff, 0x88, 0xff, 0x39, 0xff, 0x88, 0xff, 0x39, 0xff,
    0x88, 0xff, 0x39, 0xff, 0x88, 0xff, 0x39, 0xff, 0x88, 0xff, 0x39, 0xff,
    0x88, 0xff, 0x39, 0xff, 0x88, 0xff, 0x39, 0xff, 0x88, 0xff, 0x39, 0xff,
    0x88, 0xff, 0x39, 0xff, 0x88, 0xff, 0x39, 0xff, 0x88, 0xff, 0x39, 0xff,
    0x88, 0xff, 0x39, 0xff, 0x88, 0xff, 0x39, 0x89, 0x88, 0xff, 0x39, 0x45,
    0x88, 0xff, 0x39, 0x17, 0x88, 0xff, 0x39, 0x08, 0x88, 0xff, 0x39, 0x02,
    0x00, 0x00, 0x00, 0x00, 0x00, 0x00, 0x00, 0x00, 0x00, 0x00, 0x00, 0x00,
    0x88, 0xff, 0x39, 0x02, 0x88, 0xff, 0x39, 0x08, 0x88, 0xff, 0x39, 0x17,
    0x88, 0xff, 0x39, 0x45, 0x88, 0xff, 0x39, 0x89, 0x88, 0xff, 0x39, 0xff,
    0x88, 0xff, 0x39, 0xff, 0x88, 0xff, 0x39, 0xff, 0x88, 0xff, 0x39, 0xff,
    0x88, 0xff, 0x39, 0xff, 0x88, 0xff, 0x39, 0xff, 0xff, 0xff, 0xff, 0xff,
    0xff, 0xff, 0xff, 0xff, 0xff, 0xff, 0xff, 0xff, 0xff, 0xff, 0xff, 0xff,
    0xff, 0xff, 0xff, 0xff, 0x88, 0xff, 0x39, 0xff, 0x88, 0xff, 0x39, 0xff,
    0x88, 0xff, 0x39, 0xff, 0x88, 0xff, 0x39, 0xff, 0x88, 0xff, 0x39, 0xff,
    0x88, 0xff, 0x39, 0xff, 0x88, 0xff, 0x39, 0xff, 0x88, 0xff, 0x39, 0xff,
    0x88, 0xff, 0x39, 0xff, 0x88, 0xff, 0x39, 0xff, 0x88, 0xff, 0x39, 0xff,
    0x88, 0xff, 0x39, 0xff, 0x88, 0xff, 0x39, 0xff, 0x88, 0xff, 0x39, 0xff,
    0x88, 0xff, 0x39, 0xff, 0x88, 0xff, 0x39, 0xff, 0x88, 0xff, 0x39, 0x89,
    0x88, 0xff, 0x39, 0x45, 0x88, 0xff, 0x39, 0x17, 0x88, 0xff, 0x39, 0x08,
    0x88, 0xff, 0x39, 0x02, 0x00, 0x00, 0x00, 0x00, 0x00, 0x00, 0x00, 0x00,
    0x00, 0x00, 0x00, 0x00, 0x88, 0xff, 0x39, 0x02, 0x88, 0xff, 0x39, 0x08,
    0x88, 0xff, 0x39, 0x17, 0x88, 0xff, 0x39, 0x45, 0x88, 0xff, 0x39, 0x89,
    0x88, 0xff, 0x39, 0xff, 0x88, 0xff, 0x39, 0xff, 0x88, 0xff, 0x39, 0xff,
    0x88, 0xff, 0x39, 0xff, 0x88, 0xff, 0x39, 0xff, 0x88, 0xff, 0x39, 0xff,
    0xff, 0xff, 0xff, 0xff, 0xff, 0xff, 0xff, 0xff, 0xff, 0xff, 0xff, 0xff,
    0xff, 0xff, 0xff, 0xff, 0xff, 0xff, 0xff, 0xff, 0x88, 0xff, 0x39, 0xff,
    0x88, 0xff, 0x39, 0xff, 0x88, 0xff, 0x39, 0xff, 0x88, 0xff, 0x39, 0xff,
    0x88, 0xff, 0x39, 0xff, 0x88, 0xff, 0x39, 0xff, 0x88, 0xff, 0x39, 0xff,
    0x88, 0xff, 0x39, 0xff, 0x88, 0xff, 0x39, 0xff, 0x88, 0xff, 0x39, 0xff,
    0x88, 0xff, 0x39, 0xff, 0x88, 0xff, 0x39, 0xff, 0x88, 0xff, 0x39, 0xff,
    0x88, 0xff, 0x39, 0xff, 0x88, 0xff, 0x39, 0xff, 0x88, 0xff, 0x39, 0xff,
    0x88, 0xff, 0x39, 0x89, 0x88, 0xff, 0x39, 0x45, 0x88, 0xff, 0x39, 0x17,
    0x88, 0xff, 0x39, 0x08, 0x88, 0xff, 0x39, 0x02, 0x00, 0x00, 0x00, 0x00,
    0x00, 0x00, 0x00, 0x00, 0x00, 0x00, 0x00, 0x00, 0x88, 0xff, 0x39, 0x02,
    0x88, 0xff, 0x39, 0x08, 0x88, 0xff, 0x39, 0x17, 0x88, 0xff, 0x39, 0x45,
    0x88, 0xff, 0x39, 0x89, 0x88, 0xff, 0x39, 0xff, 0x88, 0xff, 0x39, 0xff,
    0x88, 0xff, 0x39, 0xff, 0x88, 0xff, 0x39, 0xff, 0x88, 0xff, 0x39, 0xff,
    0xff, 0xff, 0xff, 0xff, 0xff, 0xff, 0xff, 0xff, 0xff, 0xff, 0xff, 0xff,
    0xff, 0xff, 0xff, 0xff, 0xff, 0xff, 0xff, 0xff, 0x88, 0xff, 0x39, 0xff,
    0x88, 0xff, 0x39, 0xff, 0x88, 0xff, 0x39, 0xff, 0x88, 0xff, 0x39, 0xff,
    0x88, 0xff, 0x39, 0xff, 0x88, 0xff, 0x39, 0xff, 0x88, 0xff, 0x39, 0xff,
    0x88, 0xff, 0x39, 0xff, 0x88, 0xff, 0x39, 0xff, 0x88, 0xff, 0x39, 0xff,
    0x88, 0xff, 0x39, 0xff, 0x88, 0xff, 0x39, 0xff, 0x88, 0xff, 0x39, 0xff,
    0x88, 0xff, 0x39, 0xff, 0x88, 0xff, 0x39, 0xff, 0x88, 0xff, 0x39, 0xff,
    0x88, 0xff, 0x39, 0xff, 0x88, 0xff, 0x39, 0x89, 0x88, 0xff, 0x39, 0x45,
    0x88, 0xff, 0x39, 0x17, 0x88, 0xff, 0x39, 0x08, 0x88, 0xff, 0x39, 0x02,
    0x00, 0x00, 0x00, 0x00, 0x00, 0x00, 0x00, 0x00, 0x00, 0x00, 0x00, 0x00,
    0x88, 0xff, 0x39, 0x02, 0x88, 0xff, 0x39, 0x08, 0x88, 0xff, 0x39, 0x17,
    0x88, 0xff, 0x39, 0x45, 0x88, 0xff, 0x39, 0x89, 0x88, 0xff, 0x39, 0xff,
    0x88, 0xff, 0x39, 0xff, 0x88, 0xff, 0x39, 0xff, 0x88, 0xff, 0x39, 0xff,
    0xff, 0xff, 0xff, 0xff, 0xff, 0xff, 0xff, 0xff, 0xff, 0xff, 0xff, 0xff,
    0xff, 0xff, 0xff, 0xff, 0xff, 0xff, 0xff, 0xff, 0x88, 0xff, 0x39, 0xff,
    0x88, 0xff, 0x39, 0xff, 0x88, 0xff, 0x39, 0xff, 0x88, 0xff, 0x39, 0xff,
    0xff, 0xff, 0xff, 0xff, 0xff, 0xff, 0xff, 0xff, 0xff, 0xff, 0xff, 0xff,
    0xff, 0xff, 0xff, 0xff, 0xff, 0xff, 0xff, 0xff, 0xff, 0xff, 0xff, 0xff,
    0xff, 0xff, 0xff, 0xff, 0xff, 0xff, 0xff, 0xff, 0xff, 0xff, 0xff, 0xff,
    0xff, 0xff, 0xff, 0xff, 0x88, 0xff, 0x39, 0xff, 0x88, 0xff, 0x39, 0xff,
    0x88, 0xff, 0x39, 0xff, 0x88, 0xff, 0x39, 0xff, 0x88, 0xff, 0x39, 0x89,
    0x88, 0xff, 0x39, 0x45, 0x88, 0xff, 0x39, 0x17, 0x88, 0xff, 0x39, 0x08,
    0x88, 0xff, 0x39, 0x02, 0x00, 0x00, 0x00, 0x00, 0x00, 0x00, 0x00, 0x00,
    0x00, 0x00, 0x00, 0x00, 0x88, 0xff, 0x39, 0x02, 0x88, 0xff, 0x39, 0x08,
    0x88, 0xff, 0x39, 0x16, 0x88, 0xff, 0x39, 0x44, 0x87, 0xfe, 0x38, 0x88,
    0x88, 0xff, 0x39, 0xff, 0x88, 0xff, 0x39, 0xff, 0x88, 0xff, 0x39, 0xff,
    0x88, 0xff, 0x39, 0xff, 0xff, 0xff, 0xff, 0xff, 0xff, 0xff, 0xff, 0xff,
    0xff, 0xff, 0xff, 0xff, 0x88, 0xff, 0x39, 0xff, 0x88, 0xff, 0x39, 0xff,
    0x88, 0xff, 0x39, 0xff, 0x88, 0xff, 0x39, 0xff, 0x88, 0xff, 0x39, 0xff,
    0x88, 0xff, 0x39, 0xff, 0xff, 0xff, 0xff, 0xff, 0xff, 0xff, 0xff, 0xff,
    0xff, 0xff, 0xff, 0xff, 0xff, 0xff, 0xff, 0xff, 0xff, 0xff, 0xff, 0xff,
    0xff, 0xff, 0xff, 0xff, 0xff, 0xff, 0xff, 0xff, 0xff, 0xff, 0xff, 0xff,
    0xff, 0xff, 0xff, 0xff, 0xff, 0xff, 0xff, 0xff, 0x88, 0xff, 0x39, 0xff,
    0x88, 0xff, 0x39, 0xff, 0x88, 0xff, 0x39, 0xff, 0x88, 0xff, 0x39, 0xff,
    0x87, 0xfe, 0x38, 0x88, 0x88, 0xff, 0x39, 0x44, 0x88, 0xff, 0x39, 0x16,
    0x88, 0xff, 0x39, 0x08, 0x88, 0xff, 0x39, 0x02, 0x00, 0x00, 0x00, 0x00,
    0x00, 0x00, 0x00, 0x00, 0x00, 0x00, 0x00, 0x00, 0x88, 0xff, 0x39, 0x01,
    0x88, 0xff, 0x39, 0x07, 0x88, 0xff, 0x39, 0x15, 0x89, 0xff, 0x39, 0x42,
    0x88, 0xff, 0x39, 0x86, 0x88, 0xff, 0x39, 0xff, 0x88, 0xff, 0x39, 0xff,
    0x88, 0xff, 0x39, 0xff, 0x88, 0xff, 0x39, 0xff, 0x88, 0xff, 0x39, 0xff,
    0x88, 0xff, 0x39, 0xff, 0x88, 0xff, 0x39, 0xff, 0x88, 0xff, 0x39, 0xff,
    0x88, 0xff, 0x39, 0xff, 0x88, 0xff, 0x39, 0xff, 0x88, 0xff, 0x39, 0xff,
    0x88, 0xff, 0x39, 0xff, 0x88, 0xff, 0x39, 0xff, 0x88, 0xff, 0x39, 0xff,
    0xff, 0xff, 0xff, 0xff, 0xff, 0xff, 0xff, 0xff, 0xff, 0xff, 0xff, 0xff,
    0xff, 0xff, 0xff, 0xff, 0xff, 0xff, 0xff, 0xff, 0xff, 0xff, 0xff, 0xff,
    0xff, 0xff, 0xff, 0xff, 0xff, 0xff, 0xff, 0xff, 0x88, 0xff, 0x39, 0xff,
    0x88, 0xff, 0x39, 0xff, 0x88, 0xff, 0x39, 0xff, 0x88, 0xff, 0x39, 0xff,
    0x88, 0xff, 0x39, 0xff, 0x88, 0xff, 0x39, 0x86, 0x89, 0xff, 0x39, 0x42,
    0x88, 0xff, 0x39, 0x15, 0x88, 0xff, 0x39, 0x07, 0x88, 0xff, 0x39, 0x01,
    0x00, 0x00, 0x00, 0x00, 0x00, 0x00, 0x00, 0x00, 0x00, 0x00, 0x00, 0x00,
    0x88, 0xff, 0x39, 0x01, 0x88, 0xff, 0x39, 0x06, 0x88, 0xff, 0x39, 0x13,
    0x88, 0xff, 0x39, 0x3d, 0x87, 0xfe, 0x38, 0x7e, 0x88, 0xff, 0x39, 0xff,
    0x88, 0xff, 0x39, 0xff, 0x88, 0xff, 0x39, 0xff, 0x88, 0xff, 0x39, 0xff,
    0x88, 0xff, 0x39, 0xff, 0x88, 0xff, 0x39, 0xff, 0x88, 0xff, 0x39, 0xff,
    0x88, 0xff, 0x39, 0xff, 0x88, 0xff, 0x39, 0xff, 0x88, 0xff, 0x39, 0xff,
    0x88, 0xff, 0x39, 0xff, 0x88, 0xff, 0x39, 0xff, 0x88, 0xff, 0x39, 0xff,
    0x88, 0xff, 0x39, 0xff, 0x88, 0xff, 0x39, 0xff, 0x88, 0xff, 0x39, 0xff,
    0x88, 0xff, 0x39, 0xff, 0x88, 0xff, 0x39, 0xff, 0x88, 0xff, 0x39, 0xff,
    0x88, 0xff, 0x39, 0xff, 0x88, 0xff, 0x39, 0xff, 0x88, 0xff, 0x39, 0xff,
    0x88, 0xff, 0x39, 0xff, 0x88, 0xff, 0x39, 0xff, 0x88, 0xff, 0x39, 0xff,
    0x88, 0xff, 0x39, 0xff, 0x88, 0xff, 0x39, 0xff, 0x87, 0xfe, 0x38, 0x7e,
    0x88, 0xff, 0x39, 0x3d, 0x88, 0xff, 0x39, 0x13, 0x88, 0xff, 0x39, 0x06,
    0x88, 0xff, 0x39, 0x01, 0x00, 0x00, 0x00, 0x00, 0x00, 0x00, 0x00, 0x00,
    0x00, 0x00, 0x00, 0x00, 0x88, 0xff, 0x39, 0x01, 0x88, 0xff, 0x39, 0x05,
    0x88, 0xff, 0x39, 0x10, 0x86, 0xfc, 0x38, 0x34, 0x88, 0xff, 0x39, 0x6f,
    0x88, 0xff, 0x39, 0xff, 0x88, 0xff, 0x39, 0xff, 0x88, 0xff, 0x39, 0xff,
    0x88, 0xff, 0x39, 0xff, 0x88, 0xff, 0x39, 0xff, 0x88, 0xff, 0x39, 0xff,
    0x88, 0xff, 0x39, 0xff, 0x88, 0xff, 0x39, 0xff, 0x88, 0xff, 0x39, 0xff,
    0x88, 0xff, 0x39, 0xff, 0x88, 0xff, 0x39, 0xff, 0x88, 0xff, 0x39, 0xff,
    0x88, 0xff, 0x39, 0xff, 0x88, 0xff, 0x39, 0xff, 0x88, 0xff, 0x39, 0xff,
    0x88, 0xff, 0x39, 0xff, 0x88, 0xff, 0x39, 0xff, 0x88, 0xff, 0x39, 0xff,
    0x88, 0xff, 0x39, 0xff, 0x88, 0xff, 0x39, 0xff, 0x88, 0xff, 0x39, 0xff,
    0x88, 0xff, 0x39, 0xff, 0x88, 0xff, 0x39, 0xff, 0x88, 0xff, 0x39, 0xff,
    0x88, 0xff, 0x39, 0xff, 0x88, 0xff, 0x39, 0xff, 0x88, 0xff, 0x39, 0xff,
    0x88, 0xff, 0x39, 0x6f, 0x86, 0xfc, 0x38, 0x34, 0x88, 0xff, 0x39, 0x10,
    0x88, 0xff, 0x39, 0x05, 0x88, 0xff, 0x39, 0x01, 0x00, 0x00, 0x00, 0x00,
    0x00, 0x00, 0x00, 0x00, 0x00, 0x00, 0x00, 0x00, 0x00, 0x00, 0x00, 0x00,
    0x88, 0xff, 0x39, 0x04, 0x88, 0xff, 0x39, 0x0c, 0x88, 0xff, 0x39, 0x24,
    0x88, 0xff, 0x39, 0x56, 0x88, 0xff, 0x39, 0x98, 0x88, 0xff, 0x39, 0xff,
    0x88, 0xff, 0x39, 0xff, 0x88, 0xff, 0x39, 0xff, 0x88, 0xff, 0x39, 0xff,
    0x88, 0xff, 0x39, 0xff, 0x88, 0xff, 0x39, 0xff, 0x88, 0xff, 0x39, 0xff,
    0x88, 0xff, 0x39, 0xff, 0x88, 0xff, 0x39, 0xff, 0x88, 0xff, 0x39, 0xff,
    0x88, 0xff, 0x39, 0xff, 0x88, 0xff, 0x39, 0xff, 0x88, 0xff, 0x39, 0xff,
    0x88, 0xff, 0x39, 0xff, 0x88, 0xff, 0x39, 0xff, 0x88, 0xff, 0x39, 0xff,
    0x88, 0xff, 0x39, 0xff, 0x88, 0xff, 0x39, 0xff, 0x88, 0xff, 0x39, 0xff,
    0x88, 0xff, 0x39, 0xff, 0x88, 0xff, 0x39, 0xff, 0x88, 0xff, 0x39, 0xff,
    0x88, 0xff, 0x39, 0xff, 0x88, 0xff, 0x39, 0xff, 0x88, 0xff, 0x39, 0xff,
    0x88, 0xff, 0x39, 0x98, 0x88, 0xff, 0x39, 0x56, 0x88, 0xff, 0x39, 0x24,
    0x88, 0xff, 0x39, 0x0c, 0x88, 0xff, 0x39, 0x04, 0x00, 0x00, 0x00, 0x00,
    0x00, 0x00, 0x00, 0x00, 0x00, 0x00, 0x00, 0x00, 0x00, 0x00, 0x00, 0x00,
    0x00, 0x00, 0x00, 0x00, 0x88, 0xff, 0x39, 0x02, 0x88, 0xff, 0x39, 0x08,
    0x87, 0xfd, 0x38, 0x17, 0x88, 0xff, 0x39, 0x3c, 0x87, 0xfe, 0x38, 0x76,
    0x88, 0xff, 0x39, 0xff, 0x88, 0xff, 0x39, 0xff, 0x88, 0xff, 0x39, 0xff,
    0x88, 0xff, 0x39, 0xff, 0x88, 0xff, 0x39, 0xff, 0x88, 0xff, 0x39, 0xff,
    0x88, 0xff, 0x39, 0xff, 0x88, 0xff, 0x39, 0xff, 0x88, 0xff, 0x39, 0xff,
    0x88, 0xff, 0x39, 0xff, 0x88, 0xff, 0x39, 0xff, 0x88, 0xff, 0x39, 0xff,
    0x88, 0xff, 0x39, 0xff, 0x88, 0xff, 0x39, 0xff, 0x88, 0xff, 0x39, 0xff,
    0x88, 0xff, 0x39, 0xff, 0x88, 0xff, 0x39, 0xff, 0x88, 0xff, 0x39, 0xff,
    0x88, 0xff, 0x39, 0xff, 0x88, 0xff, 0x39, 0xff, 0x88, 0xff, 0x39, 0xff,
    0x88, 0xff, 0x39, 0xff, 0x88, 0xff, 0x39, 0xff, 0x88, 0xff, 0x39, 0xff,
    0x88, 0xff, 0x39, 0xff, 0x87, 0xfe, 0x38, 0x76, 0x88, 0xff, 0x39, 0x3c,
    0x87, 0xfd, 0x38, 0x17, 0x88, 0xff, 0x39, 0x08, 0x88, 0xff, 0x39, 0x02,
    0x00, 0x00, 0x00, 0x00, 0x00, 0x00, 0x00, 0x00, 0x00, 0x00, 0x00, 0x00,
    0x00, 0x00, 0x00, 0x00, 0x00, 0x00, 0x00, 0x00, 0x88, 0xff, 0x39, 0x01,
    0x88, 0xff, 0x39, 0x05, 0x88, 0xff, 0x39, 0x0d, 0x88, 0xff, 0x39, 0x23,
    0x88, 0xff, 0x39, 0x4d, 0x88, 0xff, 0x39, 0x82, 0x88, 0xff, 0x39, 0xff,
    0x88, 0xff, 0x39, 0xff, 0x88, 0xff, 0x39, 0xff, 0x88, 0xff, 0x39, 0xff,
    0x88, 0xff, 0x39, 0xff, 0x88, 0xff, 0x39, 0xff, 0x88, 0xff, 0x39, 0xff,
    0x88, 0xff, 0x39, 0xff, 0x88, 0xff, 0x39, 0xff, 0x88, 0xff, 0x39, 0xff,
    0x88, 0xff, 0x39, 0xff, 0x88, 0xff, 0x39, 0xff, 0x88, 0xff, 0x39, 0xff,
    0x88, 0xff, 0x39, 0xff, 0x88, 0xff, 0x39, 0xff, 0x88, 0xff, 0x39, 0xff,
    0x88, 0xff, 0x39, 0xff, 0x88, 0xff, 0x39, 0xff, 0x88, 0xff, 0x39, 0xff,
    0x88, 0xff, 0x39, 0xff, 0x88, 0xff, 0x39, 0xff, 0x88, 0xff, 0x39, 0xff,
    0x88, 0xff, 0x39, 0xff, 0x88, 0xff, 0x39, 0x82, 0x88, 0xff, 0x39, 0x4d,
    0x88, 0xff, 0x39, 0x23, 0x88, 0xff, 0x39, 0x0d, 0x88, 0xff, 0x39, 0x05,
    0x88, 0xff, 0x39, 0x01, 0x00, 0x00, 0x00, 0x00, 0x00, 0x00, 0x00, 0x00,
    0x00, 0x00, 0x00, 0x00, 0x00, 0x00, 0x00, 0x00, 0x00, 0x00, 0x00, 0x00,
    0x00, 0x00, 0x00, 0x00, 0x88, 0xff, 0x39, 0x02, 0x88, 0xff, 0x39, 0x07,
    0x87, 0xfd, 0x38, 0x13, 0x88, 0xff, 0x39, 0x2b, 0x88, 0xff, 0x39, 0x4d,
    0x87, 0xfe, 0x38, 0x76, 0x88, 0xff, 0x39, 0x98, 0x88, 0xff, 0x39, 0xff,
    0x88, 0xff, 0x39, 0xff, 0x88, 0xff, 0x39, 0xff, 0x88, 0xff, 0x39, 0xff,
    0x88, 0xff, 0x39, 0xff, 0x88, 0xff, 0x39, 0xff, 0x88, 0xff, 0x39, 0xff,
    0x88, 0xff, 0x39, 0xff, 0x88, 0xff, 0x39, 0xff, 0x88, 0xff, 0x39, 0xff,
    0x88, 0xff, 0x39, 0xff, 0x88, 0xff, 0x39, 0xff, 0x88, 0xff, 0x39, 0xff,
    0x88, 0xff, 0x39, 0xff, 0x88, 0xff, 0x39, 0xff, 0x88, 0xff, 0x39, 0xff,
    0x88, 0xff, 0x39, 0xff, 0x88, 0xff, 0x39, 0xff, 0x88, 0xff, 0x39, 0xff,
    0x88, 0xff, 0x39, 0x98, 0x87, 0xfe, 0x38, 0x76, 0x88, 0xff, 0x39, 0x4d,
    0x88, 0xff, 0x39, 0x2b, 0x87, 0xfd, 0x38, 0x13, 0x88, 0xff, 0x39, 0x07,
    0x88, 0xff, 0x39, 0x02, 0x00, 0x00, 0x00, 0x00, 0x00, 0x00, 0x00, 0x00,
    0x00, 0x00, 0x00, 0x00, 0x00, 0x00, 0x00, 0x00, 0x00, 0x00, 0x00, 0x00,
    0x00, 0x00, 0x00, 0x00, 0x00, 0x00, 0x00, 0x00, 0x88, 0xff, 0x39, 0x01,
    0x88, 0xff, 0x39, 0x03, 0x88, 0xff, 0x39, 0x08, 0x87, 0xfd, 0x38, 0x13,
    0x88, 0xff, 0x39, 0x23, 0x88, 0xff, 0x39, 0x3c, 0x88, 0xff, 0x39, 0x56,
    0x88, 0xff, 0x39, 0x6f, 0x87, 0xfe, 0x38, 0x7e, 0x88, 0xff, 0x39, 0x86,
    0x87, 0xfe, 0x38, 0x88, 0x88, 0xff, 0x39, 0x89, 0x88, 0xff, 0x39, 0x89,
    0x88, 0xff, 0x39, 0x89, 0x88, 0xff, 0x39, 0x89, 0x88, 0xff, 0x39, 0x89,
    0x88, 0xff, 0x39, 0x89, 0x88, 0xff, 0x39, 0x89, 0x88, 0xff, 0x39, 0x89,
    0x88, 0xff, 0x39, 0x89, 0x88, 0xff, 0x39, 0x89, 0x88, 0xff, 0x39, 0x89,
    0x87, 0xfe, 0x38, 0x88, 0x88, 0xff, 0x39, 0x86, 0x87, 0xfe, 0x38, 0x7e,
    0x88, 0xff, 0x39, 0x6f, 0x88, 0xff, 0x39, 0x56, 0x88, 0xff, 0x39, 0x3c,
    0x88, 0xff, 0x39, 0x23, 0x87, 0xfd, 0x38, 0x13, 0x88, 0xff, 0x39, 0x08,
    0x88, 0xff, 0x39, 0x03, 0x88, 0xff, 0x39, 0x01, 0x00, 0x00, 0x00, 0x00,
    0x00, 0x00, 0x00, 0x00, 0x00, 0x00, 0x00, 0x00, 0x00, 0x00, 0x00, 0x00,
    0x00, 0x00, 0x00, 0x00, 0x00, 0x00, 0x00, 0x00, 0x00, 0x00, 0x00, 0x00,
    0x00, 0x00, 0x00, 0x00, 0x88, 0xff, 0x39, 0x01, 0x88, 0xff, 0x39, 0x03,
    0x88, 0xff, 0x39, 0x07, 0x88, 0xff, 0x39, 0x0d, 0x87, 0xfd, 0x38, 0x17,
    0x88, 0xff, 0x39, 0x24, 0x86, 0xfc, 0x38, 0x34, 0x88, 0xff, 0x39, 0x3d,
    0x89, 0xff, 0x39, 0x42, 0x88, 0xff, 0x39, 0x44, 0x88, 0xff, 0x39, 0x45,
    0x88, 0xff, 0x39, 0x45, 0x88, 0xff, 0x39, 0x45, 0x88, 0xff, 0x39, 0x45,
    0x88, 0xff, 0x39, 0x45, 0x88, 0xff, 0x39, 0x45, 0x88, 0xff, 0x39, 0x45,
    0x88, 0xff, 0x39, 0x45, 0x88, 0xff, 0x39, 0x45, 0x88, 0xff, 0x39, 0x45,
    0x88, 0xff, 0x39, 0x45, 0x88, 0xff, 0x39, 0x44, 0x89, 0xff, 0x39, 0x42,
    0x88, 0xff, 0x39, 0x3d, 0x86, 0xfc, 0x38, 0x34, 0x88, 0xff, 0x39, 0x24,
    0x87, 0xfd, 0x38, 0x17, 0x88, 0xff, 0x39, 0x0d, 0x88, 0xff, 0x39, 0x07,
    0x88, 0xff, 0x39, 0x03, 0x88, 0xff, 0x39, 0x01, 0x00, 0x00, 0x00, 0x00,
    0x00, 0x00, 0x00, 0x00, 0x00, 0x00, 0x00, 0x00, 0x00, 0x00, 0x00, 0x00,
    0x00, 0x00, 0x00, 0x00, 0x00, 0x00, 0x00, 0x00, 0x00, 0x00, 0x00, 0x00,
    0x00, 0x00, 0x00, 0x00, 0x00, 0x00, 0x00, 0x00, 0x00, 0x00, 0x00, 0x00,
    0x88, 0xff, 0x39, 0x01, 0x88, 0xff, 0x39, 0x02, 0x88, 0xff, 0x39, 0x05,
    0x88, 0xff, 0x39, 0x08, 0x88, 0xff, 0x39, 0x0c, 0x88, 0xff, 0x39, 0x10,
    0x88, 0xff, 0x39, 0x13, 0x88, 0xff, 0x39, 0x15, 0x88, 0xff, 0x39, 0x16,
    0x88, 0xff, 0x39, 0x17, 0x88, 0xff, 0x39, 0x17, 0x88, 0xff, 0x39, 0x17,
    0x88, 0xff, 0x39, 0x17, 0x88, 0xff, 0x39, 0x17, 0x88, 0xff, 0x39, 0x17,
    0x88, 0xff, 0x39, 0x17, 0x88, 0xff, 0x39, 0x17, 0x88, 0xff, 0x39, 0x17,
    0x88, 0xff, 0x39, 0x17, 0x88, 0xff, 0x39, 0x17, 0x88, 0xff, 0x39, 0x16,
    0x88, 0xff, 0x39, 0x15, 0x88, 0xff, 0x39, 0x13, 0x88, 0xff, 0x39, 0x10,
    0x88, 0xff, 0x39, 0x0c, 0x88, 0xff, 0x39, 0x08, 0x88, 0xff, 0x39, 0x05,
    0x88, 0xff, 0x39, 0x02, 0x88, 0xff, 0x39, 0x01, 0x00, 0x00, 0x00, 0x00,
    0x00, 0x00, 0x00, 0x00, 0x00, 0x00, 0x00, 0x00, 0x00, 0x00, 0x00, 0x00,
    0x00, 0x00, 0x00, 0x00, 0x00, 0x00, 0x00, 0x00, 0x00, 0x00, 0x00, 0x00,
    0x00, 0x00, 0x00, 0x00, 0x00, 0x00, 0x00, 0x00, 0x00, 0x00, 0x00, 0x00,
    0x00, 0x00, 0x00, 0x00, 0x00, 0x00, 0x00, 0x00, 0x00, 0x00, 0x00, 0x00,
    0x88, 0xff, 0x39, 0x01, 0x88, 0xff, 0x39, 0x02, 0x88, 0xff, 0x39, 0x04,
    0x88, 0xff, 0x39, 0x05, 0x88, 0xff, 0x39, 0x06, 0x88, 0xff, 0x39, 0x07,
    0x88, 0xff, 0x39, 0x08, 0x88, 0xff, 0x39, 0x08, 0x88, 0xff, 0x39, 0x08,
    0x88, 0xff, 0x39, 0x08, 0x88, 0xff, 0x39, 0x08, 0x88, 0xff, 0x39, 0x08,
    0x88, 0xff, 0x39, 0x08, 0x88, 0xff, 0x39, 0x08, 0x88, 0xff, 0x39, 0x08,
    0x88, 0xff, 0x39, 0x08, 0x88, 0xff, 0x39, 0x08, 0x88, 0xff, 0x39, 0x08,
    0x88, 0xff, 0x39, 0x08, 0x88, 0xff, 0x39, 0x07, 0x88, 0xff, 0x39, 0x06,
    0x88, 0xff, 0x39, 0x05, 0x88, 0xff, 0x39, 0x04, 0x88, 0xff, 0x39, 0x02,
    0x88, 0xff, 0x39, 0x01, 0x00, 0x00, 0x00, 0x00, 0x00, 0x00, 0x00, 0x00,
    0x00, 0x00, 0x00, 0x00, 0x00, 0x00, 0x00, 0x00, 0x00, 0x00, 0x00, 0x00,
    0x00, 0x00, 0x00, 0x00, 0x00, 0x00, 0x00, 0x00, 0x00, 0x00, 0x00, 0x00,
    0x00, 0x00, 0x00, 0x00, 0x00, 0x00, 0x00, 0x00, 0x00, 0x00, 0x00, 0x00,
    0x00, 0x00, 0x00, 0x00, 0x00, 0x00, 0x00, 0x00, 0x00, 0x00, 0x00, 0x00,
    0x00, 0x00, 0x00, 0x00, 0x00, 0x00, 0x00, 0x00, 0x00, 0x00, 0x00, 0x00,
    0x00, 0x00, 0x00, 0x00, 0x88, 0xff, 0x39, 0x01, 0x88, 0xff, 0x39, 0x01,
    0x88, 0xff, 0x39, 0x01, 0x88, 0xff, 0x39, 0x02, 0x88, 0xff, 0x39, 0x02,
    0x88, 0xff, 0x39, 0x02, 0x88, 0xff, 0x39, 0x02, 0x88, 0xff, 0x39, 0x02,
    0x88, 0xff, 0x39, 0x02, 0x88, 0xff, 0x39, 0x02, 0x88, 0xff, 0x39, 0x02,
    0x88, 0xff, 0x39, 0x02, 0x88, 0xff, 0x39, 0x02, 0x88, 0xff, 0x39, 0x02,
    0x88, 0xff, 0x39, 0x02, 0x88, 0xff, 0x39, 0x02, 0x88, 0xff, 0x39, 0x01,
    0x88, 0xff, 0x39, 0x01, 0x88, 0xff, 0x39, 0x01, 0x00, 0x00, 0x00, 0x00,
    0x00, 0x00, 0x00, 0x00, 0x00, 0x00, 0x00, 0x00, 0x00, 0x00, 0x00, 0x00,
    0x00, 0x00, 0x00, 0x00, 0x00, 0x00, 0x00, 0x00, 0x00, 0x00, 0x00, 0x00,
    0x00, 0x00, 0x00, 0x00, 0x00, 0x00, 0x00, 0x00, 0x00, 0x00, 0x00, 0x00,
    0x00, 0x00, 0x00, 0x00, 0x00, 0x00, 0x00, 0x00, 0x00, 0x00, 0x00, 0x00,
    0x00, 0x00, 0x00, 0x00, 0x00, 0x00, 0x00, 0x00, 0x00, 0x00, 0x00, 0x00,
    0x00, 0x00, 0x00, 0x00, 0x00, 0x00, 0x00, 0x00, 0x00, 0x00, 0x00, 0x00,
    0x00, 0x00, 0x00, 0x00, 0x00, 0x00, 0x00, 0x00, 0x00, 0x00, 0x00, 0x00,
    0x00, 0x00, 0x00, 0x00, 0x00, 0x00, 0x00, 0x00, 0x00, 0x00, 0x00, 0x00,
    0x00, 0x00, 0x00, 0x00, 0x00, 0x00, 0x00, 0x00, 0x00, 0x00, 0x00, 0x00,
    0x00, 0x00, 0x00, 0x00, 0x00, 0x00, 0x00, 0x00, 0x00, 0x00, 0x00, 0x00,
    0x00, 0x00, 0x00, 0x00, 0x00, 0x00, 0x00, 0x00, 0x00, 0x00, 0x00, 0x00,
    0x00, 0x00, 0x00, 0x00, 0x00, 0x00, 0x00, 0x00, 0x00, 0x00, 0x00, 0x00,
    0x00, 0x00, 0x00, 0x00, 0x00, 0x00, 0x00, 0x00, 0x00, 0x00, 0x00, 0x00,
    0x00, 0x00, 0x00, 0x00, 0x00, 0x00, 0x00, 0x00, 0x00, 0x00, 0x00, 0x00,
    0x00, 0x00, 0x00, 0x00, 0x00, 0x00, 0x00, 0x00, 0x00, 0x00, 0x00, 0x00,
    0x00, 0x00, 0x00, 0x00, 0x00, 0x00, 0x00, 0x00, 0x00, 0x00, 0x00, 0x00,
    0x00, 0x00, 0x00, 0x00, 0x00, 0x00, 0x00, 0x00, 0x00, 0x00, 0x00, 0x00,
    0x00, 0x00, 0x00, 0x00, 0x00, 0x00, 0x00, 0x00, 0x00, 0x00, 0x00, 0x00,
    0x00, 0x00, 0x00, 0x00, 0x00, 0x00, 0x00, 0x00, 0x00, 0x00, 0x00, 0x00,
    0x00, 0x00, 0x00, 0x00, 0x00, 0x00, 0x00, 0x00, 0x00, 0x00, 0x00, 0x00,
    0x00, 0x00, 0x00, 0x00, 0x00, 0x00, 0x00, 0x00, 0x00, 0x00, 0x00, 0x00,
    0x00, 0x00, 0x00, 0x00, 0x00, 0x00, 0x00, 0x00, 0x00, 0x00, 0x00, 0x00,
    0x00, 0x00, 0x00, 0x00, 0x00, 0x00, 0x00, 0x00, 0x00, 0x00, 0x00, 0x00,
    0x00, 0x00, 0x00, 0x00, 0x00, 0x00, 0x00, 0x00, 0x00, 0x00, 0x00, 0x00,
    0x00, 0x00, 0x00, 0x00, 0x00, 0x00, 0x00, 0x00, 0x00, 0x00, 0x00, 0x00,
    0x00, 0x00, 0x00, 0x00, 0x00, 0x00, 0x00, 0x00, 0x00, 0x00, 0x00, 0x00,
    0x00, 0x00, 0x00, 0x00, 0x00, 0x00, 0x00, 0x00, 0x00, 0x00, 0x00, 0x00,
    0x00, 0x00, 0x00, 0x00, 0x00, 0x00, 0x00, 0x00, 0x00, 0x00, 0x00, 0x00,
    0x00, 0x00, 0x00, 0x00, 0x00, 0x00, 0x00, 0x00, 0x00, 0x00, 0x00, 0x00,
    0x00, 0x00, 0x00, 0x00, 0x00, 0x00, 0x00, 0x00, 0x00, 0x00, 0x00, 0x00,
    0x00, 0x00, 0x00, 0x00, 0x00, 0x00, 0x00, 0x00, 0x00, 0x00, 0x00, 0x00,
    0x00, 0x00, 0x00, 0x00, 0x00, 0x00, 0x00, 0x00, 0x00, 0x00, 0x00, 0x00,
    0x00, 0x00, 0x00, 0x00, 0x00, 0x00, 0x00, 0x00, 0x00, 0x00, 0x00, 0x00,
    0x00, 0x00, 0x00, 0x00, 0x00, 0x00, 0x00, 0x00, 0x00, 0x00, 0x00, 0x00,
    0x00, 0x00, 0x00, 0x00, 0x00, 0x00, 0x00, 0x00, 0x00, 0x00, 0x00, 0x00,
    0x00, 0x00, 0x00, 0x00, 0x00, 0x00, 0x00, 0x00, 0x00, 0x00, 0x00, 0x00,
    0x00, 0x00, 0x00, 0x00, 0x00, 0x00, 0x00, 0x00, 0x00, 0x00, 0x00, 0x00,
    0x00, 0x00, 0x00, 0x00, 0x00, 0x00, 0x00, 0x00, 0x00, 0x00, 0x00, 0x00,
    0x00, 0x00, 0x00, 0x00, 0x00, 0x00, 0x00, 0x00, 0x00, 0x00, 0x00, 0x00,
    0x00, 0x00, 0x00, 0x00, 0x00, 0x00, 0x00, 0x00, 0x00, 0x00, 0x00, 0x00,
    0x00, 0x00, 0x00, 0x00, 0x00, 0x00, 0x00, 0x00, 0x00, 0x00, 0x00, 0x00,
    0x00, 0x00, 0x00, 0x00, 0x00, 0x00, 0x00, 0x00, 0x00, 0x00, 0x00, 0x00,
    0x00, 0x00, 0x00, 0x00, 0x00, 0x00, 0x00, 0x00, 0x00, 0x00, 0x00, 0x00,
    0x00, 0x00, 0x00, 0x00, 0x00, 0x00, 0x00, 0x00, 0x00, 0x00, 0x00, 0x00,
    0x00, 0x00, 0x00, 0x00, 0x00, 0x00, 0x00, 0x00, 0x00, 0x00, 0x00, 0x00,
    0x00, 0x00, 0x00, 0x00, 0x00, 0x00, 0x00, 0x00, 0x00, 0x00, 0x00, 0x00,
    0x00, 0x00, 0x00, 0x00, 0x00, 0x00, 0x00, 0x00, 0x00, 0x00, 0x00, 0x00,
    0x00, 0x00, 0x00, 0x00, 0x00, 0x00, 0x00, 0x00, 0x00, 0x00, 0x00, 0x00,
    0x00, 0x00, 0x00, 0x00, 0x00, 0x00, 0x00, 0x00, 0x00, 0x00, 0x00, 0x00,
    0x00, 0x00, 0x00, 0x00, 0x00, 0x00, 0x00, 0x00, 0x00, 0x00, 0x00, 0x00,
    0x00, 0x00, 0x00, 0x00, 0x00, 0x00, 0x00, 0x00, 0x00, 0x00, 0x00, 0x00,
    0x00, 0x00, 0x00, 0x00, 0x00, 0x00, 0x00, 0x00, 0x00, 0x00, 0x00, 0x00,
    0x00, 0x00, 0x00, 0x00, 0x00, 0x00, 0x00, 0x00, 0x00, 0x00, 0x00, 0x00,
    0x00, 0x00, 0x00, 0x00, 0x00, 0x00, 0x00, 0x00, 0x00, 0x00, 0x00, 0x00,
    0x00, 0x00, 0x00, 0x00, 0x00, 0x00, 0x00, 0x00, 0x00, 0x00, 0x00, 0x00,
    0x00, 0x00, 0x00, 0x00, 0x00, 0x00, 0x00, 0x00, 0x00, 0x00, 0x00, 0x00,
    0x00, 0x00, 0x00, 0x00,
};
const lv_image_dsc_t launcher_icon_terminal = {
    .header.magic = LV_IMAGE_HEADER_MAGIC,
    .header.cf = LV_COLOR_FORMAT_ARGB8888,
    .header.flags = 0,
    .header.w = 40,
    .header.h = 40,
    .header.stride = 160,
    .data_size = 6400,
    .data = icon_terminal_data,
};

static const uint8_t icon_serialip_data[6400] = {
    0x00, 0x00, 0x00, 0x00, 0x00, 0x00, 0x00, 0x00, 0x00, 0x00, 0x00, 0x00,
    0x00, 0x00, 0x00, 0x00, 0x00, 0x00, 0x00, 0x00, 0x00, 0x00, 0x00, 0x00,
    0x00, 0x00, 0x00, 0x00, 0x00, 0x00, 0x00, 0x00, 0x00, 0x00, 0x00, 0x00,
    0x00, 0x00, 0x00, 0x00, 0x00, 0x00, 0x00, 0x00, 0x00, 0x00, 0x00, 0x00,
    0x00, 0x00, 0x00, 0x00, 0x00, 0x00, 0x00, 0x00, 0x00, 0x00, 0x00, 0x00,
    0x00, 0x00, 0x00, 0x00, 0x00, 0x00, 0x00, 0x00, 0x00, 0x00, 0x00, 0x00,
    0x00, 0x00, 0x00, 0x00, 0x00, 0x00, 0x00, 0x00, 0x00, 0x00, 0x00, 0x00,
    0x00, 0x00, 0x00, 0x00, 0x00, 0x00, 0x00, 0x00, 0x00, 0x00, 0x00, 0x00,
    0x00, 0x00, 0x00, 0x00, 0x00, 0x00, 0x00, 0x00, 0x00, 0x00, 0x00, 0x00,
    0x00, 0x00, 0x00, 0x00, 0x00, 0x00, 0x00, 0x00, 0x00, 0x00, 0x00, 0x00,
    0x00, 0x00, 0x00, 0x00, 0x00, 0x00, 0x00, 0x00, 0x00, 0x00, 0x00, 0x00,
    0x00, 0x00, 0x00, 0x00, 0x00, 0x00, 0x00, 0x00, 0x00, 0x00, 0x00, 0x00,
    0x00, 0x00, 0x00, 0x00, 0x00, 0x00, 0x00, 0x00, 0x00, 0x00, 0x00, 0x00,
    0x00, 0x00, 0x00, 0x00, 0x00, 0x00, 0x00, 0x00, 0x00, 0x00, 0x00, 0x00,
    0x00, 0x00, 0x00, 0x00, 0x00, 0x00, 0x00, 0x00, 0x00, 0x00, 0x00, 0x00,
    0x00, 0x00, 0x00, 0x00, 0x00, 0x00, 0x00, 0x00, 0x00, 0x00, 0x00, 0x00,
    0x00, 0x00, 0x00, 0x00, 0x00, 0x00, 0x00, 0x00, 0x00, 0x00, 0x00, 0x00,
    0x00, 0x00, 0x00, 0x00, 0x00, 0x00, 0x00, 0x00, 0x00, 0x00, 0x00, 0x00,
    0x00, 0x00, 0x00, 0x00, 0x00, 0x00, 0x00, 0x00, 0x00, 0x00, 0x00, 0x00,
    0x00, 0x00, 0x00, 0x00, 0x00, 0x00, 0x00, 0x00, 0x00, 0x00, 0x00, 0x00,
    0x00, 0x00, 0x00, 0x00, 0x00, 0x00, 0x00, 0x00, 0x00, 0x00, 0x00, 0x00,
    0x00, 0x00, 0x00, 0x00, 0x00, 0x00, 0x00, 0x00, 0x00, 0x00, 0x00, 0x00,
    0x00, 0x00, 0x00, 0x00, 0x00, 0x00, 0x00, 0x00, 0x00, 0x00, 0x00, 0x00,
    0x00, 0x00, 0x00, 0x00, 0x00, 0x00, 0x00, 0x00, 0x00, 0x00, 0x00, 0x00,
    0x00, 0x00, 0x00, 0x00, 0x00, 0x00, 0x00, 0x00, 0x00, 0x00, 0x00, 0x00,
    0x00, 0x00, 0x00, 0x00, 0x00, 0x00, 0x00, 0x00, 0x00, 0x00, 0x00, 0x00,
    0x00, 0x00, 0x00, 0x00, 0x00, 0x00, 0x00, 0x00, 0x00, 0x00, 0x00, 0x00,
    0x00, 0x00, 0x00, 0x00, 0x00, 0x00, 0x00, 0x00, 0x00, 0x00, 0x00, 0x00,
    0x00, 0x00, 0x00, 0x00, 0x00, 0x00, 0x00, 0x00, 0x00, 0x00, 0x00, 0x00,
    0x00, 0x00, 0x00, 0x00, 0x00, 0x00, 0x00, 0x00, 0x00, 0x00, 0x00, 0x00,
    0x00, 0x00, 0x00, 0x00, 0x00, 0x00, 0x00, 0x00, 0x00, 0x00, 0x00, 0x00,
    0x00, 0x00, 0x00, 0x00, 0x00, 0x00, 0x00, 0x00, 0x00, 0x00, 0x00, 0x00,
    0x00, 0x00, 0x00, 0x00, 0x00, 0x00, 0x00, 0x00, 0x00, 0x00, 0x00, 0x00,
    0x00, 0x00, 0x00, 0x00, 0x00, 0x00, 0x00, 0x00, 0x00, 0x00, 0x00, 0x00,
    0x00, 0x00, 0x00, 0x00, 0x00, 0x00, 0x00, 0x00, 0x00, 0x00, 0x00, 0x00,
    0x00, 0x00, 0x00, 0x00, 0x00, 0x00, 0x00, 0x00, 0x00, 0x00, 0x00, 0x00,
    0x00, 0x00, 0x00, 0x00, 0x00, 0x00, 0x00, 0x00, 0x00, 0x00, 0x00, 0x00,
    0x00, 0x00, 0x00, 0x00, 0x00, 0x00, 0x00, 0x00, 0x00, 0x00, 0x00, 0x00,
    0x00, 0x00, 0x00, 0x00, 0x00, 0x00, 0x00, 0x00, 0x00, 0x00, 0x00, 0x00,
    0x00, 0x00, 0x00, 0x00, 0x00, 0x00, 0x00, 0x00, 0x00, 0x00, 0x00, 0x00,
    0x00, 0x00, 0x00, 0x00, 0x00, 0x00, 0x00, 0x00, 0x00, 0x00, 0x00, 0x00,
    0x00, 0x00, 0x00, 0x00, 0x00, 0x00, 0x00, 0x00, 0x00, 0x00, 0x00, 0x00,
    0x00, 0x00, 0x00, 0x00, 0x00, 0x00, 0x00, 0x00, 0x00, 0x00, 0x00, 0x00,
    0x00, 0x00, 0x00, 0x00, 0x00, 0x00, 0x00, 0x00, 0x00, 0x00, 0x00, 0x00,
    0x00, 0x00, 0x00, 0x00, 0x00, 0x00, 0x00, 0x00, 0x00, 0x00, 0x00, 0x00,
    0x00, 0x8c, 0xff, 0xff, 0x00, 0x8c, 0xff, 0xff, 0x00, 0x8c, 0xff, 0xff,
    0x00, 0x8c, 0xff, 0xff, 0x00, 0x8c, 0xff, 0xff, 0x00, 0x8c, 0xff, 0xff,
    0x00, 0x8c, 0xff, 0xff, 0x00, 0x8c, 0xff, 0xff, 0x00, 0x8c, 0xff, 0xff,
    0x00, 0x8c, 0xff, 0xff, 0x00, 0x00, 0x00, 0x00, 0x00, 0x00, 0x00, 0x00,
    0x00, 0x00, 0x00, 0x00, 0x00, 0x00, 0x00, 0x00, 0x00, 0x00, 0x00, 0x00,
    0x00, 0x00, 0x00, 0x00, 0x00, 0x00, 0x00, 0x00, 0x00, 0x00, 0x00, 0x00,
    0x00, 0x00, 0x00, 0x00, 0x00, 0x00, 0x00, 0x00, 0x00, 0x00, 0x00, 0x00,
    0x00, 0x00, 0x00, 0x00, 0x00, 0x00, 0x00, 0x00, 0x00, 0x00, 0x00, 0x00,
    0x00, 0x00, 0x00, 0x00, 0x00, 0x00, 0x00, 0x00, 0x00, 0x00, 0x00, 0x00,
    0x00, 0x00, 0x00, 0x00, 0x00, 0x00, 0x00, 0x00, 0x00, 0x00, 0x00, 0x00,
    0x00, 0x00, 0x00, 0x00, 0x00, 0x00, 0x00, 0x00, 0x00, 0x00, 0x00, 0x00,
    0x00, 0x00, 0x00, 0x00, 0x00, 0x00, 0x00, 0x00, 0x00, 0x00, 0x00, 0x00,
    0x00, 0x00, 0x00, 0x00, 0x00, 0x8c, 0xff, 0xff, 0x00, 0x8c, 0xff, 0xff,
    0x00, 0x8c, 0xff, 0xff, 0x00, 0x8c, 0xff, 0xff, 0x00, 0x8c, 0xff, 0xff,
    0x00, 0x8c, 0xff, 0xff, 0x00, 0x8c, 0xff, 0xff, 0x00, 0x8c, 0xff, 0xff,
    0x00, 0x8c, 0xff, 0xff, 0x00, 0x8c, 0xff, 0xff, 0x00, 0x8c, 0xff, 0xff,
    0x00, 0x8c, 0xff, 0xff, 0x00, 0x8c, 0xff, 0xff, 0x00, 0x8c, 0xff, 0xff,
    0x00, 0x8c, 0xff, 0xff, 0x00, 0x8c, 0xff, 0xff, 0x00, 0x00, 0x00, 0x00,
    0x00, 0x00, 0x00, 0x00, 0x00, 0x00, 0x00, 0x00, 0x00, 0x00, 0x00, 0x00,
    0x00, 0x00, 0x00, 0x00, 0x00, 0x00, 0x00, 0x00, 0x00, 0x00, 0x00, 0x00,
    0x00, 0x00, 0x00, 0x00, 0x00, 0x00, 0x00, 0x00, 0x00, 0x00, 0x00, 0x00,
    0x00, 0x00, 0x00, 0x00, 0x00, 0x00, 0x00, 0x00, 0x00, 0x00, 0x00, 0x00,
    0x00, 0x00, 0x00, 0x00, 0x00, 0x00, 0x00, 0x00, 0x00, 0x00, 0x00, 0x00,
    0x00, 0x00, 0x00, 0x00, 0x00, 0x00, 0x00, 0x00, 0x00, 0x00, 0x00, 0x00,
    0x00, 0x00, 0x00, 0x00, 0x00, 0x00, 0x00, 0x00, 0x00, 0x00, 0x00, 0x00,
    0x00, 0x00, 0x00, 0x00, 0x00, 0x8c, 0xff, 0xff, 0x00, 0x8c, 0xff, 0xff,
    0x00, 0x8c, 0xff, 0xff, 0x00, 0x8c, 0xff, 0xff, 0x00, 0x8c, 0xff, 0xff,
    0x00, 0x8c, 0xff, 0xff, 0x00, 0x8c, 0xff, 0xff, 0x00, 0x8c, 0xff, 0xff,
    0x00, 0x8c, 0xff, 0xff, 0x00, 0x8c, 0xff, 0xff, 0x00, 0x8c, 0xff, 0xff,
    0x00, 0x8c, 0xff, 0xff, 0x00, 0x8c, 0xff, 0xff, 0x00, 0x8c, 0xff, 0xff,
    0x00, 0x8c, 0xff, 0xff, 0x00, 0x8c, 0xff, 0xff, 0x00, 0x8c, 0xff, 0xff,
    0x00, 0x8c, 0xff, 0xff, 0x00, 0x00, 0x00, 0x00, 0x00, 0x00, 0x00, 0x00,
    0x00, 0x00, 0x00, 0x00, 0x00, 0x00, 0x00, 0x00, 0x00, 0x00, 0x00, 0x00,
    0x00, 0x00, 0x00, 0x00, 0x00, 0x00, 0x00, 0x00, 0x00, 0x00, 0x00, 0x00,
    0x00, 0x00, 0x00, 0x00, 0x00, 0x00, 0x00, 0x00, 0x00, 0x00, 0x00, 0x00,
    0x00, 0x00, 0x00, 0x00, 0x00, 0x00, 0x00, 0x00, 0x00, 0x00, 0x00, 0x00,
    0x00, 0x00, 0x00, 0x00, 0x00, 0x00, 0x00, 0x00, 0x00, 0x00, 0x00, 0x00,
    0x00, 0x00, 0x00, 0x00, 0x00, 0x00, 0x00, 0x00, 0x00, 0x00, 0x00, 0x00,
    0x00, 0x00, 0x00, 0x00, 0x00, 0x8c, 0xff, 0xff, 0x00, 0x8c, 0xff, 0xff,
    0x00, 0x8c, 0xff, 0xff, 0x00, 0x8c, 0xff, 0xff, 0x00, 0x8c, 0xff, 0xff,
    0x00, 0x00, 0x00, 0x00, 0x00, 0x00, 0x00, 0x00, 0x00, 0x00, 0x00, 0x00,
    0x00, 0x00, 0x00, 0x00, 0x00, 0x00, 0x00, 0x00, 0x00, 0x00, 0x00, 0x00,
    0x00, 0x00, 0x00, 0x00, 0x00, 0x00, 0x00, 0x00, 0x00, 0x00, 0x00, 0x00,
    0x00, 0x00, 0x00, 0x00, 0x00, 0x8c, 0xff, 0xff, 0x00, 0x8c, 0xff, 0xff,
    0x00, 0x8c, 0xff, 0xff, 0x00, 0x8c, 0xff, 0xff, 0x00, 0x8c, 0xff, 0xff,
    0x00, 0x00, 0x00, 0x00, 0x00, 0x00, 0x00, 0x00, 0x00, 0x00, 0x00, 0x00,
    0x00, 0x00, 0x00, 0x00, 0x00, 0x00, 0x00, 0x00, 0x00, 0x00, 0x00, 0x00,
    0x00, 0x00, 0x00, 0x00, 0x00, 0x00, 0x00, 0x00, 0x00, 0x00, 0x00, 0x00,
    0x00, 0x00, 0x00, 0x00, 0x00, 0x00, 0x00, 0x00, 0x00, 0x00, 0x00, 0x00,
    0x00, 0x00, 0x00, 0x00, 0x00, 0x00, 0x00, 0x00, 0x00, 0x00, 0x00, 0x00,
    0x00, 0x00, 0x00, 0x00, 0x00, 0x00, 0x00, 0x00, 0x00, 0x00, 0x00, 0x00,
    0x00, 0x00, 0x00, 0x00, 0x00, 0x8c, 0xff, 0xff, 0x00, 0x8c, 0xff, 0xff,
    0x00, 0x8c, 0xff, 0xff, 0x00, 0x8c, 0xff, 0xff, 0x00, 0x00, 0x00, 0x00,
    0x00, 0x00, 0x00, 0x00, 0x00, 0x00, 0x00, 0x00, 0x00, 0x00, 0x00, 0x00,
    0x00, 0x00, 0x00, 0x00, 0x00, 0x00, 0x00, 0x00, 0x00, 0x00, 0x00, 0x00,
    0x00, 0x00, 0x00, 0x00, 0x00, 0x00, 0x00, 0x00, 0x00, 0x00, 0x00, 0x00,
    0x00, 0x00, 0x00, 0x00, 0x00, 0x00, 0x00, 0x00, 0x00, 0x00, 0x00, 0x00,
    0x00, 0x00, 0x00, 0x00, 0x00, 0x8c, 0xff, 0xff, 0x00, 0x8c, 0xff, 0xff,
    0x00, 0x8c, 0xff, 0xff, 0x00, 0x8c, 0xff, 0xff, 0x00, 0x00, 0x00, 0x00,
    0x00, 0x00, 0x00, 0x00, 0x00, 0x00, 0x00, 0x00, 0x00, 0x00, 0x00, 0x00,
    0x00, 0x00, 0x00, 0x00, 0x00, 0x00, 0x00, 0x00, 0x00, 0x00, 0x00, 0x00,
    0x00, 0x00, 0x00, 0x00, 0x00, 0x00, 0x00, 0x00, 0x00, 0x00, 0x00, 0x00,
    0x00, 0x00, 0x00, 0x00, 0x00, 0x00, 0x00, 0x00, 0x00, 0x00, 0x00, 0x00,
    0x00, 0x00, 0x00, 0x00, 0x00, 0x00, 0x00, 0x00, 0x00, 0x00, 0x00, 0x00,
    0x00, 0x00, 0x00, 0x00, 0x00, 0x8c, 0xff, 0xff, 0x00, 0x8c, 0xff, 0xff,
    0x00, 0x8c, 0xff, 0xff, 0x00, 0x8c, 0xff, 0xff, 0x00, 0x00, 0x00, 0x00,
    0x00, 0x00, 0x00, 0x00, 0x00, 0x00, 0x00, 0x00, 0x00, 0x00, 0x00, 0x00,
    0x00, 0x8c, 0xff, 0xff, 0x00, 0x8c, 0xff, 0xff, 0x00, 0x8c, 0xff, 0xff,
    0x00, 0x8c, 0xff, 0xff, 0x00, 0x8c, 0xff, 0xff, 0x00, 0x8c, 0xff, 0xff,
    0x00, 0x8c, 0xff, 0xff, 0x00, 0x8c, 0xff, 0xff, 0x00, 0x00, 0x00, 0x00,
    0x00, 0x00, 0x00, 0x00, 0x00, 0x00, 0x00, 0x00, 0x00, 0x00, 0x00, 0x00,
    0x00, 0x8c, 0xff, 0xff, 0x00, 0x8c, 0xff, 0xff, 0x00, 0x8c, 0xff, 0xff,
    0x00, 0x8c, 0xff, 0xff, 0x00, 0x00, 0x00, 0x00, 0x00, 0x00, 0x00, 0x00,
    0x00, 0x00, 0x00, 0x00, 0x00, 0x00, 0x00, 0x00, 0x00, 0x00, 0x00, 0x00,
    0x00, 0x00, 0x00, 0x00, 0x00, 0x00, 0x00, 0x00, 0x00, 0x00, 0x00, 0x00,
    0x00, 0x00, 0x00, 0x00, 0x00, 0x00, 0x00, 0x00, 0x00, 0x00, 0x00, 0x00,
    0x00, 0x00, 0x00, 0x00, 0x00, 0x00, 0x00, 0x00, 0x00, 0x00, 0x00, 0x00,
    0x00, 0x00, 0x00, 0x00, 0x00, 0x8c, 0xff, 0xff, 0x00, 0x8c, 0xff, 0xff,
    0x00, 0x8c, 0xff, 0xff, 0x00, 0x8c, 0xff, 0xff, 0x00, 0x00, 0x00, 0x00,
    0x00, 0x00, 0x00, 0x00, 0x00, 0x00, 0x00, 0x00, 0x00, 0x8c, 0xff, 0xff,
    0x00, 0x8c, 0xff, 0xff, 0x00, 0x8c, 0xff, 0xff, 0x00, 0x8c, 0xff, 0xff,
    0x00, 0x8c, 0xff, 0xff, 0x00, 0x8c, 0xff, 0xff, 0x00, 0x8c, 0xff, 0xff,
    0x00, 0x8c, 0xff, 0xff, 0x00, 0x8c, 0xff, 0xff, 0x00, 0x8c, 0xff, 0xff,
    0x00, 0x8c, 0xff, 0xff, 0x00, 0x8c, 0xff, 0xff, 0x00, 0x00, 0x00, 0x00,
    0x00, 0x00, 0x00, 0x00, 0x00, 0x00, 0x00, 0x00, 0x00, 0x8c, 0xff, 0xff,
    0x00, 0x8c, 0xff, 0xff, 0x00, 0x8c, 0xff, 0xff, 0x00, 0x8c, 0xff, 0xff,
    0x00, 0x00, 0x00, 0x00, 0x00, 0x00, 0x00, 0x00, 0x00, 0x00, 0x00, 0x00,
    0x00, 0x00, 0x00, 0x00, 0x00, 0x00, 0x00, 0x00, 0x00, 0x00, 0x00, 0x00,
    0x00, 0x00, 0x00, 0x00, 0x00, 0x00, 0x00, 0x00, 0x00, 0x00, 0x00, 0x00,
    0x00, 0x00, 0x00, 0x00, 0x00, 0x00, 0x00, 0x00, 0x00, 0x00, 0x00, 0x00,
    0x00, 0x00, 0x00, 0x00, 0x00, 0x8c, 0xff, 0xff, 0x00, 0x8c, 0xff, 0xff,
    0x00, 0x8c, 0xff, 0xff, 0x00, 0x8c, 0xff, 0xff, 0x00, 0x00, 0x00, 0x00,
    0x00, 0x00, 0x00, 0x00, 0x00, 0x00, 0x00, 0x00, 0x00, 0x8c, 0xff, 0xff,
    0x00, 0x8c, 0xff, 0xff, 0x00, 0x8c, 0xff, 0xff, 0x00, 0x8c, 0xff, 0xff,
    0x00, 0x8c, 0xff, 0xff, 0x00, 0x8c, 0xff, 0xff, 0x00, 0x8c, 0xff, 0xff,
    0x00, 0x8c, 0xff, 0xff, 0x00, 0x8c, 0xff, 0xff, 0x00, 0x8c, 0xff, 0xff,
    0x00, 0x8c, 0xff, 0xff, 0x00, 0x8c, 0xff, 0xff, 0x00, 0x8c, 0xff, 0xff,
    0x00, 0x8c, 0xff, 0xff, 0x00, 0x00, 0x00, 0x00, 0x00, 0x00, 0x00, 0x00,
    0x00, 0x00, 0x00, 0x00, 0x00, 0x8c, 0xff, 0xff, 0x00, 0x8c, 0xff, 0xff,
    0x00, 0x8c, 0xff, 0xff, 0x00, 0x8c, 0xff, 0xff, 0x00, 0x00, 0x00, 0x00,
    0x00, 0x00, 0x00, 0x00, 0x00, 0x00, 0x00, 0x00, 0x00, 0x00, 0x00, 0x00,
    0x00, 0x00, 0x00, 0x00, 0x00, 0x00, 0x00, 0x00, 0x00, 0x00, 0x00, 0x00,
    0x00, 0x00, 0x00, 0x00, 0x00, 0x00, 0x00, 0x00, 0x00, 0x00, 0x00, 0x00,
    0x00, 0x00, 0x00, 0x00, 0x00, 0x00, 0x00, 0x00, 0x00, 0x8c, 0xff, 0xff,
    0x00, 0x8c, 0xff, 0xff, 0x00, 0x8c, 0xff, 0xff, 0x00, 0x00, 0x00, 0x00,
    0x00, 0x00, 0x00, 0x00, 0x00, 0x00, 0x00, 0x00, 0x00, 0x8c, 0xff, 0xff,
    0x00, 0x8c, 0xff, 0xff, 0x00, 0x8c, 0xff, 0xff, 0x00, 0x8c, 0xff, 0xff,
    0x00, 0x00, 0x00, 0x00, 0x00, 0x00, 0x00, 0x00, 0x00, 0x00, 0x00, 0x00,
    0x00, 0x00, 0x00, 0x00, 0x00, 0x00, 0x00, 0x00, 0x00, 0x00, 0x00, 0x00,
    0x00, 0x00, 0x00, 0x00, 0x00, 0x00, 0x00, 0x00, 0x00, 0x8c, 0xff, 0xff,
    0x00, 0x8c, 0xff, 0xff, 0x00, 0x8c, 0xff, 0xff, 0x00, 0x8c, 0xff, 0xff,
    0x00, 0x00, 0x00, 0x00, 0x00, 0x00, 0x00, 0x00, 0x00, 0x00, 0x00, 0x00,
    0x00, 0x8c, 0xff, 0xff, 0x00, 0x8c, 0xff, 0xff, 0x00, 0x8c, 0xff, 0xff,
    0x00, 0x00, 0x00, 0x00, 0x00, 0x00, 0x00, 0x00, 0x00, 0x00, 0x00, 0x00,
    0x00, 0x00, 0x00, 0x00, 0x00, 0x00, 0x00, 0x00, 0x00, 0x00, 0x00, 0x00,
    0x00, 0x00, 0x00, 0x00, 0x00, 0x00, 0x00, 0x00, 0x00, 0x00, 0x00, 0x00,
    0x00, 0x00, 0x00, 0x00, 0x00, 0x00, 0x00, 0x00, 0x00, 0x00, 0x00, 0x00,
    0x00, 0x8c, 0xff, 0xff, 0x00, 0x8c, 0xff, 0xff, 0x00, 0x8c, 0xff, 0xff,
    0x00, 0x00, 0x00, 0x00, 0x00, 0x00, 0x00, 0x00, 0x00, 0x8c, 0xff, 0xff,
    0x00, 0x8c, 0xff, 0xff, 0x00, 0x8c, 0xff, 0xff, 0x00, 0x8c, 0xff, 0xff,
    0x00, 0x00, 0x00, 0x00, 0x00, 0x00, 0x00, 0x00, 0x00, 0x00, 0x00, 0x00,
    0x00, 0x00, 0x00, 0x00, 0x00, 0x00, 0x00, 0x00, 0x00, 0x00, 0x00, 0x00,
    0x00, 0x00, 0x00, 0x00, 0x00, 0x00, 0x00, 0x00, 0x00, 0x00, 0x00, 0x00,
    0x00, 0x00, 0x00, 0x00, 0x00, 0x8c, 0xff, 0xff, 0x00, 0x8c, 0xff, 0xff,
    0x00, 0x8c, 0xff, 0xff, 0x00, 0x8c, 0xff, 0xff, 0x00, 0x00, 0x00, 0x00,
    0x00, 0x00, 0x00, 0x00, 0x00, 0x8c, 0xff, 0xff, 0x00, 0x8c, 0xff, 0xff,
    0x00, 0x8c, 0xff, 0xff, 0x00, 0x00, 0x00, 0x00, 0x00, 0x00, 0x00, 0x00,
    0x00, 0x00, 0x00, 0x00, 0x00, 0x00, 0x00, 0x00, 0x00, 0x00, 0x00, 0x00,
    0x00, 0x00, 0x00, 0x00, 0x00, 0x00, 0x00, 0x00, 0x00, 0x00, 0x00, 0x00,
    0x00, 0x00, 0x00, 0x00, 0x00, 0x00, 0x00, 0x00, 0x00, 0x00, 0x00, 0x00,
    0x00, 0x8c, 0xff, 0xff, 0x00, 0x8c, 0xff, 0xff, 0x00, 0x8c, 0xff, 0xff,
    0x00, 0x00, 0x00, 0x00, 0x00, 0x00, 0x00, 0x00, 0x00, 0x00, 0x00, 0x00,
    0x00, 0x8c, 0xff, 0xff, 0x00, 0x8c, 0xff, 0xff, 0x00, 0x8c, 0xff, 0xff,
    0xe5, 0x00, 0xff, 0x01, 0xe5, 0x00, 0xff, 0x01, 0xe5, 0x00, 0xff, 0x02,
    0xe5, 0x00, 0xff, 0x02, 0xe5, 0x00, 0xff, 0x02, 0xe5, 0x00, 0xff, 0x02,
    0xe5, 0x00, 0xff, 0x02, 0xe5, 0x00, 0xff, 0x02, 0xe5, 0x00, 0xff, 0x02,
    0xe5, 0x00, 0xff, 0x02, 0xe5, 0x00, 0xff, 0x02, 0xe5, 0x00, 0xff, 0x01,
    0x00, 0x8c, 0xff, 0xff, 0x00, 0x8c, 0xff, 0xff, 0x00, 0x8c, 0xff, 0xff,
    0x00, 0x00, 0x00, 0x00, 0x00, 0x00, 0x00, 0x00, 0x00, 0x00, 0x00, 0x00,
    0x00, 0x8c, 0xff, 0xff, 0x00, 0x8c, 0xff, 0xff, 0x00, 0x8c, 0xff, 0xff,
    0x00, 0x00, 0x00, 0x00, 0x00, 0x00, 0x00, 0x00, 0x00, 0x00, 0x00, 0x00,
    0x00, 0x00, 0x00, 0x00, 0x00, 0x00, 0x00, 0x00, 0x00, 0x00, 0x00, 0x00,
    0x00, 0x00, 0x00, 0x00, 0x00, 0x00, 0x00, 0x00, 0x00, 0x00, 0x00, 0x00,
    0x00, 0x00, 0x00, 0x00, 0x00, 0x8c, 0xff, 0xff, 0x00, 0x8c, 0xff, 0xff,
    0x00, 0x8c, 0xff, 0xff, 0x00, 0x00, 0x00, 0x00, 0x00, 0x00, 0x00, 0x00,
    0x00, 0x8c, 0xff, 0xff, 0x00, 0x8c, 0xff, 0xff, 0x00, 0x8c, 0xff, 0xff,
    0xe5, 0x00, 0xff, 0x04, 0xe5, 0x00, 0xff, 0x06, 0xe5, 0x00, 0xff, 0x07,
    0xe5, 0x00, 0xff, 0x08, 0xe5, 0x00, 0xff, 0x08, 0xe5, 0x00, 0xff, 0x08,
    0xe5, 0x00, 0xff, 0x08, 0xe5, 0x00, 0xff, 0x08, 0xe5, 0x00, 0xff, 0x08,
    0xe5, 0x00, 0xff, 0x08, 0xe5, 0x00, 0xff, 0x08, 0xe5, 0x00, 0xff, 0x08,
    0xe5, 0x00, 0xff, 0x07, 0xe5, 0x00, 0xff, 0x06, 0x00, 0x8c, 0xff, 0xff,
    0x00, 0x8c, 0xff, 0xff, 0x00, 0x8c, 0xff, 0xff, 0x00, 0x00, 0x00, 0x00,
    0x00, 0x00, 0x00, 0x00, 0x00, 0x8c, 0xff, 0xff, 0x00, 0x8c, 0xff, 0xff,
    0x00, 0x8c, 0xff, 0xff, 0x00, 0x00, 0x00, 0x00, 0x00, 0x00, 0x00, 0x00,
    0x00, 0x00, 0x00, 0x00, 0x00, 0x00, 0x00, 0x00, 0x00, 0x00, 0x00, 0x00,
    0x00, 0x00, 0x00, 0x00, 0x00, 0x00, 0x00, 0x00, 0x00, 0x00, 0x00, 0x00,
    0x00, 0x00, 0x00, 0x00, 0x00, 0x00, 0x00, 0x00, 0x00, 0x8c, 0xff, 0xff,
    0x00, 0x8c, 0xff, 0xff, 0x00, 0x8c, 0xff, 0xff, 0x00, 0x00, 0x00, 0x00,
    0x00, 0x00, 0x00, 0x00, 0x00, 0x8c, 0xff, 0xff, 0x00, 0x8c, 0xff, 0xff,
    0x00, 0x8c, 0xff, 0xff, 0xe5, 0x00, 0xff, 0x0d, 0xe5, 0x00, 0xff, 0x11,
    0xe5, 0x00, 0xff, 0x14, 0xe5, 0x00, 0xff, 0x16, 0xe5, 0x00, 0xff, 0x16,
    0xe5, 0x00, 0xff, 0x17, 0xe5, 0x00, 0xff, 0x17, 0xe5, 0x00, 0xff, 0x17,
    0xe5, 0x00, 0xff, 0x17, 0xe5, 0x00, 0xff, 0x17, 0xe5, 0x00, 0xff, 0x16,
    0xe5, 0x00, 0xff, 0x16, 0xe5, 0x00, 0xff, 0x14, 0xe5, 0x00, 0xff, 0x11,
    0x00, 0x8c, 0xff, 0xff, 0x00, 0x8c, 0xff, 0xff, 0x00, 0x8c, 0xff, 0xff,
    0xe5, 0x00, 0xff, 0x02, 0x00, 0x00, 0x00, 0x00, 0x00, 0x8c, 0xff, 0xff,
    0x00, 0x8c, 0xff, 0xff, 0x00, 0x8c, 0xff, 0xff, 0x00, 0x00, 0x00, 0x00,
    0x00, 0x00, 0x00, 0x00, 0x00, 0x00, 0x00, 0x00, 0x00, 0x00, 0x00, 0x00,
    0x00, 0x00, 0x00, 0x00, 0x00, 0x00, 0x00, 0x00, 0x00, 0x00, 0x00, 0x00,
    0x00, 0x00, 0x00, 0x00, 0x00, 0x00, 0x00, 0x00, 0x00, 0x00, 0x00, 0x00,
    0x00, 0x8c, 0xff, 0xff, 0x00, 0x8c, 0xff, 0xff, 0x00, 0x8c, 0xff, 0xff,
    0x00, 0x00, 0x00, 0x00, 0xe5, 0x00, 0xff, 0x01, 0x00, 0x8c, 0xff, 0xff,
    0x00, 0x8c, 0xff, 0xff, 0x00, 0x8c, 0xff, 0xff, 0xe5, 0x00, 0xff, 0x2c,
    0xe3, 0x00, 0xfd, 0x39, 0xe3, 0x00, 0xfd, 0x41, 0xe5, 0x00, 0xff, 0x44,
    0xe5, 0x00, 0xff, 0x45, 0xe5, 0x00, 0xff, 0x45, 0xe5, 0x00, 0xff, 0x45,
    0xe5, 0x00, 0xff, 0x45, 0xe5, 0x00, 0xff, 0x45, 0xe5, 0x00, 0xff, 0x45,
    0xe5, 0x00, 0xff, 0x45, 0xe5, 0x00, 0xff, 0x44, 0xe3, 0x00, 0xfd, 0x41,
    0xe3, 0x00, 0xfd, 0x39, 0x00, 0x8c, 0xff, 0xff, 0x00, 0x8c, 0xff, 0xff,
    0x00, 0x8c, 0xff, 0xff, 0xe5, 0x00, 0xff, 0x05, 0xe5, 0x00, 0xff, 0x01,
    0x00, 0x8c, 0xff, 0xff, 0x00, 0x8c, 0xff, 0xff, 0x00, 0x8c, 0xff, 0xff,
    0x00, 0x00, 0x00, 0x00, 0x00, 0x00, 0x00, 0x00, 0x00, 0x00, 0x00, 0x00,
    0x00, 0x00, 0x00, 0x00, 0x00, 0x00, 0x00, 0x00, 0x00, 0x00, 0x00, 0x00,
    0x00, 0x00, 0x00, 0x00, 0x00, 0x00, 0x00, 0x00, 0x00, 0x00, 0x00, 0x00,
    0x00, 0x00, 0x00, 0x00, 0x00, 0x8c, 0xff, 0xff, 0x00, 0x8c, 0xff, 0xff,
    0x00, 0x8c, 0xff, 0xff, 0x00, 0x00, 0x00, 0x00, 0xe5, 0x00, 0xff, 0x03,
    0x00, 0x8c, 0xff, 0xff, 0x00, 0x8c, 0xff, 0xff, 0x00, 0x8c, 0xff, 0xff,
    0xe4, 0x00, 0xfd, 0x5d, 0xe5, 0x00, 0xff, 0x75, 0xe4, 0x00, 0xfe, 0x83,
    0xe4, 0x00, 0xfe, 0x87, 0xe5, 0x00, 0xff, 0x88, 0xe5, 0x00, 0xff, 0x89,
    0xe5, 0x00, 0xff, 0x89, 0xe5, 0x00, 0xff, 0x89, 0xe5, 0x00, 0xff, 0x89,
    0xe5, 0x00, 0xff, 0x89, 0xe5, 0x00, 0xff, 0x88, 0xe4, 0x00, 0xfe, 0x87,
    0xe4, 0x00, 0xfe, 0x83, 0xe5, 0x00, 0xff, 0x74, 0x00, 0x8c, 0xff, 0xff,
    0x00, 0x8c, 0xff, 0xff, 0x00, 0x8c, 0xff, 0xff, 0xe5, 0x00, 0xff, 0x09,
    0xe5, 0x00, 0xff, 0x03, 0x00, 0x8c, 0xff, 0xff, 0x00, 0x8c, 0xff, 0xff,
    0x00, 0x8c, 0xff, 0xff, 0x00, 0x00, 0x00, 0x00, 0x00, 0x00, 0x00, 0x00,
    0x00, 0x00, 0x00, 0x00, 0x00, 0x00, 0x00, 0x00, 0x00, 0x00, 0x00, 0x00,
    0x00, 0x00, 0x00, 0x00, 0x00, 0x00, 0x00, 0x00, 0x00, 0x00, 0x00, 0x00,
    0x00, 0x00, 0x00, 0x00, 0x00, 0x00, 0x00, 0x00, 0x00, 0x8c, 0xff, 0xff,
    0x00, 0x8c, 0xff, 0xff, 0x00, 0x00, 0x00, 0x00, 0xe5, 0x00, 0xff, 0x01,
    0xe5, 0x00, 0xff, 0x04, 0x00, 0x8c, 0xff, 0xff, 0x00, 0x8c, 0xff, 0xff,
    0xe4, 0x00, 0xfd, 0x5d, 0xe5, 0x00, 0xff, 0xff, 0xe5, 0x00, 0xff, 0xff,
    0xe5, 0x00, 0xff, 0xff, 0xe5, 0x00, 0xff, 0xff, 0xe5, 0x00, 0xff, 0xff,
    0xe5, 0x00, 0xff, 0xff, 0xe5, 0x00, 0xff, 0xff, 0xe5, 0x00, 0xff, 0xff,
    0xe5, 0x00, 0xff, 0xff, 0xe5, 0x00, 0xff, 0xff, 0xe5, 0x00, 0xff, 0xff,
    0xe5, 0x00, 0xff, 0xff, 0xe5, 0x00, 0xff, 0xff, 0xe5, 0x00, 0xff, 0xff,
    0xe5, 0x00, 0xff, 0xff, 0x00, 0x8c, 0xff, 0xff, 0x00, 0x8c, 0xff, 0xff,
    0xe5, 0x00, 0xff, 0x0d, 0xe5, 0x00, 0xff, 0x04, 0xe5, 0x00, 0xff, 0x01,
    0x00, 0x8c, 0xff, 0xff, 0x00, 0x8c, 0xff, 0xff, 0x00, 0x00, 0x00, 0x00,
    0x00, 0x00, 0x00, 0x00, 0x00, 0x00, 0x00, 0x00, 0x00, 0x00, 0x00, 0x00,
    0x00, 0x00, 0x00, 0x00, 0x00, 0x00, 0x00, 0x00, 0x00, 0x00, 0x00, 0x00,
    0x00, 0x00, 0x00, 0x00, 0x00, 0x00, 0x00, 0x00, 0x00, 0x00, 0x00, 0x00,
    0x00, 0x00, 0x00, 0x00, 0x00, 0x00, 0x00, 0x00, 0x00, 0x00, 0x00, 0x00,
    0xe5, 0x00, 0xff, 0x01, 0xe5, 0x00, 0xff, 0x06, 0xe5, 0x00, 0xff, 0x11,
    0xe3, 0x00, 0xfd, 0x39, 0xe5, 0x00, 0xff, 0x75, 0xe5, 0x00, 0xff, 0xff,
    0xe5, 0x00, 0xff, 0xff, 0xe5, 0x00, 0xff, 0xff, 0xe5, 0x00, 0xff, 0xff,
    0xe5, 0x00, 0xff, 0xff, 0xe5, 0x00, 0xff, 0xff, 0xe5, 0x00, 0xff, 0xff,
    0xe5, 0x00, 0xff, 0xff, 0xe5, 0x00, 0xff, 0xff, 0xe5, 0x00, 0xff, 0xff,
    0xe5, 0x00, 0xff, 0xff, 0xe5, 0x00, 0xff, 0xff, 0xe5, 0x00, 0xff, 0xff,
    0xe5, 0x00, 0xff, 0xff, 0xe5, 0x00, 0xff, 0xff, 0xe5, 0x00, 0xff, 0x75,
    0xe3, 0x00, 0xfd, 0x39, 0xe5, 0x00, 0xff, 0x11, 0xe5, 0x00, 0xff, 0x06,
    0xe5, 0x00, 0xff, 0x01, 0x00, 0x00, 0x00, 0x00, 0x00, 0x00, 0x00, 0x00,
    0x00, 0x00, 0x00, 0x00, 0x00, 0x00, 0x00, 0x00, 0x00, 0x00, 0x00, 0x00,
    0x00, 0x00, 0x00, 0x00, 0x00, 0x00, 0x00, 0x00, 0x00, 0x00, 0x00, 0x00,
    0x00, 0x00, 0x00, 0x00, 0x00, 0x00, 0x00, 0x00, 0x00, 0x00, 0x00, 0x00,
    0x00, 0x00, 0x00, 0x00, 0x00, 0x00, 0x00, 0x00, 0x00, 0x00, 0x00, 0x00,
    0x00, 0x00, 0x00, 0x00, 0xe5, 0x00, 0xff, 0x01, 0xe5, 0x00, 0xff, 0x07,
    0xe5, 0x00, 0xff, 0x14, 0xe3, 0x00, 0xfd, 0x41, 0xe5, 0x00, 0xff, 0x82,
    0xe5, 0x00, 0xff, 0xff, 0xe5, 0x00, 0xff, 0xff, 0xe5, 0x00, 0xff, 0xff,
    0xe5, 0x00, 0xff, 0xff, 0xe5, 0x00, 0xff, 0xff, 0xe5, 0x00, 0xff, 0xff,
    0xe5, 0x00, 0xff, 0xff, 0xe5, 0x00, 0xff, 0xff, 0xe5, 0x00, 0xff, 0xff,
    0xe5, 0x00, 0xff, 0xff, 0xe5, 0x00, 0xff, 0xff, 0xe5, 0x00, 0xff, 0xff,
    0xe5, 0x00, 0xff, 0xff, 0xe5, 0x00, 0xff, 0xff, 0xe5, 0x00, 0xff, 0xff,
    0xe5, 0x00, 0xff, 0x82, 0xe3, 0x00, 0xfd, 0x41, 0xe5, 0x00, 0xff, 0x14,
    0xe5, 0x00, 0xff, 0x07, 0xe5, 0x00, 0xff, 0x01, 0x00, 0x00, 0x00, 0x00,
    0x00, 0x00, 0x00, 0x00, 0x00, 0x00, 0x00, 0x00, 0x00, 0x00, 0x00, 0x00,
    0x00, 0x00, 0x00, 0x00, 0x00, 0x00, 0x00, 0x00, 0x00, 0x00, 0x00, 0x00,
    0x00, 0x00, 0x00, 0x00, 0x00, 0x00, 0x00, 0x00, 0x00, 0x00, 0x00, 0x00,
    0x00, 0x00, 0x00, 0x00, 0x00, 0x00, 0x00, 0x00, 0x00, 0x00, 0x00, 0x00,
    0x00, 0x00, 0x00, 0x00, 0x00, 0x00, 0x00, 0x00, 0xe5, 0x00, 0xff, 0x01,
    0xe5, 0x00, 0xff, 0x07, 0xe5, 0x00, 0xff, 0x15, 0xe6, 0x00, 0xff, 0x43,
    0xe4, 0x00, 0xfe, 0x86, 0xe5, 0x00, 0xff, 0xff, 0xe5, 0x00, 0xff, 0xff,
    0xe5, 0x00, 0xff, 0xff, 0xe5, 0x00, 0xff, 0xff, 0xff, 0xff, 0xff, 0xff,
    0xe5, 0x00, 0xff, 0xff, 0xe5, 0x00, 0xff, 0xff, 0xe5, 0x00, 0xff, 0xff,
    0xe5, 0x00, 0xff, 0xff, 0xe5, 0x00, 0xff, 0xff, 0xff, 0xff, 0xff, 0xff,
    0xe5, 0x00, 0xff, 0xff, 0xe5, 0x00, 0xff, 0xff, 0xe5, 0x00, 0xff, 0xff,
    0xe5, 0x00, 0xff, 0xff, 0xe4, 0x00, 0xfe, 0x86, 0xe6, 0x00, 0xff, 0x43,
    0xe5, 0x00, 0xff, 0x15, 0xe5, 0x00, 0xff, 0x07, 0xe5, 0x00, 0xff, 0x01,
    0x00, 0x00, 0x00, 0x00, 0x00, 0x00, 0x00, 0x00, 0x00, 0x00, 0x00, 0x00,
    0x00, 0x00, 0x00, 0x00, 0x00, 0x00, 0x00, 0x00, 0x00, 0x00, 0x00, 0x00,
    0x00, 0x00, 0x00, 0x00, 0x00, 0x00, 0x00, 0x00, 0x00, 0x00, 0x00, 0x00,
    0x00, 0x00, 0x00, 0x00, 0x00, 0x00, 0x00, 0x00, 0x00, 0x00, 0x00, 0x00,
    0x00, 0x00, 0x00, 0x00, 0x00, 0x00, 0x00, 0x00, 0x00, 0x00, 0x00, 0x00,
    0xe5, 0x00, 0xff, 0x01, 0xe5, 0x00, 0xff, 0x07, 0xe5, 0x00, 0xff, 0x15,
    0xe6, 0x00, 0xff, 0x42, 0xe4, 0x00, 0xfe, 0x86, 0xe5, 0x00, 0xff, 0xff,
    0xe5, 0x00, 0xff, 0xff, 0xe5, 0x00, 0xff, 0xff, 0xff, 0xff, 0xff, 0xff,
    0xff, 0xff, 0xff, 0xff, 0xff, 0xff, 0xff, 0xff, 0xe5, 0x00, 0xff, 0xff,
    0xe5, 0x00, 0xff, 0xff, 0xe5, 0x00, 0xff, 0xff, 0xff, 0xff, 0xff, 0xff,
    0xff, 0xff, 0xff, 0xff, 0xff, 0xff, 0xff, 0xff, 0xe5, 0x00, 0xff, 0xff,
    0xe5, 0x00, 0xff, 0xff, 0xe5, 0x00, 0xff, 0xff, 0xe4, 0x00, 0xfe, 0x86,
    0xe6, 0x00, 0xff, 0x42, 0xe5, 0x00, 0xff, 0x15, 0xe5, 0x00, 0xff, 0x07,
    0xe5, 0x00, 0xff, 0x01, 0x00, 0x00, 0x00, 0x00, 0x00, 0x00, 0x00, 0x00,
    0x00, 0x00, 0x00, 0x00, 0x00, 0x00, 0x00, 0x00, 0x00, 0x00, 0x00, 0x00,
    0x00, 0x00, 0x00, 0x00, 0x00, 0x00, 0x00, 0x00, 0x00, 0x00, 0x00, 0x00,
    0x00, 0x00, 0x00, 0x00, 0x00, 0x00, 0x00, 0x00, 0x00, 0x00, 0x00, 0x00,
    0x00, 0x00, 0x00, 0x00, 0x00, 0x00, 0x00, 0x00, 0x00, 0x00, 0x00, 0x00,
    0x00, 0x00, 0x00, 0x00, 0xe5, 0x00, 0xff, 0x01, 0xe5, 0x00, 0xff, 0x06,
    0xe5, 0x00, 0xff, 0x13, 0xe6, 0x00, 0xff, 0x3d, 0xe4, 0x00, 0xfe, 0x7f,
    0xe5, 0x00, 0xff, 0xff, 0xe5, 0x00, 0xff, 0xff, 0xff, 0xff, 0xff, 0xff,
    0xff, 0xff, 0xff, 0xff, 0xff, 0xff, 0xff, 0xff, 0xff, 0xff, 0xff, 0xff,
    0xff, 0xff, 0xff, 0xff, 0xe5, 0x00, 0xff, 0xff, 0xff, 0xff, 0xff, 0xff,
    0xff, 0xff, 0xff, 0xff, 0xff, 0xff, 0xff, 0xff, 0xff, 0xff, 0xff, 0xff,
    0xff, 0xff, 0xff, 0xff, 0xe5, 0x00, 0xff, 0xff, 0xe5, 0x00, 0xff, 0xff,
    0xe4, 0x00, 0xfe, 0x7f, 0xe6, 0x00, 0xff, 0x3d, 0xe5, 0x00, 0xff, 0x13,
    0xe5, 0x00, 0xff, 0x06, 0xe5, 0x00, 0xff, 0x01, 0x00, 0x00, 0x00, 0x00,
    0x00, 0x00, 0x00, 0x00, 0x00, 0x00, 0x00, 0x00, 0x00, 0x00, 0x00, 0x00,
    0x00, 0x00, 0x00, 0x00, 0x00, 0x00, 0x00, 0x00, 0x00, 0x00, 0x00, 0x00,
    0x00, 0x00, 0x00, 0x00, 0x00, 0x00, 0x00, 0x00, 0x00, 0x00, 0x00, 0x00,
    0x00, 0x00, 0x00, 0x00, 0x00, 0x00, 0x00, 0x00, 0x00, 0x00, 0x00, 0x00,
    0x00, 0x00, 0x00, 0x00, 0x00, 0x00, 0x00, 0x00, 0xe5, 0x00, 0xff, 0x01,
    0xe5, 0x00, 0xff, 0x05, 0xe5, 0x00, 0xff, 0x11, 0xe6, 0x00, 0xff, 0x35,
    0xe5, 0x00, 0xff, 0x72, 0xe5, 0x00, 0xff, 0xff, 0xe5, 0x00, 0xff, 0xff,
    0xe5, 0x00, 0xff, 0xff, 0xff, 0xff, 0xff, 0xff, 0xff, 0xff, 0xff, 0xff,
    0xff, 0xff, 0xff, 0xff, 0xe5, 0x00, 0xff, 0xff, 0xe5, 0x00, 0xff, 0xff,
    0xe5, 0x00, 0xff, 0xff, 0xff, 0xff, 0xff, 0xff, 0xff, 0xff, 0xff, 0xff,
    0xff, 0xff, 0xff, 0xff, 0xe5, 0x00, 0xff, 0xff, 0xe5, 0x00, 0xff, 0xff,
    0xe5, 0x00, 0xff, 0xff, 0xe5, 0x00, 0xff, 0x72, 0xe6, 0x00, 0xff, 0x35,
    0xe5, 0x00, 0xff, 0x11, 0xe5, 0x00, 0xff, 0x05, 0xe5, 0x00, 0xff, 0x01,
    0x00, 0x00, 0x00, 0x00, 0x00, 0x00, 0x00, 0x00, 0x00, 0x00, 0x00, 0x00,
    0x00, 0x00, 0x00, 0x00, 0x00, 0x00, 0x00, 0x00, 0x00, 0x00, 0x00, 0x00,
    0x00, 0x00, 0x00, 0x00, 0x00, 0x00, 0x00, 0x00, 0x00, 0x00, 0x00, 0x00,
    0x00, 0x00, 0x00, 0x00, 0x00, 0x00, 0x00, 0x00, 0x00, 0x00, 0x00, 0x00,
    0x00, 0x00, 0x00, 0x00, 0x00, 0x00, 0x00, 0x00, 0x00, 0x00, 0x00, 0x00,
    0xe5, 0x00, 0xff, 0x01, 0xe5, 0x00, 0xff, 0x04, 0xe5, 0x00, 0xff, 0x0e,
    0xe4, 0x00, 0xfe, 0x28, 0xe5, 0x00, 0xff, 0x60, 0xe5, 0x00, 0xff, 0xa4,
    0xe5, 0x00, 0xff, 0xff, 0xe5, 0x00, 0xff, 0xff, 0xe5, 0x00, 0xff, 0xff,
    0xff, 0xff, 0xff, 0xff, 0xe5, 0x00, 0xff, 0xff, 0xe5, 0x00, 0xff, 0xff,
    0xe5, 0x00, 0xff, 0xff, 0xe5, 0x00, 0xff, 0xff, 0xe5, 0x00, 0xff, 0xff,
    0xff, 0xff, 0xff, 0xff, 0xe5, 0x00, 0xff, 0xff, 0xe5, 0x00, 0xff, 0xff,
    0xe5, 0x00, 0xff, 0xff, 0xe5, 0x00, 0xff, 0xa4, 0xe5, 0x00, 0xff, 0x60,
    0xe4, 0x00, 0xfe, 0x28, 0xe5, 0x00, 0xff, 0x0e, 0xe5, 0x00, 0xff, 0x04,
    0xe5, 0x00, 0xff, 0x01, 0x00, 0x00, 0x00, 0x00, 0x00, 0x00, 0x00, 0x00,
    0x00, 0x00, 0x00, 0x00, 0x00, 0x00, 0x00, 0x00, 0x00, 0x00, 0x00, 0x00,
    0x00, 0x00, 0x00, 0x00, 0x00, 0x00, 0x00, 0x00, 0x00, 0x00, 0x00, 0x00,
    0x00, 0x00, 0x00, 0x00, 0x00, 0x00, 0x00, 0x00, 0x00, 0x00, 0x00, 0x00,
    0x00, 0x00, 0x00, 0x00, 0x00, 0x00, 0x00, 0x00, 0x00, 0x00, 0x00, 0x00,
    0x00, 0x00, 0x00, 0x00, 0x00, 0x00, 0x00, 0x00, 0xe5, 0x00, 0xff, 0x03,
    0xe5, 0x00, 0xff, 0x0b, 0xe3, 0x00, 0xfd, 0x1f, 0xe4, 0x00, 0xfe, 0x52,
    0xe5, 0x00, 0xff, 0x95, 0xe5, 0x00, 0xff, 0xff, 0xe5, 0x00, 0xff, 0xff,
    0xe5, 0x00, 0xff, 0xff, 0xe5, 0x00, 0xff, 0xff, 0xe5, 0x00, 0xff, 0xff,
    0xe5, 0x00, 0xff, 0xff, 0xe5, 0x00, 0xff, 0xff, 0xe5, 0x00, 0xff, 0xff,
    0xe5, 0x00, 0xff, 0xff, 0xe5, 0x00, 0xff, 0xff, 0xe5, 0x00, 0xff, 0xff,
    0xe5, 0x00, 0xff, 0xff, 0xe5, 0x00, 0xff, 0xff, 0xe5, 0x00, 0xff, 0x95,
    0xe4, 0x00, 0xfe, 0x52, 0xe3, 0x00, 0xfd, 0x1f, 0xe5, 0x00, 0xff, 0x0b,
    0xe5, 0x00, 0xff, 0x03, 0x00, 0x00, 0x00, 0x00, 0x00, 0x00, 0x00, 0x00,
    0x00, 0x00, 0x00, 0x00, 0x00, 0x00, 0x00, 0x00, 0x00, 0x00, 0x00, 0x00,
    0x00, 0x00, 0x00, 0x00, 0x00, 0x00, 0x00, 0x00, 0x00, 0x00, 0x00, 0x00,
    0x00, 0x00, 0x00, 0x00, 0x00, 0x00, 0x00, 0x00, 0x00, 0x00, 0x00, 0x00,
    0x00, 0x00, 0x00, 0x00, 0x00, 0x00, 0x00, 0x00, 0x00, 0x00, 0x00, 0x00,
    0x00, 0x00, 0x00, 0x00, 0x00, 0x00, 0x00, 0x00, 0x00, 0x00, 0x00, 0x00,
    0xe5, 0x00, 0xff, 0x02, 0xe5, 0x00, 0xff, 0x09, 0xe5, 0x00, 0xff, 0x19,
    0xe4, 0x00, 0xfe, 0x49, 0xe4, 0x00, 0xfe, 0x8c, 0xe5, 0x00, 0xff, 0xff,
    0xe5, 0x00, 0xff, 0xff, 0xe5, 0x00, 0xff, 0xff, 0xe5, 0x00, 0xff, 0xff,
    0xe5, 0x00, 0xff, 0xff, 0xe5, 0x00, 0xff, 0xff, 0xe5, 0x00, 0xff, 0xff,
    0xe5, 0x00, 0xff, 0xff, 0xe5, 0x00, 0xff, 0xff, 0xe5, 0x00, 0xff, 0xff,
    0xe5, 0x00, 0xff, 0xff, 0xe5, 0x00, 0xff, 0xff, 0xe5, 0x00, 0xff, 0xff,
    0xe4, 0x00, 0xfe, 0x8c, 0xe4, 0x00, 0xfe, 0x49, 0xe5, 0x00, 0xff, 0x19,
    0xe5, 0x00, 0xff, 0x09, 0xe5, 0x00, 0xff, 0x02, 0x00, 0x00, 0x00, 0x00,
    0x00, 0x00, 0x00, 0x00, 0x00, 0x00, 0x00, 0x00, 0x00, 0x00, 0x00, 0x00,
    0x00, 0x00, 0x00, 0x00, 0x00, 0x00, 0x00, 0x00, 0x00, 0x00, 0x00, 0x00,
    0x00, 0x00, 0x00, 0x00, 0x00, 0x00, 0x00, 0x00, 0x00, 0x00, 0x00, 0x00,
    0x00, 0x00, 0x00, 0x00, 0x00, 0x00, 0x00, 0x00, 0x00, 0x00, 0x00, 0x00,
    0x00, 0x00, 0x00, 0x00, 0x00, 0x00, 0x00, 0x00, 0x00, 0x00, 0x00, 0x00,
    0x00, 0x00, 0x00, 0x00, 0xe5, 0x00, 0xff, 0x02, 0xe5, 0x00, 0xff, 0x08,
    0xe5, 0x00, 0xff, 0x17, 0xe5, 0x00, 0xff, 0x45, 0xe4, 0x00, 0xfe, 0x88,
    0xe5, 0x00, 0xff, 0xff, 0xe5, 0x00, 0xff, 0xff, 0xe5, 0x00, 0xff, 0xff,
    0xe5, 0x00, 0xff, 0xff, 0xe5, 0x00, 0xff, 0xff, 0xe5, 0x00, 0xff, 0xff,
    0xe5, 0x00, 0xff, 0xff, 0xe5, 0x00, 0xff, 0xff, 0xe5, 0x00, 0xff, 0xff,
    0xe5, 0x00, 0xff, 0xff, 0xe5, 0x00, 0xff, 0xff, 0xe5, 0x00, 0xff, 0xff,
    0xe5, 0x00, 0xff, 0xff, 0xe4, 0x00, 0xfe, 0x88, 0xe5, 0x00, 0xff, 0x45,
    0xe5, 0x00, 0xff, 0x17, 0xe5, 0x00, 0xff, 0x08, 0xe5, 0x00, 0xff, 0x02,
    0x00, 0x00, 0x00, 0x00, 0x00, 0x00, 0x00, 0x00, 0x00, 0x00, 0x00, 0x00,
    0x00, 0x00, 0x00, 0x00, 0x00, 0x00, 0x00, 0x00, 0x00, 0x00, 0x00, 0x00,
    0x00, 0x00, 0x00, 0x00, 0x00, 0x00, 0x00, 0x00, 0x00, 0x00, 0x00, 0x00,
    0x00, 0x00, 0x00, 0x00, 0x00, 0x00, 0x00, 0x00, 0x00, 0x00, 0x00, 0x00,
    0x00, 0x00, 0x00, 0x00, 0x00, 0x00, 0x00, 0x00, 0x00, 0x00, 0x00, 0x00,
    0x00, 0x00, 0x00, 0x00, 0x00, 0x00, 0x00, 0x00, 0xe5, 0x00, 0xff, 0x01,
    0xe5, 0x00, 0xff, 0x07, 0xe5, 0x00, 0xff, 0x14, 0xe3, 0x00, 0xfd, 0x41,
    0xe4, 0x00, 0xfe, 0x83, 0xe5, 0x00, 0xff, 0xff, 0xe5, 0x00, 0xff, 0xff,
    0xe5, 0x00, 0xff, 0xff, 0xe5, 0x00, 0xff, 0xff, 0xe5, 0x00, 0xff, 0xff,
    0xe5, 0x00, 0xff, 0xff, 0xe5, 0x00, 0xff, 0xff, 0xe5, 0x00, 0xff, 0xff,
    0xe5, 0x00, 0xff, 0xff, 0xe5, 0x00, 0xff, 0xff, 0xe5, 0x00, 0xff, 0xff,
    0xe5, 0x00, 0xff, 0xff, 0xe5, 0x00, 0xff, 0xff, 0xe4, 0x00, 0xfe, 0x83,
    0xe3, 0x00, 0xfd, 0x41, 0xe5, 0x00, 0xff, 0x14, 0xe5, 0x00, 0xff, 0x07,
    0xe5, 0x00, 0xff, 0x01, 0x00, 0x00, 0x00, 0x00, 0x00, 0x00, 0x00, 0x00,
    0x00, 0x00, 0x00, 0x00, 0x00, 0x00, 0x00, 0x00, 0x00, 0x00, 0x00, 0x00,
    0x00, 0x00, 0x00, 0x00, 0x00, 0x00, 0x00, 0x00, 0x00, 0x00, 0x00, 0x00,
    0x00, 0x00, 0x00, 0x00, 0x00, 0x00, 0x00, 0x00, 0x00, 0x00, 0x00, 0x00,
    0x00, 0x00, 0x00, 0x00, 0x00, 0x00, 0x00, 0x00, 0x00, 0x00, 0x00, 0x00,
    0x00, 0x00, 0x00, 0x00, 0x00, 0x00, 0x00, 0x00, 0x00, 0x00, 0x00, 0x00,
    0xe5, 0x00, 0xff, 0x01, 0xe5, 0x00, 0xff, 0x06, 0xe5, 0x00, 0xff, 0x11,
    0xe3, 0x00, 0xfd, 0x39, 0xe5, 0x00, 0xff, 0x75, 0xe5, 0x00, 0xff, 0xff,
    0xe5, 0x00, 0xff, 0xff, 0xe5, 0x00, 0xff, 0xff, 0xe5, 0x00, 0xff, 0xff,
    0xe5, 0x00, 0xff, 0xff, 0xe5, 0x00, 0xff, 0xff, 0xe5, 0x00, 0xff, 0xff,
    0xe5, 0x00, 0xff, 0xff, 0xe5, 0x00, 0xff, 0xff, 0xe5, 0x00, 0xff, 0xff,
    0xe5, 0x00, 0xff, 0xff, 0xe5, 0x00, 0xff, 0xff, 0xe5, 0x00, 0xff, 0xff,
    0xe5, 0x00, 0xff, 0x75, 0xe3, 0x00, 0xfd, 0x39, 0xe5, 0x00, 0xff, 0x11,
    0xe5, 0x00, 0xff, 0x06, 0xe5, 0x00, 0xff, 0x01, 0x00, 0x00, 0x00, 0x00,
    0x00, 0x00, 0x00, 0x00, 0x00, 0x00, 0x00, 0x00, 0x00, 0x00, 0x00, 0x00,
    0x00, 0x00, 0x00, 0x00, 0x00, 0x00, 0x00, 0x00, 0x00, 0x00, 0x00, 0x00,
    0x00, 0x00, 0x00, 0x00, 0x00, 0x00, 0x00, 0x00, 0x00, 0x00, 0x00, 0x00,
    0x00, 0x00, 0x00, 0x00, 0x00, 0x00, 0x00, 0x00, 0x00, 0x00, 0x00, 0x00,
    0x00, 0x00, 0x00, 0x00, 0x00, 0x00, 0x00, 0x00, 0x00, 0x00, 0x00, 0x00,
    0x00, 0x00, 0x00, 0x00, 0xe5, 0x00, 0xff, 0x01, 0xe5, 0x00, 0xff, 0x04,
    0xe5, 0x00, 0xff, 0x0d, 0xe5, 0x00, 0xff, 0x2c, 0xe4, 0x00, 0xfd, 0x5d,
    0xe5, 0x00, 0xff, 0xff, 0xe5, 0x00, 0xff, 0xff, 0xe5, 0x00, 0xff, 0xff,
    0xe5, 0x00, 0xff, 0xff, 0xe5, 0x00, 0xff, 0xff, 0xe5, 0x00, 0xff, 0xff,
    0xe5, 0x00, 0xff, 0xff, 0xe5, 0x00, 0xff, 0xff, 0xe5, 0x00, 0xff, 0xff,
    0xe5, 0x00, 0xff, 0xff, 0xe5, 0x00, 0xff, 0xff, 0xe5, 0x00, 0xff, 0xff,
    0xe5, 0x00, 0xff, 0xff, 0xe4, 0x00, 0xfd, 0x5d, 0xe5, 0x00, 0xff, 0x2c,
    0xe5, 0x00, 0xff, 0x0d, 0xe5, 0x00, 0xff, 0x04, 0xe5, 0x00, 0xff, 0x01,
    0x00, 0x00, 0x00, 0x00, 0x00, 0x00, 0x00, 0x00, 0x00, 0x00, 0x00, 0x00,
    0x00, 0x00, 0x00, 0x00, 0x00, 0x00, 0x00, 0x00, 0x00, 0x00, 0x00, 0x00,
    0x00, 0x00, 0x00, 0x00, 0x00, 0x00, 0x00, 0x00, 0x00, 0x00, 0x00, 0x00,
    0x00, 0x00, 0x00, 0x00, 0x00, 0x00, 0x00, 0x00, 0x00, 0x00, 0x00, 0x00,
    0x00, 0x00, 0x00, 0x00, 0x00, 0x00, 0x00, 0x00, 0x00, 0x00, 0x00, 0x00,
    0x00, 0x00, 0x00, 0x00, 0x00, 0x00, 0x00, 0x00, 0x00, 0x00, 0x00, 0x00,
    0xe5, 0x00, 0xff, 0x03, 0xe5, 0x00, 0xff, 0x09, 0xe8, 0x00, 0xff, 0x1b,
    0xe3, 0x00, 0xfd, 0x39, 0xe4, 0x00, 0xfd, 0x5d, 0xe5, 0x00, 0xff, 0x75,
    0xe4, 0x00, 0xfe, 0x83, 0xe4, 0x00, 0xfe, 0x87, 0xe5, 0x00, 0xff, 0x88,
    0xe5, 0x00, 0xff, 0x89, 0xe5, 0x00, 0xff, 0x89, 0xe5, 0x00, 0xff, 0x89,
    0xe5, 0x00, 0xff, 0x88, 0xe4, 0x00, 0xfe, 0x87, 0xe4, 0x00, 0xfe, 0x83,
    0xe5, 0x00, 0xff, 0x75, 0xe4, 0x00, 0xfd, 0x5d, 0xe3, 0x00, 0xfd, 0x39,
    0xe8, 0x00, 0xff, 0x1b, 0xe5, 0x00, 0xff, 0x09, 0xe5, 0x00, 0xff, 0x03,
    0x00, 0x00, 0x00, 0x00, 0x00, 0x00, 0x00, 0x00, 0x00, 0x00, 0x00, 0x00,
    0x00, 0x00, 0x00, 0x00, 0x00, 0x00, 0x00, 0x00, 0x00, 0x00, 0x00, 0x00,
    0x00, 0x00, 0x00, 0x00, 0x00, 0x00, 0x00, 0x00, 0x00, 0x00, 0x00, 0x00,
    0x00, 0x00, 0x00, 0x00, 0x00, 0x00, 0x00, 0x00, 0x00, 0x00, 0x00, 0x00,
    0x00, 0x00, 0x00, 0x00, 0x00, 0x00, 0x00, 0x00, 0x00, 0x00, 0x00, 0x00,
    0x00, 0x00, 0x00, 0x00, 0x00, 0x00, 0x00, 0x00, 0x00, 0x00, 0x00, 0x00,
    0x00, 0x00, 0x00, 0x00, 0xe5, 0x00, 0xff, 0x01, 0xe5, 0x00, 0xff, 0x05,
    0xe3, 0x00, 0xfd, 0x0d, 0xe8, 0x00, 0xff, 0x1b, 0xe5, 0x00, 0xff, 0x2c,
    0xe3, 0x00, 0xfd, 0x39, 0xe3, 0x00, 0xfd, 0x41, 0xe5, 0x00, 0xff, 0x44,
    0xe5, 0x00, 0xff, 0x45, 0xe5, 0x00, 0xff, 0x45, 0xe5, 0x00, 0xff, 0x45,
    0xe5, 0x00, 0xff, 0x45, 0xe5, 0x00, 0xff, 0x45, 0xe5, 0x00, 0xff, 0x44,
    0xe3, 0x00, 0xfd, 0x41, 0xe3, 0x00, 0xfd, 0x39, 0xe5, 0x00, 0xff, 0x2c,
    0xe8, 0x00, 0xff, 0x1b, 0xe3, 0x00, 0xfd, 0x0d, 0xe5, 0x00, 0xff, 0x05,
    0xe5, 0x00, 0xff, 0x01, 0x00, 0x00, 0x00, 0x00, 0x00, 0x00, 0x00, 0x00,
    0x00, 0x00, 0x00, 0x00, 0x00, 0x00, 0x00, 0x00, 0x00, 0x00, 0x00, 0x00,
    0x00, 0x00, 0x00, 0x00, 0x00, 0x00, 0x00, 0x00, 0x00, 0x00, 0x00, 0x00,
    0x00, 0x00, 0x00, 0x00, 0x00, 0x00, 0x00, 0x00, 0x00, 0x00, 0x00, 0x00,
    0x00, 0x00, 0x00, 0x00, 0x00, 0x00, 0x00, 0x00, 0x00, 0x00, 0x00, 0x00,
    0x00, 0x00, 0x00, 0x00, 0x00, 0x00, 0x00, 0x00, 0x00, 0x00, 0x00, 0x00,
    0x00, 0x00, 0x00, 0x00, 0x00, 0x00, 0x00, 0x00, 0x00, 0x00, 0x00, 0x00,
    0xe5, 0x00, 0xff, 0x02, 0xe5, 0x00, 0xff, 0x05, 0xe5, 0x00, 0xff, 0x09,
    0xe5, 0x00, 0xff, 0x0d, 0xe5, 0x00, 0xff, 0x11, 0xe5, 0x00, 0xff, 0x14,
    0xe5, 0x00, 0xff, 0x16, 0xe5, 0x00, 0xff, 0x16, 0xe5, 0x00, 0xff, 0x17,
    0xe5, 0x00, 0xff, 0x17, 0xe5, 0x00, 0xff, 0x17, 0xe5, 0x00, 0xff, 0x16,
    0xe5, 0x00, 0xff, 0x16, 0xe5, 0x00, 0xff, 0x14, 0xe5, 0x00, 0xff, 0x11,
    0xe5, 0x00, 0xff, 0x0d, 0xe5, 0x00, 0xff, 0x09, 0xe5, 0x00, 0xff, 0x05,
    0xe5, 0x00, 0xff, 0x02, 0x00, 0x00, 0x00, 0x00, 0x00, 0x00, 0x00, 0x00,
    0x00, 0x00, 0x00, 0x00, 0x00, 0x00, 0x00, 0x00, 0x00, 0x00, 0x00, 0x00,
    0x00, 0x00, 0x00, 0x00, 0x00, 0x00, 0x00, 0x00, 0x00, 0x00, 0x00, 0x00,
    0x00, 0x00, 0x00, 0x00, 0x00, 0x00, 0x00, 0x00, 0x00, 0x00, 0x00, 0x00,
    0x00, 0x00, 0x00, 0x00, 0x00, 0x00, 0x00, 0x00, 0x00, 0x00, 0x00, 0x00,
    0x00, 0x00, 0x00, 0x00, 0x00, 0x00, 0x00, 0x00, 0x00, 0x00, 0x00, 0x00,
    0x00, 0x00, 0x00, 0x00, 0x00, 0x00, 0x00, 0x00, 0x00, 0x00, 0x00, 0x00,
    0x00, 0x00, 0x00, 0x00, 0x00, 0x00, 0x00, 0x00, 0xe5, 0x00, 0xff, 0x01,
    0xe5, 0x00, 0xff, 0x03, 0xe5, 0x00, 0xff, 0x04, 0xe5, 0x00, 0xff, 0x06,
    0xe5, 0x00, 0xff, 0x07, 0xe5, 0x00, 0xff, 0x08, 0xe5, 0x00, 0xff, 0x08,
    0xe5, 0x00, 0xff, 0x08, 0xe5, 0x00, 0xff, 0x08, 0xe5, 0x00, 0xff, 0x08,
    0xe5, 0x00, 0xff, 0x08, 0xe5, 0x00, 0xff, 0x08, 0xe5, 0x00, 0xff, 0x07,
    0xe5, 0x00, 0xff, 0x06, 0xe5, 0x00, 0xff, 0x04, 0xe5, 0x00, 0xff, 0x03,
    0xe5, 0x00, 0xff, 0x01, 0x00, 0x00, 0x00, 0x00, 0x00, 0x00, 0x00, 0x00,
    0x00, 0x00, 0x00, 0x00, 0x00, 0x00, 0x00, 0x00, 0x00, 0x00, 0x00, 0x00,
    0x00, 0x00, 0x00, 0x00, 0x00, 0x00, 0x00, 0x00, 0x00, 0x00, 0x00, 0x00,
    0x00, 0x00, 0x00, 0x00, 0x00, 0x00, 0x00, 0x00, 0x00, 0x00, 0x00, 0x00,
    0x00, 0x00, 0x00, 0x00, 0x00, 0x00, 0x00, 0x00, 0x00, 0x00, 0x00, 0x00,
    0x00, 0x00, 0x00, 0x00, 0x00, 0x00, 0x00, 0x00, 0x00, 0x00, 0x00, 0x00,
    0x00, 0x00, 0x00, 0x00, 0x00, 0x00, 0x00, 0x00, 0x00, 0x00, 0x00, 0x00,
    0x00, 0x00, 0x00, 0x00, 0x00, 0x00, 0x00, 0x00, 0x00, 0x00, 0x00, 0x00,
    0x00, 0x00, 0x00, 0x00, 0x00, 0x00, 0x00, 0x00, 0xe5, 0x00, 0xff, 0x01,
    0xe5, 0x00, 0xff, 0x01, 0xe5, 0x00, 0xff, 0x01, 0xe5, 0x00, 0xff, 0x02,
    0xe5, 0x00, 0xff, 0x02, 0xe5, 0x00, 0xff, 0x02, 0xe5, 0x00, 0xff, 0x02,
    0xe5, 0x00, 0xff, 0x02, 0xe5, 0x00, 0xff, 0x02, 0xe5, 0x00, 0xff, 0x02,
    0xe5, 0x00, 0xff, 0x01, 0xe5, 0x00, 0xff, 0x01, 0xe5, 0x00, 0xff, 0x01,
    0x00, 0x00, 0x00, 0x00, 0x00, 0x00, 0x00, 0x00, 0x00, 0x00, 0x00, 0x00,
    0x00, 0x00, 0x00, 0x00, 0x00, 0x00, 0x00, 0x00, 0x00, 0x00, 0x00, 0x00,
    0x00, 0x00, 0x00, 0x00, 0x00, 0x00, 0x00, 0x00, 0x00, 0x00, 0x00, 0x00,
    0x00, 0x00, 0x00, 0x00, 0x00, 0x00, 0x00, 0x00, 0x00, 0x00, 0x00, 0x00,
    0x00, 0x00, 0x00, 0x00, 0x00, 0x00, 0x00, 0x00, 0x00, 0x00, 0x00, 0x00,
    0x00, 0x00, 0x00, 0x00, 0x00, 0x00, 0x00, 0x00, 0x00, 0x00, 0x00, 0x00,
    0x00, 0x00, 0x00, 0x00, 0x00, 0x00, 0x00, 0x00, 0x00, 0x00, 0x00, 0x00,
    0x00, 0x00, 0x00, 0x00, 0x00, 0x00, 0x00, 0x00, 0x00, 0x00, 0x00, 0x00,
    0x00, 0x00, 0x00, 0x00, 0x00, 0x00, 0x00, 0x00, 0x00, 0x00, 0x00, 0x00,
    0x00, 0x00, 0x00, 0x00, 0x00, 0x00, 0x00, 0x00, 0x00, 0x00, 0x00, 0x00,
    0x00, 0x00, 0x00, 0x00, 0x00, 0x00, 0x00, 0x00, 0x00, 0x00, 0x00, 0x00,
    0x00, 0x00, 0x00, 0x00, 0x00, 0x00, 0x00, 0x00, 0x00, 0x00, 0x00, 0x00,
    0x00, 0x00, 0x00, 0x00, 0x00, 0x00, 0x00, 0x00, 0x00, 0x00, 0x00, 0x00,
    0x00, 0x00, 0x00, 0x00, 0x00, 0x00, 0x00, 0x00, 0x00, 0x00, 0x00, 0x00,
    0x00, 0x00, 0x00, 0x00, 0x00, 0x00, 0x00, 0x00, 0x00, 0x00, 0x00, 0x00,
    0x00, 0x00, 0x00, 0x00, 0x00, 0x00, 0x00, 0x00, 0x00, 0x00, 0x00, 0x00,
    0x00, 0x00, 0x00, 0x00, 0x00, 0x00, 0x00, 0x00, 0x00, 0x00, 0x00, 0x00,
    0x00, 0x00, 0x00, 0x00, 0x00, 0x00, 0x00, 0x00, 0x00, 0x00, 0x00, 0x00,
    0x00, 0x00, 0x00, 0x00, 0x00, 0x00, 0x00, 0x00, 0x00, 0x00, 0x00, 0x00,
    0x00, 0x00, 0x00, 0x00, 0x00, 0x00, 0x00, 0x00, 0x00, 0x00, 0x00, 0x00,
    0x00, 0x00, 0x00, 0x00, 0x00, 0x00, 0x00, 0x00, 0x00, 0x00, 0x00, 0x00,
    0x00, 0x00, 0x00, 0x00, 0x00, 0x00, 0x00, 0x00, 0x00, 0x00, 0x00, 0x00,
    0x00, 0x00, 0x00, 0x00, 0x00, 0x00, 0x00, 0x00, 0x00, 0x00, 0x00, 0x00,
    0x00, 0x00, 0x00, 0x00, 0x00, 0x00, 0x00, 0x00, 0x00, 0x00, 0x00, 0x00,
    0x00, 0x00, 0x00, 0x00, 0x00, 0x00, 0x00, 0x00, 0x00, 0x00, 0x00, 0x00,
    0x00, 0x00, 0x00, 0x00, 0x00, 0x00, 0x00, 0x00, 0x00, 0x00, 0x00, 0x00,
    0x00, 0x00, 0x00, 0x00, 0x00, 0x00, 0x00, 0x00, 0x00, 0x00, 0x00, 0x00,
    0x00, 0x00, 0x00, 0x00, 0x00, 0x00, 0x00, 0x00, 0x00, 0x00, 0x00, 0x00,
    0x00, 0x00, 0x00, 0x00, 0x00, 0x00, 0x00, 0x00, 0x00, 0x00, 0x00, 0x00,
    0x00, 0x00, 0x00, 0x00, 0x00, 0x00, 0x00, 0x00, 0x00, 0x00, 0x00, 0x00,
    0x00, 0x00, 0x00, 0x00, 0x00, 0x00, 0x00, 0x00, 0x00, 0x00, 0x00, 0x00,
    0x00, 0x00, 0x00, 0x00, 0x00, 0x00, 0x00, 0x00, 0x00, 0x00, 0x00, 0x00,
    0x00, 0x00, 0x00, 0x00, 0x00, 0x00, 0x00, 0x00, 0x00, 0x00, 0x00, 0x00,
    0x00, 0x00, 0x00, 0x00, 0x00, 0x00, 0x00, 0x00, 0x00, 0x00, 0x00, 0x00,
    0x00, 0x00, 0x00, 0x00, 0x00, 0x00, 0x00, 0x00, 0x00, 0x00, 0x00, 0x00,
    0x00, 0x00, 0x00, 0x00, 0x00, 0x00, 0x00, 0x00, 0x00, 0x00, 0x00, 0x00,
    0x00, 0x00, 0x00, 0x00, 0x00, 0x00, 0x00, 0x00, 0x00, 0x00, 0x00, 0x00,
    0x00, 0x00, 0x00, 0x00, 0x00, 0x00, 0x00, 0x00, 0x00, 0x00, 0x00, 0x00,
    0x00, 0x00, 0x00, 0x00, 0x00, 0x00, 0x00, 0x00, 0x00, 0x00, 0x00, 0x00,
    0x00, 0x00, 0x00, 0x00, 0x00, 0x00, 0x00, 0x00, 0x00, 0x00, 0x00, 0x00,
    0x00, 0x00, 0x00, 0x00, 0x00, 0x00, 0x00, 0x00, 0x00, 0x00, 0x00, 0x00,
    0x00, 0x00, 0x00, 0x00, 0x00, 0x00, 0x00, 0x00, 0x00, 0x00, 0x00, 0x00,
    0x00, 0x00, 0x00, 0x00, 0x00, 0x00, 0x00, 0x00, 0x00, 0x00, 0x00, 0x00,
    0x00, 0x00, 0x00, 0x00, 0x00, 0x00, 0x00, 0x00, 0x00, 0x00, 0x00, 0x00,
    0x00, 0x00, 0x00, 0x00,
};
const lv_image_dsc_t launcher_icon_serialip = {
    .header.magic = LV_IMAGE_HEADER_MAGIC,
    .header.cf = LV_COLOR_FORMAT_ARGB8888,
    .header.flags = 0,
    .header.w = 40,
    .header.h = 40,
    .header.stride = 160,
    .data_size = 6400,
    .data = icon_serialip_data,
};

static const uint8_t icon_cardr_data[6400] = {
    0x00, 0x00, 0x00, 0x00, 0x00, 0x00, 0x00, 0x00, 0x00, 0x00, 0x00, 0x00,
    0x00, 0x00, 0x00, 0x00, 0x00, 0x00, 0x00, 0x00, 0x00, 0x00, 0x00, 0x00,
    0x00, 0x00, 0x00, 0x00, 0x00, 0x00, 0x00, 0x00, 0x00, 0x00, 0x00, 0x00,
    0x00, 0x00, 0x00, 0x00, 0x00, 0x00, 0x00, 0x00, 0x00, 0x00, 0x00, 0x00,
    0x00, 0x00, 0x00, 0x00, 0x00, 0x00, 0x00, 0x00, 0x00, 0x00, 0x00, 0x00,
    0x00, 0x00, 0x00, 0x00, 0x00, 0x00, 0x00, 0x00, 0x00, 0x00, 0x00, 0x00,
    0x00, 0x00, 0x00, 0x00, 0x00, 0x00, 0x00, 0x00, 0x00, 0x00, 0x00, 0x00,
    0x00, 0x00, 0x00, 0x00, 0x00, 0x00, 0x00, 0x00, 0x00, 0x00, 0x00, 0x00,
    0x00, 0x00, 0x00, 0x00, 0x00, 0x00, 0x00, 0x00, 0x00, 0x00, 0x00, 0x00,
    0x00, 0x00, 0x00, 0x00, 0x00, 0x00, 0x00, 0x00, 0x00, 0x00, 0x00, 0x00,
    0x00, 0x00, 0x00, 0x00, 0x00, 0x00, 0x00, 0x00, 0x00, 0x00, 0x00, 0x00,
    0x00, 0x00, 0x00, 0x00, 0x00, 0x00, 0x00, 0x00, 0x00, 0x00, 0x00, 0x00,
    0x00, 0x00, 0x00, 0x00, 0x00, 0x00, 0x00, 0x00, 0x00, 0x00, 0x00, 0x00,
    0x00, 0x00, 0x00, 0x00, 0x00, 0x00, 0x00, 0x00, 0x00, 0x00, 0x00, 0x00,
    0x00, 0x00, 0x00, 0x00, 0x00, 0x00, 0x00, 0x00, 0x00, 0x00, 0x00, 0x00,
    0x00, 0x00, 0x00, 0x00, 0x00, 0x00, 0x00, 0x00, 0x00, 0x00, 0x00, 0x00,
    0x00, 0x00, 0x00, 0x00, 0x00, 0x00, 0x00, 0x00, 0x00, 0x00, 0x00, 0x00,
    0x00, 0x00, 0x00, 0x00, 0x00, 0x00, 0x00, 0x00, 0x00, 0x00, 0x00, 0x00,
    0x00, 0x00, 0x00, 0x00, 0x00, 0x00, 0x00, 0x00, 0x00, 0x00, 0x00, 0x00,
    0x00, 0x00, 0x00, 0x00, 0x00, 0x00, 0x00, 0x00, 0x00, 0x00, 0x00, 0x00,
    0x00, 0x00, 0x00, 0x00, 0x00, 0x00, 0x00, 0x00, 0x00, 0x00, 0x00, 0x00,
    0x00, 0x00, 0x00, 0x00, 0x00, 0x00, 0x00, 0x00, 0x00, 0x00, 0x00, 0x00,
    0x00, 0x00, 0x00, 0x00, 0x00, 0x00, 0x00, 0x00, 0x00, 0x00, 0x00, 0x00,
    0x00, 0x00, 0x00, 0x00, 0x00, 0x00, 0x00, 0x00, 0x00, 0x00, 0x00, 0x00,
    0x00, 0x00, 0x00, 0x00, 0x00, 0x00, 0x00, 0x00, 0x00, 0x00, 0x00, 0x00,
    0x00, 0x00, 0x00, 0x00, 0x00, 0x00, 0x00, 0x00, 0x00, 0x00, 0x00, 0x00,
    0x00, 0x00, 0x00, 0x00, 0x00, 0x00, 0x00, 0x00, 0x00, 0x00, 0x00, 0x00,
    0x00, 0x00, 0x00, 0x00, 0x00, 0x00, 0x00, 0x00, 0x00, 0x00, 0x00, 0x00,
    0x00, 0x00, 0x00, 0x00, 0x00, 0x00, 0x00, 0x00, 0x00, 0x00, 0x00, 0x00,
    0x00, 0x00, 0x00, 0x00, 0x00, 0x00, 0x00, 0x00, 0x00, 0x00, 0x00, 0x00,
    0x00, 0x00, 0x00, 0x00, 0x00, 0x00, 0x00, 0x00, 0x00, 0x00, 0x00, 0x00,
    0x00, 0x00, 0x00, 0x00, 0x00, 0x00, 0x00, 0x00, 0x00, 0x00, 0x00, 0x00,
    0x00, 0x00, 0x00, 0x00, 0x00, 0xd7, 0xff, 0x01, 0x00, 0xd7, 0xff, 0x01,
    0x00, 0xd7, 0xff, 0x01, 0x00, 0xd7, 0xff, 0x01, 0x00, 0xd7, 0xff, 0x01,
    0x00, 0xd7, 0xff, 0x01, 0x00, 0xd7, 0xff, 0x01, 0x00, 0x00, 0x00, 0x00,
    0x00, 0x00, 0x00, 0x00, 0x00, 0x00, 0x00, 0x00, 0x00, 0x00, 0x00, 0x00,
    0x00, 0x00, 0x00, 0x00, 0x00, 0x00, 0x00, 0x00, 0x00, 0x00, 0x00, 0x00,
    0x00, 0x00, 0x00, 0x00, 0x00, 0x00, 0x00, 0x00, 0x00, 0x00, 0x00, 0x00,
    0x00, 0x00, 0x00, 0x00, 0x00, 0x00, 0x00, 0x00, 0x00, 0x00, 0x00, 0x00,
    0x00, 0x00, 0x00, 0x00, 0x00, 0x00, 0x00, 0x00, 0x00, 0x00, 0x00, 0x00,
    0x00, 0x00, 0x00, 0x00, 0x00, 0x00, 0x00, 0x00, 0x00, 0x00, 0x00, 0x00,
    0x00, 0x00, 0x00, 0x00, 0x00, 0x00, 0x00, 0x00, 0x00, 0x00, 0x00, 0x00,
    0x00, 0x00, 0x00, 0x00, 0x00, 0x00, 0x00, 0x00, 0x00, 0x00, 0x00, 0x00,
    0x00, 0x00, 0x00, 0x00, 0x00, 0x00, 0x00, 0x00, 0x00, 0x00, 0x00, 0x00,
    0x00, 0x00, 0x00, 0x00, 0x00, 0x00, 0x00, 0x00, 0x00, 0xd7, 0xff, 0x01,
    0x00, 0xd7, 0xff, 0x02, 0x00, 0xd7, 0xff, 0x03, 0x00, 0xd7, 0xff, 0x05,
    0x00, 0xd7, 0xff, 0x06, 0x00, 0xd7, 0xff, 0x07, 0x00, 0xd7, 0xff, 0x07,
    0x00, 0xd7, 0xff, 0x07, 0x00, 0xd7, 0xff, 0x06, 0x00, 0xd7, 0xff, 0x05,
    0x00, 0xd7, 0xff, 0x03, 0x00, 0xd7, 0xff, 0x02, 0x00, 0xd7, 0xff, 0x01,
    0x00, 0x00, 0x00, 0x00, 0x00, 0x00, 0x00, 0x00, 0x00, 0x00, 0x00, 0x00,
    0x00, 0x00, 0x00, 0x00, 0x00, 0x00, 0x00, 0x00, 0x00, 0x00, 0x00, 0x00,
    0x00, 0x00, 0x00, 0x00, 0x00, 0x00, 0x00, 0x00, 0x00, 0x00, 0x00, 0x00,
    0x00, 0x00, 0x00, 0x00, 0x00, 0x00, 0x00, 0x00, 0x00, 0x00, 0x00, 0x00,
    0x00, 0x00, 0x00, 0x00, 0x00, 0x00, 0x00, 0x00, 0x00, 0x00, 0x00, 0x00,
    0x00, 0x00, 0x00, 0x00, 0x00, 0x00, 0x00, 0x00, 0x00, 0x00, 0x00, 0x00,
    0x00, 0x00, 0x00, 0x00, 0x00, 0x00, 0x00, 0x00, 0x00, 0x00, 0x00, 0x00,
    0x00, 0x00, 0x00, 0x00, 0x00, 0x00, 0x00, 0x00, 0x00, 0x00, 0x00, 0x00,
    0x00, 0x00, 0x00, 0x00, 0x00, 0x00, 0x00, 0x00, 0x00, 0xd7, 0xff, 0x01,
    0x00, 0xd7, 0xff, 0x03, 0x00, 0xd7, 0xff, 0x07, 0x00, 0xd7, 0xff, 0x0b,
    0x00, 0xd7, 0xff, 0x0f, 0x00, 0xd7, 0xff, 0x12, 0x00, 0xd7, 0xff, 0x15,
    0x00, 0xd7, 0xff, 0x15, 0x00, 0xd7, 0xff, 0x15, 0x00, 0xd7, 0xff, 0x12,
    0x00, 0xd7, 0xff, 0x0f, 0x00, 0xd7, 0xff, 0x0b, 0x00, 0xd7, 0xff, 0x07,
    0x00, 0xd7, 0xff, 0x03, 0x00, 0xd7, 0xff, 0x01, 0x00, 0x00, 0x00, 0x00,
    0x00, 0x00, 0x00, 0x00, 0x00, 0x00, 0x00, 0x00, 0x00, 0x00, 0x00, 0x00,
    0x00, 0x00, 0x00, 0x00, 0x00, 0x00, 0x00, 0x00, 0x00, 0x00, 0x00, 0x00,
    0x00, 0x00, 0x00, 0x00, 0x00, 0x00, 0x00, 0x00, 0x00, 0x00, 0x00, 0x00,
    0x00, 0x00, 0x00, 0x00, 0x00, 0x00, 0x00, 0x00, 0x00, 0x00, 0x00, 0x00,
    0x00, 0x00, 0x00, 0x00, 0x00, 0x00, 0x00, 0x00, 0x00, 0x00, 0x00, 0x00,
    0x00, 0x00, 0x00, 0x00, 0x00, 0x00, 0x00, 0x00, 0x00, 0x00, 0x00, 0x00,
    0x00, 0x00, 0x00, 0x00, 0x00, 0x00, 0x00, 0x00, 0x00, 0x00, 0x00, 0x00,
    0x00, 0x00, 0x00, 0x00, 0x00, 0x00, 0x00, 0x00, 0x00, 0xd7, 0xff, 0x01,
    0x00, 0xd7, 0xff, 0x04, 0x00, 0xd7, 0xff, 0x09, 0x00, 0xd5, 0xfd, 0x13,
    0x00, 0xd8, 0xff, 0x21, 0x00, 0xd5, 0xfd, 0x31, 0x00, 0xd8, 0xff, 0x3b,
    0x00, 0xd8, 0xff, 0x42, 0x00, 0xd8, 0xff, 0x43, 0x00, 0xd8, 0xff, 0x42,
    0x00, 0xd8, 0xff, 0x3b, 0x00, 0xd5, 0xfd, 0x31, 0x00, 0xd8, 0xff, 0x21,
    0x00, 0xd5, 0xfd, 0x13, 0x00, 0xd7, 0xff, 0x09, 0x00, 0xd7, 0xff, 0x04,
    0x00, 0xd7, 0xff, 0x01, 0x00, 0x00, 0x00, 0x00, 0x00, 0x00, 0x00, 0x00,
    0x00, 0x00, 0x00, 0x00, 0x00, 0x00, 0x00, 0x00, 0x00, 0x00, 0x00, 0x00,
    0x00, 0x00, 0x00, 0x00, 0x00, 0x00, 0x00, 0x00, 0x00, 0x00, 0x00, 0x00,
    0x00, 0x00, 0x00, 0x00, 0x00, 0x00, 0x00, 0x00, 0x00, 0x00, 0x00, 0x00,
    0x00, 0x00, 0x00, 0x00, 0x00, 0x00, 0x00, 0x00, 0x00, 0x00, 0x00, 0x00,
    0x00, 0x00, 0x00, 0x00, 0x00, 0x00, 0x00, 0x00, 0x00, 0x00, 0x00, 0x00,
    0x00, 0x00, 0x00, 0x00, 0x00, 0x00, 0x00, 0x00, 0x00, 0x00, 0x00, 0x00,
    0x00, 0x00, 0x00, 0x00, 0x00, 0x00, 0x00, 0x00, 0x00, 0xd7, 0xff, 0x01,
    0x00, 0xd7, 0xff, 0x03, 0x00, 0xd7, 0xff, 0x09, 0x00, 0xd5, 0xfd, 0x15,
    0x00, 0xd7, 0xff, 0x2d, 0x00, 0xd5, 0xfd, 0x4c, 0x00, 0xd7, 0xff, 0x69,
    0x00, 0xd6, 0xfe, 0x7c, 0x00, 0xd6, 0xfe, 0x85, 0x00, 0xd7, 0xff, 0x86,
    0x00, 0xd6, 0xfe, 0x85, 0x00, 0xd6, 0xfe, 0x7c, 0x00, 0xd7, 0xff, 0x69,
    0x00, 0xd5, 0xfd, 0x4c, 0x00, 0xd7, 0xff, 0x2d, 0x00, 0xd5, 0xfd, 0x15,
    0x00, 0xd7, 0xff, 0x09, 0x00, 0xd7, 0xff, 0x03, 0x00, 0xd7, 0xff, 0x01,
    0x00, 0x00, 0x00, 0x00, 0x00, 0x00, 0x00, 0x00, 0x00, 0x00, 0x00, 0x00,
    0x00, 0x00, 0x00, 0x00, 0x00, 0x00, 0x00, 0x00, 0x00, 0x00, 0x00, 0x00,
    0x00, 0x00, 0x00, 0x00, 0x00, 0x00, 0x00, 0x00, 0x00, 0x00, 0x00, 0x00,
    0x00, 0x00, 0x00, 0x00, 0x00, 0x00, 0x00, 0x00, 0x00, 0x00, 0x00, 0x00,
    0x00, 0x00, 0x00, 0x00, 0x00, 0x00, 0x00, 0x00, 0x00, 0x00, 0x00, 0x00,
    0x00, 0x00, 0x00, 0x00, 0x00, 0x00, 0x00, 0x00, 0x00, 0x00, 0x00, 0x00,
    0x00, 0x00, 0x00, 0x00, 0x00, 0x00, 0x00, 0x00, 0x00, 0x00, 0x00, 0x00,
    0x00, 0xd7, 0xff, 0x02, 0x00, 0xd7, 0xff, 0x07, 0x00, 0xd5, 0xfd, 0x13,
    0x00, 0xd7, 0xff, 0x2d, 0x00, 0xd7, 0xff, 0x57, 0x00, 0xd7, 0xff, 0x86,
    0x00, 0xd7, 0xff, 0xff, 0x00, 0xd7, 0xff, 0xff, 0x00, 0xd7, 0xff, 0xff,
    0x00, 0xd7, 0xff, 0xff, 0x00, 0xd7, 0xff, 0xff, 0x00, 0xd7, 0xff, 0xff,
    0x00, 0xd7, 0xff, 0xff, 0x00, 0xd7, 0xff, 0x86, 0x00, 0xd7, 0xff, 0x57,
    0x00, 0xd7, 0xff, 0x2d, 0x00, 0xd5, 0xfd, 0x13, 0x00, 0xd7, 0xff, 0x07,
    0x00, 0xd7, 0xff, 0x02, 0x00, 0x00, 0x00, 0x00, 0x00, 0x00, 0x00, 0x00,
    0x00, 0x00, 0x00, 0x00, 0x00, 0x00, 0x00, 0x00, 0x00, 0x00, 0x00, 0x00,
    0x00, 0x00, 0x00, 0x00, 0x00, 0x00, 0x00, 0x00, 0x00, 0x00, 0x00, 0x00,
    0x00, 0x00, 0x00, 0x00, 0x00, 0x00, 0x00, 0x00, 0x00, 0x00, 0x00, 0x00,
    0x00, 0x00, 0x00, 0x00, 0x00, 0x00, 0x00, 0x00, 0x00, 0x00, 0x00, 0x00,
    0x00, 0x00, 0x00, 0x00, 0x00, 0x00, 0x00, 0x00, 0x00, 0x00, 0x00, 0x00,
    0x00, 0x00, 0x00, 0x00, 0x00, 0x00, 0x00, 0x00, 0x00, 0x00, 0x00, 0x00,
    0x00, 0x00, 0x00, 0x00, 0x00, 0xd7, 0xff, 0x03, 0x00, 0xd7, 0xff, 0x0b,
    0x00, 0xd8, 0xff, 0x21, 0x00, 0xd8, 0xff, 0x4c, 0x00, 0xd7, 0xff, 0x86,
    0x00, 0xd7, 0xff, 0xff, 0x00, 0xd7, 0xff, 0xff, 0x00, 0xd7, 0xff, 0xff,
    0x00, 0xd7, 0xff, 0xff, 0x00, 0xd7, 0xff, 0xff, 0x00, 0xd7, 0xff, 0xff,
    0x00, 0xd7, 0xff, 0xff, 0x00, 0xd7, 0xff, 0xff, 0x00, 0xd7, 0xff, 0xff,
    0x00, 0xd7, 0xff, 0x86, 0x00, 0xd8, 0xff, 0x4c, 0x00, 0xd8, 0xff, 0x21,
    0x00, 0xd7, 0xff, 0x0b, 0x00, 0xd7, 0xff, 0x03, 0x00, 0x00, 0x00, 0x00,
    0x00, 0x00, 0x00, 0x00, 0x00, 0x00, 0x00, 0x00, 0x00, 0x00, 0x00, 0x00,
    0x00, 0x00, 0x00, 0x00, 0x00, 0x00, 0x00, 0x00, 0x00, 0x00, 0x00, 0x00,
    0x00, 0x00, 0x00, 0x00, 0x00, 0x00, 0x00, 0x00, 0x00, 0x00, 0x00, 0x00,
    0x00, 0x00, 0x00, 0x00, 0x00, 0x00, 0x00, 0x00, 0x00, 0x00, 0x00, 0x00,
    0x00, 0x00, 0x00, 0x00, 0x00, 0x00, 0x00, 0x00, 0x00, 0x00, 0x00, 0x00,
    0x00, 0x00, 0x00, 0x00, 0x00, 0x00, 0x00, 0x00, 0x00, 0x00, 0x00, 0x00,
    0x00, 0x00, 0x00, 0x00, 0x00, 0xd7, 0xff, 0x01, 0x00, 0xd7, 0xff, 0x05,
    0x00, 0xd7, 0xff, 0x10, 0x00, 0xd5, 0xfd, 0x32, 0x00, 0xd6, 0xfe, 0x6a,
    0x00, 0xd7, 0xff, 0xff, 0x00, 0xd7, 0xff, 0xff, 0x00, 0xd7, 0xff, 0xff,
    0xe5, 0x00, 0xff, 0xff, 0x00, 0xd7, 0xff, 0xff, 0x00, 0xd7, 0xff, 0xff,
    0x00, 0xd7, 0xff, 0xff, 0xe5, 0x00, 0xff, 0xff, 0x00, 0xd7, 0xff, 0xff,
    0x00, 0xd7, 0xff, 0xff, 0x00, 0xd7, 0xff, 0xff, 0x00, 0xd6, 0xfe, 0x6a,
    0x00, 0xd5, 0xfd, 0x32, 0x00, 0xd7, 0xff, 0x10, 0x00, 0xd7, 0xff, 0x05,
    0x00, 0xd7, 0xff, 0x01, 0x00, 0x00, 0x00, 0x00, 0x00, 0x00, 0x00, 0x00,
    0x00, 0x00, 0x00, 0x00, 0x00, 0x00, 0x00, 0x00, 0x00, 0x00, 0x00, 0x00,
    0x00, 0x00, 0x00, 0x00, 0x00, 0x00, 0x00, 0x00, 0x00, 0x00, 0x00, 0x00,
    0x00, 0x00, 0x00, 0x00, 0x00, 0x00, 0x00, 0x00, 0x00, 0x00, 0x00, 0x00,
    0x00, 0x00, 0x00, 0x00, 0x00, 0x00, 0x00, 0x00, 0x00, 0x00, 0x00, 0x00,
    0x00, 0x00, 0x00, 0x00, 0x00, 0x00, 0x00, 0x00, 0x00, 0x00, 0x00, 0x00,
    0x00, 0x00, 0x00, 0x00, 0x00, 0x00, 0x00, 0x00, 0x00, 0xd7, 0xff, 0x02,
    0x00, 0xd7, 0xff, 0x08, 0x00, 0xd7, 0xff, 0x15, 0x00, 0xd7, 0xff, 0x3e,
    0x00, 0xd6, 0xfe, 0x7f, 0x00, 0xd7, 0xff, 0xff, 0x00, 0xd7, 0xff, 0xff,
    0x00, 0xd7, 0xff, 0xff, 0xe5, 0x00, 0xff, 0xff, 0x00, 0xd7, 0xff, 0xff,
    0x00, 0xd7, 0xff, 0xff, 0x00, 0xd7, 0xff, 0xff, 0xe5, 0x00, 0xff, 0xff,
    0x00, 0xd7, 0xff, 0xff, 0x00, 0xd7, 0xff, 0xff, 0x00, 0xd7, 0xff, 0xff,
    0x00, 0xd6, 0xfe, 0x7f, 0x00, 0xd7, 0xff, 0x3e, 0x00, 0xd7, 0xff, 0x15,
    0x00, 0xd7, 0xff, 0x08, 0x00, 0xd7, 0xff, 0x02, 0x00, 0x00, 0x00, 0x00,
    0x00, 0x00, 0x00, 0x00, 0x00, 0x00, 0x00, 0x00, 0x00, 0x00, 0x00, 0x00,
    0x00, 0x00, 0x00, 0x00, 0x00, 0x00, 0x00, 0x00, 0x00, 0x00, 0x00, 0x00,
    0x00, 0x00, 0x00, 0x00, 0x00, 0x00, 0x00, 0x00, 0x00, 0x00, 0x00, 0x00,
    0x00, 0x00, 0x00, 0x00, 0x00, 0x00, 0x00, 0x00, 0x00, 0x00, 0x00, 0x00,
    0x00, 0x00, 0x00, 0x00, 0x00, 0x00, 0x00, 0x00, 0x00, 0x00, 0x00, 0x00,
    0x00, 0x00, 0x00, 0x00, 0x00, 0x00, 0x00, 0x00, 0x00, 0xd7, 0xff, 0x01,
    0x00, 0xd7, 0xff, 0x04, 0x00, 0xd7, 0xff, 0x0c, 0x00, 0xd7, 0xff, 0x1c,
    0x00, 0xd5, 0xfd, 0x4b, 0x00, 0xd7, 0xff, 0x8b, 0x00, 0xd7, 0xff, 0xff,
    0x00, 0xd7, 0xff, 0xff, 0x00, 0xd7, 0xff, 0xff, 0xe5, 0x00, 0xff, 0xff,
    0x00, 0xd7, 0xff, 0xff, 0x00, 0xd7, 0xff, 0xff, 0x00, 0xd7, 0xff, 0xff,
    0xe5, 0x00, 0xff, 0xff, 0x00, 0xd7, 0xff, 0xff, 0x00, 0xd7, 0xff, 0xff,
    0x00, 0xd7, 0xff, 0xff, 0x00, 0xd7, 0xff, 0x8b, 0x00, 0xd5, 0xfd, 0x4b,
    0x00, 0xd7, 0xff, 0x1c, 0x00, 0xd7, 0xff, 0x0c, 0x00, 0xd7, 0xff, 0x04,
    0x00, 0xd7, 0xff, 0x01, 0x00, 0x00, 0x00, 0x00, 0x00, 0x00, 0x00, 0x00,
    0x00, 0x00, 0x00, 0x00, 0x00, 0x00, 0x00, 0x00, 0x00, 0x00, 0x00, 0x00,
    0x00, 0x00, 0x00, 0x00, 0x00, 0x00, 0x00, 0x00, 0x00, 0x00, 0x00, 0x00,
    0x00, 0x00, 0x00, 0x00, 0x00, 0x00, 0x00, 0x00, 0x00, 0x00, 0x00, 0x00,
    0x00, 0x00, 0x00, 0x00, 0x00, 0x00, 0x00, 0x00, 0x00, 0x00, 0x00, 0x00,
    0x00, 0x00, 0x00, 0x00, 0x00, 0x00, 0x00, 0x00, 0x00, 0x00, 0x00, 0x00,
    0x00, 0xd7, 0xff, 0x02, 0x00, 0xd7, 0xff, 0x07, 0x00, 0xd5, 0xfd, 0x15,
    0x00, 0xd6, 0xfd, 0x2d, 0x00, 0xd6, 0xfd, 0x61, 0x00, 0xd6, 0xfe, 0x9e,
    0x00, 0xd7, 0xff, 0xff, 0x00, 0xd7, 0xff, 0xff, 0x00, 0xd7, 0xff, 0xff,
    0xe5, 0x00, 0xff, 0xff, 0x00, 0xd7, 0xff, 0xff, 0x00, 0xd7, 0xff, 0xff,
    0x00, 0xd7, 0xff, 0xff, 0xe5, 0x00, 0xff, 0xff, 0x00, 0xd7, 0xff, 0xff,
    0x00, 0xd7, 0xff, 0xff, 0x00, 0xd7, 0xff, 0xff, 0x00, 0xd6, 0xfe, 0x9e,
    0x00, 0xd6, 0xfd, 0x61, 0x00, 0xd6, 0xfd, 0x2d, 0x00, 0xd5, 0xfd, 0x15,
    0x00, 0xd7, 0xff, 0x07, 0x00, 0xd7, 0xff, 0x02, 0x00, 0x00, 0x00, 0x00,
    0x00, 0x00, 0x00, 0x00, 0x00, 0x00, 0x00, 0x00, 0x00, 0x00, 0x00, 0x00,
    0x00, 0x00, 0x00, 0x00, 0x00, 0x00, 0x00, 0x00, 0x00, 0x00, 0x00, 0x00,
    0x00, 0x00, 0x00, 0x00, 0x00, 0x00, 0x00, 0x00, 0x00, 0x00, 0x00, 0x00,
    0x00, 0x00, 0x00, 0x00, 0x00, 0x00, 0x00, 0x00, 0x00, 0x00, 0x00, 0x00,
    0x00, 0x00, 0x00, 0x00, 0x00, 0x00, 0x00, 0x00, 0x00, 0x00, 0x00, 0x00,
    0x00, 0xd7, 0xff, 0x01, 0x00, 0xd7, 0xff, 0x05, 0x00, 0xd7, 0xff, 0x0d,
    0x00, 0xd7, 0xff, 0x24, 0x00, 0xd6, 0xfe, 0x49, 0x00, 0xd7, 0xff, 0x82,
    0x00, 0xd6, 0xfe, 0xb8, 0x00, 0xd7, 0xff, 0xff, 0x00, 0xd7, 0xff, 0xff,
    0x00, 0xd7, 0xff, 0xff, 0xe5, 0x00, 0xff, 0xff, 0x00, 0xd7, 0xff, 0xff,
    0x00, 0xd7, 0xff, 0xff, 0x00, 0xd7, 0xff, 0xff, 0xe5, 0x00, 0xff, 0xff,
    0x00, 0xd7, 0xff, 0xff, 0x00, 0xd7, 0xff, 0xff, 0x00, 0xd7, 0xff, 0xff,
    0x00, 0xd6, 0xfe, 0xb8, 0x00, 0xd7, 0xff, 0x82, 0x00, 0xd6, 0xfe, 0x49,
    0x00, 0xd7, 0xff, 0x24, 0x00, 0xd7, 0xff, 0x0d, 0x00, 0xd7, 0xff, 0x05,
    0x00, 0xd7, 0xff, 0x01, 0x00, 0x00, 0x00, 0x00, 0x00, 0x00, 0x00, 0x00,
    0x00, 0x00, 0x00, 0x00, 0x00, 0x00, 0x00, 0x00, 0x00, 0x00, 0x00, 0x00,
    0x00, 0x00, 0x00, 0x00, 0x00, 0x00, 0x00, 0x00, 0x00, 0x00, 0x00, 0x00,
    0x00, 0x00, 0x00, 0x00, 0x00, 0x00, 0x00, 0x00, 0x00, 0x00, 0x00, 0x00,
    0x00, 0x00, 0x00, 0x00, 0x00, 0x00, 0x00, 0x00, 0x00, 0x00, 0x00, 0x00,
    0x00, 0x00, 0x00, 0x00, 0x00, 0xd7, 0xff, 0x02, 0x00, 0xd7, 0xff, 0x08,
    0x00, 0xd5, 0xfd, 0x16, 0x00, 0xd8, 0xff, 0x3b, 0x00, 0xd6, 0xfe, 0x72,
    0x00, 0xd7, 0xff, 0xff, 0x00, 0xd7, 0xff, 0xff, 0x00, 0xd7, 0xff, 0xff,
    0x00, 0xd7, 0xff, 0xff, 0x00, 0xd7, 0xff, 0xff, 0x00, 0xd7, 0xff, 0xff,
    0x00, 0xd7, 0xff, 0xff, 0x00, 0xd7, 0xff, 0xff, 0x00, 0xd7, 0xff, 0xff,
    0x00, 0xd7, 0xff, 0xff, 0x00, 0xd7, 0xff, 0xff, 0x00, 0xd7, 0xff, 0xff,
    0x00, 0xd7, 0xff, 0xff, 0x00, 0xd7, 0xff, 0xff, 0x00, 0xd7, 0xff, 0xff,
    0x00, 0xd6, 0xfe, 0x72, 0x00, 0xd8, 0xff, 0x3b, 0x00, 0xd5, 0xfd, 0x16,
    0x00, 0xd7, 0xff, 0x08, 0x00, 0xd7, 0xff, 0x02, 0x00, 0x00, 0x00, 0x00,
    0x00, 0x00, 0x00, 0x00, 0x00, 0x00, 0x00, 0x00, 0x00, 0x00, 0x00, 0x00,
    0x00, 0x00, 0x00, 0x00, 0x00, 0x00, 0x00, 0x00, 0x00, 0x00, 0x00, 0x00,
    0x00, 0x00, 0x00, 0x00, 0x00, 0x00, 0x00, 0x00, 0x00, 0x00, 0x00, 0x00,
    0x00, 0x00, 0x00, 0x00, 0x00, 0x00, 0x00, 0x00, 0x00, 0x00, 0x00, 0x00,
    0x00, 0x00, 0x00, 0x00, 0x00, 0x00, 0x00, 0x00, 0x00, 0xd7, 0xff, 0x04,
    0x00, 0xd7, 0xff, 0x0c, 0x00, 0xd7, 0xff, 0x24, 0x00, 0xd5, 0xfd, 0x56,
    0x00, 0xd6, 0xfe, 0x96, 0x00, 0xd7, 0xff, 0xff, 0x00, 0xd7, 0xff, 0xff,
    0x00, 0xd7, 0xff, 0xff, 0x00, 0xd7, 0xff, 0xff, 0x00, 0xd7, 0xff, 0xff,
    0x00, 0xd7, 0xff, 0xff, 0x00, 0xd7, 0xff, 0xff, 0x00, 0xd7, 0xff, 0xff,
    0x00, 0xd7, 0xff, 0xff, 0x00, 0xd7, 0xff, 0xff, 0x00, 0xd7, 0xff, 0xff,
    0x00, 0xd7, 0xff, 0xff, 0x00, 0xd7, 0xff, 0xff, 0x00, 0xd7, 0xff, 0xff,
    0x00, 0xd7, 0xff, 0xff, 0x00, 0xd6, 0xfe, 0x96, 0x00, 0xd5, 0xfd, 0x56,
    0x00, 0xd7, 0xff, 0x24, 0x00, 0xd7, 0xff, 0x0c, 0x00, 0xd7, 0xff, 0x04,
    0x00, 0x00, 0x00, 0x00, 0x00, 0x00, 0x00, 0x00, 0x00, 0x00, 0x00, 0x00,
    0x00, 0x00, 0x00, 0x00, 0x00, 0x00, 0x00, 0x00, 0x00, 0x00, 0x00, 0x00,
    0x00, 0x00, 0x00, 0x00, 0x00, 0x00, 0x00, 0x00, 0x00, 0x00, 0x00, 0x00,
    0x00, 0x00, 0x00, 0x00, 0x00, 0x00, 0x00, 0x00, 0x00, 0x00, 0x00, 0x00,
    0x00, 0x00, 0x00, 0x00, 0x00, 0x00, 0x00, 0x00, 0x00, 0xd7, 0xff, 0x01,
    0x00, 0xd7, 0xff, 0x05, 0x00, 0xd7, 0xff, 0x10, 0x00, 0xd5, 0xfd, 0x33,
    0x00, 0xd7, 0xff, 0x6e, 0x00, 0xd7, 0xff, 0xff, 0x00, 0xd7, 0xff, 0xff,
    0x00, 0xd7, 0xff, 0xff, 0x00, 0xd7, 0xff, 0xff, 0x00, 0xd7, 0xff, 0xff,
    0x00, 0xd7, 0xff, 0xff, 0x00, 0xd7, 0xff, 0xff, 0x00, 0xd7, 0xff, 0xff,
    0x00, 0xd7, 0xff, 0xff, 0x00, 0xd7, 0xff, 0xff, 0x00, 0xd7, 0xff, 0xff,
    0x00, 0xd7, 0xff, 0xff, 0x00, 0xd7, 0xff, 0xff, 0x00, 0xd7, 0xff, 0xff,
    0x00, 0xd7, 0xff, 0xff, 0x00, 0xd7, 0xff, 0xff, 0x00, 0xd7, 0xff, 0xff,
    0x00, 0xd7, 0xff, 0x6e, 0x00, 0xd5, 0xfd, 0x33, 0x00, 0xd7, 0xff, 0x10,
    0x00, 0xd7, 0xff, 0x05, 0x00, 0xd7, 0xff, 0x01, 0x00, 0x00, 0x00, 0x00,
    0x00, 0x00, 0x00, 0x00, 0x00, 0x00, 0x00, 0x00, 0x00, 0x00, 0x00, 0x00,
    0x00, 0x00, 0x00, 0x00, 0x00, 0x00, 0x00, 0x00, 0x00, 0x00, 0x00, 0x00,
    0x00, 0x00, 0x00, 0x00, 0x00, 0x00, 0x00, 0x00, 0x00, 0x00, 0x00, 0x00,
    0x00, 0x00, 0x00, 0x00, 0x00, 0x00, 0x00, 0x00, 0x00, 0x00, 0x00, 0x00,
    0x00, 0xd7, 0xff, 0x01, 0x00, 0xd7, 0xff, 0x06, 0x00, 0xd7, 0xff, 0x13,
    0x00, 0xd8, 0xff, 0x3c, 0x00, 0xd6, 0xfe, 0x7e, 0x00, 0xd7, 0xff, 0xff,
    0x00, 0xd7, 0xff, 0xff, 0x00, 0xd7, 0xff, 0xff, 0x00, 0xd7, 0xff, 0xff,
    0x00, 0xd7, 0xff, 0xff, 0x00, 0xd7, 0xff, 0xff, 0x00, 0xd7, 0xff, 0xff,
    0x00, 0xd7, 0xff, 0xff, 0x00, 0xd7, 0xff, 0xff, 0x00, 0xd7, 0xff, 0xff,
    0x00, 0xd7, 0xff, 0xff, 0x00, 0xd7, 0xff, 0xff, 0x00, 0xd7, 0xff, 0xff,
    0x00, 0xd7, 0xff, 0xff, 0x00, 0xd7, 0xff, 0xff, 0x00, 0xd7, 0xff, 0xff,
    0x00, 0xd7, 0xff, 0xff, 0x00, 0xd6, 0xfe, 0x7e, 0x00, 0xd8, 0xff, 0x3c,
    0x00, 0xd7, 0xff, 0x13, 0x00, 0xd7, 0xff, 0x06, 0x00, 0xd7, 0xff, 0x01,
    0x00, 0x00, 0x00, 0x00, 0x00, 0x00, 0x00, 0x00, 0x00, 0x00, 0x00, 0x00,
    0x00, 0x00, 0x00, 0x00, 0x00, 0x00, 0x00, 0x00, 0x00, 0x00, 0x00, 0x00,
    0x00, 0x00, 0x00, 0x00, 0x00, 0x00, 0x00, 0x00, 0x00, 0x00, 0x00, 0x00,
    0x00, 0x00, 0x00, 0x00, 0x00, 0x00, 0x00, 0x00, 0x00, 0x00, 0x00, 0x00,
    0x00, 0x00, 0x00, 0x00, 0x00, 0xd7, 0xff, 0x01, 0x00, 0xd7, 0xff, 0x07,
    0x00, 0xd7, 0xff, 0x15, 0x00, 0xd8, 0xff, 0x42, 0x00, 0xd7, 0xff, 0x86,
    0x00, 0xd7, 0xff, 0xff, 0x00, 0xd7, 0xff, 0xff, 0x00, 0xd7, 0xff, 0xff,
    0x00, 0xd7, 0xff, 0xff, 0x00, 0xd7, 0xff, 0xff, 0x00, 0xd7, 0xff, 0xff,
    0x00, 0xd7, 0xff, 0xff, 0x00, 0xd7, 0xff, 0xff, 0x00, 0xd7, 0xff, 0xff,
    0x00, 0xd7, 0xff, 0xff, 0x00, 0xd7, 0xff, 0xff, 0x00, 0xd7, 0xff, 0xff,
    0x00, 0xd7, 0xff, 0xff, 0x00, 0xd7, 0xff, 0xff, 0x00, 0xd7, 0xff, 0xff,
    0x00, 0xd7, 0xff, 0xff, 0x00, 0xd7, 0xff, 0xff, 0x00, 0xd7, 0xff, 0x86,
    0x00, 0xd8, 0xff, 0x42, 0x00, 0xd7, 0xff, 0x15, 0x00, 0xd7, 0xff, 0x07,
    0x00, 0xd7, 0xff, 0x01, 0x00, 0x00, 0x00, 0x00, 0x00, 0x00, 0x00, 0x00,
    0x00, 0x00, 0x00, 0x00, 0x00, 0x00, 0x00, 0x00, 0x00, 0x00, 0x00, 0x00,
    0x00, 0x00, 0x00, 0x00, 0x00, 0x00, 0x00, 0x00, 0x00, 0x00, 0x00, 0x00,
    0x00, 0x00, 0x00, 0x00, 0x00, 0x00, 0x00, 0x00, 0x00, 0x00, 0x00, 0x00,
    0x00, 0x00, 0x00, 0x00, 0x00, 0x00, 0x00, 0x00, 0x00, 0xd7, 0xff, 0x02,
    0x00, 0xd7, 0xff, 0x08, 0x00, 0xd7, 0xff, 0x16, 0x00, 0xd7, 0xff, 0x44,
    0x00, 0xd6, 0xfe, 0x88, 0x00, 0xd7, 0xff, 0xff, 0x00, 0xd7, 0xff, 0xff,
    0x00, 0xd7, 0xff, 0xff, 0x00, 0xd7, 0xff, 0xff, 0x00, 0xd7, 0xff, 0xff,
    0x00, 0xd7, 0xff, 0xff, 0x00, 0xd7, 0xff, 0xff, 0x00, 0xd7, 0xff, 0xff,
    0x00, 0xd7, 0xff, 0xff, 0x00, 0xd7, 0xff, 0xff, 0x00, 0xd7, 0xff, 0xff,
    0x00, 0xd7, 0xff, 0xff, 0x00, 0xd7, 0xff, 0xff, 0x00, 0xd7, 0xff, 0xff,
    0x00, 0xd7, 0xff, 0xff, 0x00, 0xd7, 0xff, 0xff, 0x00, 0xd7, 0xff, 0xff,
    0x00, 0xd6, 0xfe, 0x88, 0x00, 0xd7, 0xff, 0x44, 0x00, 0xd7, 0xff, 0x16,
    0x00, 0xd7, 0xff, 0x08, 0x00, 0xd7, 0xff, 0x02, 0x00, 0x00, 0x00, 0x00,
    0x00, 0x00, 0x00, 0x00, 0x00, 0x00, 0x00, 0x00, 0x00, 0x00, 0x00, 0x00,
    0x00, 0x00, 0x00, 0x00, 0x00, 0x00, 0x00, 0x00, 0x00, 0x00, 0x00, 0x00,
    0x00, 0x00, 0x00, 0x00, 0x00, 0x00, 0x00, 0x00, 0x00, 0x00, 0x00, 0x00,
    0x00, 0x00, 0x00, 0x00, 0x00, 0x00, 0x00, 0x00, 0x00, 0x00, 0x00, 0x00,
    0x00, 0xd7, 0xff, 0x02, 0x00, 0xd7, 0xff, 0x08, 0x00, 0xd7, 0xff, 0x17,
    0x00, 0xd7, 0xff, 0x45, 0x00, 0xd7, 0xff, 0x89, 0x00, 0xd7, 0xff, 0xff,
    0x00, 0xd7, 0xff, 0xff, 0x00, 0xd7, 0xff, 0xff, 0x00, 0xd7, 0xff, 0xff,
    0x00, 0xd7, 0xff, 0xff, 0x00, 0xd7, 0xff, 0xff, 0x00, 0xd7, 0xff, 0xff,
    0x00, 0xd7, 0xff, 0xff, 0x00, 0xd7, 0xff, 0xff, 0x00, 0xd7, 0xff, 0xff,
    0x00, 0xd7, 0xff, 0xff, 0x00, 0xd7, 0xff, 0xff, 0x00, 0xd7, 0xff, 0xff,
    0x00, 0xd7, 0xff, 0xff, 0x00, 0xd7, 0xff, 0xff, 0x00, 0xd7, 0xff, 0xff,
    0x00, 0xd7, 0xff, 0xff, 0x00, 0xd7, 0xff, 0x89, 0x00, 0xd7, 0xff, 0x45,
    0x00, 0xd7, 0xff, 0x17, 0x00, 0xd7, 0xff, 0x08, 0x00, 0xd7, 0xff, 0x02,
    0x00, 0x00, 0x00, 0x00, 0x00, 0x00, 0x00, 0x00, 0x00, 0x00, 0x00, 0x00,
    0x00, 0x00, 0x00, 0x00, 0x00, 0x00, 0x00, 0x00, 0x00, 0x00, 0x00, 0x00,
    0x00, 0x00, 0x00, 0x00, 0x00, 0x00, 0x00, 0x00, 0x00, 0x00, 0x00, 0x00,
    0x00, 0x00, 0x00, 0x00, 0x00, 0x00, 0x00, 0x00, 0x00, 0x00, 0x00, 0x00,
    0x00, 0x00, 0x00, 0x00, 0x00, 0xd7, 0xff, 0x02, 0x00, 0xd7, 0xff, 0x08,
    0x00, 0xd7, 0xff, 0x17, 0x00, 0xd7, 0xff, 0x45, 0x00, 0xd7, 0xff, 0x89,
    0x00, 0xd7, 0xff, 0xff, 0x00, 0xd7, 0xff, 0xff, 0x00, 0xd7, 0xff, 0xff,
    0x00, 0xd7, 0xff, 0xff, 0x00, 0xd7, 0xff, 0xff, 0x00, 0xd7, 0xff, 0xff,
    0x00, 0xd7, 0xff, 0xff, 0x00, 0xd7, 0xff, 0xff, 0x00, 0xd7, 0xff, 0xff,
    0x00, 0xd7, 0xff, 0xff, 0x00, 0xd7, 0xff, 0xff, 0x00, 0xd7, 0xff, 0xff,
    0x00, 0xd7, 0xff, 0xff, 0x00, 0xd7, 0xff, 0xff, 0x00, 0xd7, 0xff, 0xff,
    0x00, 0xd7, 0xff, 0xff, 0x00, 0xd7, 0xff, 0xff, 0x00, 0xd7, 0xff, 0x89,
    0x00, 0xd7, 0xff, 0x45, 0x00, 0xd7, 0xff, 0x17, 0x00, 0xd7, 0xff, 0x08,
    0x00, 0xd7, 0xff, 0x02, 0x00, 0x00, 0x00, 0x00, 0x00, 0x00, 0x00, 0x00,
    0x00, 0x00, 0x00, 0x00, 0x00, 0x00, 0x00, 0x00, 0x00, 0x00, 0x00, 0x00,
    0x00, 0x00, 0x00, 0x00, 0x00, 0x00, 0x00, 0x00, 0x00, 0x00, 0x00, 0x00,
    0x00, 0x00, 0x00, 0x00, 0x00, 0x00, 0x00, 0x00, 0x00, 0x00, 0x00, 0x00,
    0x00, 0x00, 0x00, 0x00, 0x00, 0x00, 0x00, 0x00, 0x00, 0xd7, 0xff, 0x02,
    0x00, 0xd7, 0xff, 0x08, 0x00, 0xd7, 0xff, 0x17, 0x00, 0xd7, 0xff, 0x45,
    0x00, 0xd7, 0xff, 0x89, 0x00, 0xd7, 0xff, 0xff, 0x00, 0xd7, 0xff, 0xff,
    0x00, 0xd7, 0xff, 0xff, 0x00, 0xd7, 0xff, 0xff, 0x00, 0xd7, 0xff, 0xff,
    0x00, 0xd7, 0xff, 0xff, 0x00, 0xd7, 0xff, 0xff, 0x00, 0xd7, 0xff, 0xff,
    0x00, 0xd7, 0xff, 0xff, 0x00, 0xd7, 0xff, 0xff, 0x00, 0xd7, 0xff, 0xff,
    0x00, 0xd7, 0xff, 0xff, 0x00, 0xd7, 0xff, 0xff, 0x00, 0xd7, 0xff, 0xff,
    0x00, 0xd7, 0xff, 0xff, 0x00, 0xd7, 0xff, 0xff, 0x00, 0xd7, 0xff, 0xff,
    0x00, 0xd7, 0xff, 0x89, 0x00, 0xd7, 0xff, 0x45, 0x00, 0xd7, 0xff, 0x17,
    0x00, 0xd7, 0xff, 0x08, 0x00, 0xd7, 0xff, 0x02, 0x00, 0x00, 0x00, 0x00,
    0x00, 0x00, 0x00, 0x00, 0x00, 0x00, 0x00, 0x00, 0x00, 0x00, 0x00, 0x00,
    0x00, 0x00, 0x00, 0x00, 0x00, 0x00, 0x00, 0x00, 0x00, 0x00, 0x00, 0x00,
    0x00, 0x00, 0x00, 0x00, 0x00, 0x00, 0x00, 0x00, 0x00, 0x00, 0x00, 0x00,
    0x00, 0x00, 0x00, 0x00, 0x00, 0x00, 0x00, 0x00, 0x00, 0x00, 0x00, 0x00,
    0x00, 0xd7, 0xff, 0x02, 0x00, 0xd7, 0xff, 0x08, 0x00, 0xd7, 0xff, 0x17,
    0x00, 0xd7, 0xff, 0x45, 0x00, 0xd7, 0xff, 0x89, 0x00, 0xd7, 0xff, 0xff,
    0x00, 0xd7, 0xff, 0xff, 0x00, 0xd7, 0xff, 0xff, 0x00, 0xd7, 0xff, 0xff,
    0x00, 0xd7, 0xff, 0xff, 0x00, 0xd7, 0xff, 0xff, 0x00, 0xd7, 0xff, 0xff,
    0x00, 0xd7, 0xff, 0xff, 0x00, 0xd7, 0xff, 0xff, 0x00, 0xd7, 0xff, 0xff,
    0x00, 0xd7, 0xff, 0xff, 0x00, 0xd7, 0xff, 0xff, 0x00, 0xd7, 0xff, 0xff,
    0x00, 0xd7, 0xff, 0xff, 0x00, 0xd7, 0xff, 0xff, 0x00, 0xd7, 0xff, 0xff,
    0x00, 0xd7, 0xff, 0xff, 0x00, 0xd7, 0xff, 0x89, 0x00, 0xd7, 0xff, 0x45,
    0x00, 0xd7, 0xff, 0x17, 0x00, 0xd7, 0xff, 0x08, 0x00, 0xd7, 0xff, 0x02,
    0x00, 0x00, 0x00, 0x00, 0x00, 0x00, 0x00, 0x00, 0x00, 0x00, 0x00, 0x00,
    0x00, 0x00, 0x00, 0x00, 0x00, 0x00, 0x00, 0x00, 0x00, 0x00, 0x00, 0x00,
    0x00, 0x00, 0x00, 0x00, 0x00, 0x00, 0x00, 0x00, 0x00, 0x00, 0x00, 0x00,
    0x00, 0x00, 0x00, 0x00, 0x00, 0x00, 0x00, 0x00, 0x00, 0x00, 0x00, 0x00,
    0x00, 0x00, 0x00, 0x00, 0x00, 0xd7, 0xff, 0x02, 0x00, 0xd7, 0xff, 0x08,
    0x00, 0xd7, 0xff, 0x17, 0x00, 0xd7, 0xff, 0x45, 0x00, 0xd7, 0xff, 0x89,
    0x00, 0xd7, 0xff, 0xff, 0x00, 0xd7, 0xff, 0xff, 0x00, 0xd7, 0xff, 0xff,
    0x00, 0xd7, 0xff, 0xff, 0x00, 0xd7, 0xff, 0xff, 0x00, 0xd7, 0xff, 0xff,
    0x00, 0xd7, 0xff, 0xff, 0x00, 0xd7, 0xff, 0xff, 0x00, 0xd7, 0xff, 0xff,
    0x00, 0xd7, 0xff, 0xff, 0x00, 0xd7, 0xff, 0xff, 0x00, 0xd7, 0xff, 0xff,
    0x00, 0xd7, 0xff, 0xff, 0x00, 0xd7, 0xff, 0xff, 0x00, 0xd7, 0xff, 0xff,
    0x00, 0xd7, 0xff, 0xff, 0x00, 0xd7, 0xff, 0xff, 0x00, 0xd7, 0xff, 0x89,
    0x00, 0xd7, 0xff, 0x45, 0x00, 0xd7, 0xff, 0x17, 0x00, 0xd7, 0xff, 0x08,
    0x00, 0xd7, 0xff, 0x02, 0x00, 0x00, 0x00, 0x00, 0x00, 0x00, 0x00, 0x00,
    0x00, 0x00, 0x00, 0x00, 0x00, 0x00, 0x00, 0x00, 0x00, 0x00, 0x00, 0x00,
    0x00, 0x00, 0x00, 0x00, 0x00, 0x00, 0x00, 0x00, 0x00, 0x00, 0x00, 0x00,
    0x00, 0x00, 0x00, 0x00, 0x00, 0x00, 0x00, 0x00, 0x00, 0x00, 0x00, 0x00,
    0x00, 0x00, 0x00, 0x00, 0x00, 0x00, 0x00, 0x00, 0x00, 0xd7, 0xff, 0x02,
    0x00, 0xd7, 0xff, 0x08, 0x00, 0xd7, 0xff, 0x17, 0x00, 0xd7, 0xff, 0x45,
    0x00, 0xd7, 0xff, 0x89, 0x00, 0xd7, 0xff, 0xff, 0x00, 0xd7, 0xff, 0xff,
    0x00, 0xd7, 0xff, 0xff, 0x00, 0xd7, 0xff, 0xff, 0x00, 0xd7, 0xff, 0xff,
    0x00, 0xd7, 0xff, 0xff, 0x00, 0xd7, 0xff, 0xff, 0x00, 0xd7, 0xff, 0xff,
    0x00, 0xd7, 0xff, 0xff, 0x00, 0xd7, 0xff, 0xff, 0x00, 0xd7, 0xff, 0xff,
    0x00, 0xd7, 0xff, 0xff, 0x00, 0xd7, 0xff, 0xff, 0x00, 0xd7, 0xff, 0xff,
    0x00, 0xd7, 0xff, 0xff, 0x00, 0xd7, 0xff, 0xff, 0x00, 0xd7, 0xff, 0xff,
    0x00, 0xd7, 0xff, 0x89, 0x00, 0xd7, 0xff, 0x45, 0x00, 0xd7, 0xff, 0x17,
    0x00, 0xd7, 0xff, 0x08, 0x00, 0xd7, 0xff, 0x02, 0x00, 0x00, 0x00, 0x00,
    0x00, 0x00, 0x00, 0x00, 0x00, 0x00, 0x00, 0x00, 0x00, 0x00, 0x00, 0x00,
    0x00, 0x00, 0x00, 0x00, 0x00, 0x00, 0x00, 0x00, 0x00, 0x00, 0x00, 0x00,
    0x00, 0x00, 0x00, 0x00, 0x00, 0x00, 0x00, 0x00, 0x00, 0x00, 0x00, 0x00,
    0x00, 0x00, 0x00, 0x00, 0x00, 0x00, 0x00, 0x00, 0x00, 0x00, 0x00, 0x00,
    0x00, 0xd7, 0xff, 0x02, 0x00, 0xd7, 0xff, 0x08, 0x00, 0xd7, 0xff, 0x16,
    0x00, 0xd7, 0xff, 0x44, 0x00, 0xd6, 0xfe, 0x88, 0x00, 0xd7, 0xff, 0xff,
    0x00, 0xd7, 0xff, 0xff, 0x00, 0xd7, 0xff, 0xff, 0x00, 0xd7, 0xff, 0xff,
    0x00, 0xd7, 0xff, 0xff, 0x00, 0xd7, 0xff, 0xff, 0x00, 0xd7, 0xff, 0xff,
    0x00, 0xd7, 0xff, 0xff, 0x00, 0xd7, 0xff, 0xff, 0x00, 0xd7, 0xff, 0xff,
    0x00, 0xd7, 0xff, 0xff, 0x00, 0xd7, 0xff, 0xff, 0x00, 0xd7, 0xff, 0xff,
    0x00, 0xd7, 0xff, 0xff, 0x00, 0xd7, 0xff, 0xff, 0x00, 0xd7, 0xff, 0xff,
    0x00, 0xd7, 0xff, 0xff, 0x00, 0xd6, 0xfe, 0x88, 0x00, 0xd7, 0xff, 0x44,
    0x00, 0xd7, 0xff, 0x16, 0x00, 0xd7, 0xff, 0x08, 0x00, 0xd7, 0xff, 0x02,
    0x00, 0x00, 0x00, 0x00, 0x00, 0x00, 0x00, 0x00, 0x00, 0x00, 0x00, 0x00,
    0x00, 0x00, 0x00, 0x00, 0x00, 0x00, 0x00, 0x00, 0x00, 0x00, 0x00, 0x00,
    0x00, 0x00, 0x00, 0x00, 0x00, 0x00, 0x00, 0x00, 0x00, 0x00, 0x00, 0x00,
    0x00, 0x00, 0x00, 0x00, 0x00, 0x00, 0x00, 0x00, 0x00, 0x00, 0x00, 0x00,
    0x00, 0x00, 0x00, 0x00, 0x00, 0xd7, 0xff, 0x01, 0x00, 0xd7, 0xff, 0x07,
    0x00, 0xd7, 0xff, 0x15, 0x00, 0xd8, 0xff, 0x42, 0x00, 0xd6, 0xfe, 0x86,
    0x00, 0xd7, 0xff, 0xff, 0x00, 0xd7, 0xff, 0xff, 0x00, 0xd7, 0xff, 0xff,
    0x00, 0xd7, 0xff, 0xff, 0x00, 0xd7, 0xff, 0xff, 0x00, 0xd7, 0xff, 0xff,
    0x00, 0xd7, 0xff, 0xff, 0x00, 0xd7, 0xff, 0xff, 0x00, 0xd7, 0xff, 0xff,
    0x00, 0xd7, 0xff, 0xff, 0x00, 0xd7, 0xff, 0xff, 0x00, 0xd7, 0xff, 0xff,
    0x00, 0xd7, 0xff, 0xff, 0x00, 0xd7, 0xff, 0xff, 0x00, 0xd7, 0xff, 0xff,
    0x00, 0xd7, 0xff, 0xff, 0x00, 0xd7, 0xff, 0xff, 0x00, 0xd6, 0xfe, 0x86,
    0x00, 0xd8, 0xff, 0x42, 0x00, 0xd7, 0xff, 0x15, 0x00, 0xd7, 0xff, 0x07,
    0x00, 0xd7, 0xff, 0x01, 0x00, 0x00, 0x00, 0x00, 0x00, 0x00, 0x00, 0x00,
    0x00, 0x00, 0x00, 0x00, 0x00, 0x00, 0x00, 0x00, 0x00, 0x00, 0x00, 0x00,
    0x00, 0x00, 0x00, 0x00, 0x00, 0x00, 0x00, 0x00, 0x00, 0x00, 0x00, 0x00,
    0x00, 0x00, 0x00, 0x00, 0x00, 0x00, 0x00, 0x00, 0x00, 0x00, 0x00, 0x00,
    0x00, 0x00, 0x00, 0x00, 0x00, 0x00, 0x00, 0x00, 0x00, 0xd7, 0xff, 0x01,
    0x00, 0xd7, 0xff, 0x06, 0x00, 0xd7, 0xff, 0x13, 0x00, 0xd8, 0xff, 0x3c,
    0x00, 0xd6, 0xfe, 0x7e, 0x00, 0xd7, 0xff, 0xff, 0x00, 0xd7, 0xff, 0xff,
    0x00, 0xd7, 0xff, 0xff, 0x00, 0xd7, 0xff, 0xff, 0x00, 0xd7, 0xff, 0xff,
    0x00, 0xd7, 0xff, 0xff, 0x00, 0xd7, 0xff, 0xff, 0x00, 0xd7, 0xff, 0xff,
    0x00, 0xd7, 0xff, 0xff, 0x00, 0xd7, 0xff, 0xff, 0x00, 0xd7, 0xff, 0xff,
    0x00, 0xd7, 0xff, 0xff, 0x00, 0xd7, 0xff, 0xff, 0x00, 0xd7, 0xff, 0xff,
    0x00, 0xd7, 0xff, 0xff, 0x00, 0xd7, 0xff, 0xff, 0x00, 0xd7, 0xff, 0xff,
    0x00, 0xd6, 0xfe, 0x7e, 0x00, 0xd8, 0xff, 0x3c, 0x00, 0xd7, 0xff, 0x13,
    0x00, 0xd7, 0xff, 0x06, 0x00, 0xd7, 0xff, 0x01, 0x00, 0x00, 0x00, 0x00,
    0x00, 0x00, 0x00, 0x00, 0x00, 0x00, 0x00, 0x00, 0x00, 0x00, 0x00, 0x00,
    0x00, 0x00, 0x00, 0x00, 0x00, 0x00, 0x00, 0x00, 0x00, 0x00, 0x00, 0x00,
    0x00, 0x00, 0x00, 0x00, 0x00, 0x00, 0x00, 0x00, 0x00, 0x00, 0x00, 0x00,
    0x00, 0x00, 0x00, 0x00, 0x00, 0x00, 0x00, 0x00, 0x00, 0x00, 0x00, 0x00,
    0x00, 0xd7, 0xff, 0x01, 0x00, 0xd7, 0xff, 0x05, 0x00, 0xd7, 0xff, 0x10,
    0x00, 0xd5, 0xfd, 0x33, 0x00, 0xd7, 0xff, 0x6e, 0x00, 0xd7, 0xff, 0xff,
    0x00, 0xd7, 0xff, 0xff, 0x00, 0xd7, 0xff, 0xff, 0x00, 0xd7, 0xff, 0xff,
    0x00, 0xd7, 0xff, 0xff, 0x00, 0xd7, 0xff, 0xff, 0x00, 0xd7, 0xff, 0xff,
    0x00, 0xd7, 0xff, 0xff, 0x00, 0xd7, 0xff, 0xff, 0x00, 0xd7, 0xff, 0xff,
    0x00, 0xd7, 0xff, 0xff, 0x00, 0xd7, 0xff, 0xff, 0x00, 0xd7, 0xff, 0xff,
    0x00, 0xd7, 0xff, 0xff, 0x00, 0xd7, 0xff, 0xff, 0x00, 0xd7, 0xff, 0xff,
    0x00, 0xd7, 0xff, 0xff, 0x00, 0xd7, 0xff, 0x6e, 0x00, 0xd5, 0xfd, 0x33,
    0x00, 0xd7, 0xff, 0x10, 0x00, 0xd7, 0xff, 0x05, 0x00, 0xd7, 0xff, 0x01,
    0x00, 0x00, 0x00, 0x00, 0x00, 0x00, 0x00, 0x00, 0x00, 0x00, 0x00, 0x00,
    0x00, 0x00, 0x00, 0x00, 0x00, 0x00, 0x00, 0x00, 0x00, 0x00, 0x00, 0x00,
    0x00, 0x00, 0x00, 0x00, 0x00, 0x00, 0x00, 0x00, 0x00, 0x00, 0x00, 0x00,
    0x00, 0x00, 0x00, 0x00, 0x00, 0x00, 0x00, 0x00, 0x00, 0x00, 0x00, 0x00,
    0x00, 0x00, 0x00, 0x00, 0x00, 0x00, 0x00, 0x00, 0x00, 0xd7, 0xff, 0x04,
    0x00, 0xd7, 0xff, 0x0c, 0x00, 0xd7, 0xff, 0x23, 0x00, 0xd6, 0xfe, 0x55,
    0x00, 0xd7, 0xff, 0x94, 0x00, 0xd7, 0xff, 0xff, 0x00, 0xd7, 0xff, 0xff,
    0x00, 0xd7, 0xff, 0xff, 0x00, 0xd7, 0xff, 0xff, 0x00, 0xd7, 0xff, 0xff,
    0x00, 0xd7, 0xff, 0xff, 0x00, 0xd7, 0xff, 0xff, 0x00, 0xd7, 0xff, 0xff,
    0x00, 0xd7, 0xff, 0xff, 0x00, 0xd7, 0xff, 0xff, 0x00, 0xd7, 0xff, 0xff,
    0x00, 0xd7, 0xff, 0xff, 0x00, 0xd7, 0xff, 0xff, 0x00, 0xd7, 0xff, 0xff,
    0x00, 0xd7, 0xff, 0xff, 0x00, 0xd7, 0xff, 0x94, 0x00, 0xd6, 0xfe, 0x55,
    0x00, 0xd7, 0xff, 0x23, 0x00, 0xd7, 0xff, 0x0c, 0x00, 0xd7, 0xff, 0x04,
    0x00, 0x00, 0x00, 0x00, 0x00, 0x00, 0x00, 0x00, 0x00, 0x00, 0x00, 0x00,
    0x00, 0x00, 0x00, 0x00, 0x00, 0x00, 0x00, 0x00, 0x00, 0x00, 0x00, 0x00,
    0x00, 0x00, 0x00, 0x00, 0x00, 0x00, 0x00, 0x00, 0x00, 0x00, 0x00, 0x00,
    0x00, 0x00, 0x00, 0x00, 0x00, 0x00, 0x00, 0x00, 0x00, 0x00, 0x00, 0x00,
    0x00, 0x00, 0x00, 0x00, 0x00, 0x00, 0x00, 0x00, 0x00, 0x00, 0x00, 0x00,
    0x00, 0xd7, 0xff, 0x02, 0x00, 0xd7, 0xff, 0x08, 0x00, 0xd5, 0xfd, 0x16,
    0x00, 0xd5, 0xfd, 0x3a, 0x00, 0xd6, 0xfe, 0x6d, 0x00, 0xd7, 0xff, 0xff,
    0x00, 0xd7, 0xff, 0xff, 0x00, 0xd7, 0xff, 0xff, 0x00, 0xd7, 0xff, 0xff,
    0x00, 0xd7, 0xff, 0xff, 0x00, 0xd7, 0xff, 0xff, 0x00, 0xd7, 0xff, 0xff,
    0x00, 0xd7, 0xff, 0xff, 0x00, 0xd7, 0xff, 0xff, 0x00, 0xd7, 0xff, 0xff,
    0x00, 0xd7, 0xff, 0xff, 0x00, 0xd7, 0xff, 0xff, 0x00, 0xd7, 0xff, 0xff,
    0x00, 0xd7, 0xff, 0xff, 0x00, 0xd7, 0xff, 0xff, 0x00, 0xd6, 0xfe, 0x6d,
    0x00, 0xd5, 0xfd, 0x3a, 0x00, 0xd5, 0xfd, 0x16, 0x00, 0xd7, 0xff, 0x08,
    0x00, 0xd7, 0xff, 0x02, 0x00, 0x00, 0x00, 0x00, 0x00, 0x00, 0x00, 0x00,
    0x00, 0x00, 0x00, 0x00, 0x00, 0x00, 0x00, 0x00, 0x00, 0x00, 0x00, 0x00,
    0x00, 0x00, 0x00, 0x00, 0x00, 0x00, 0x00, 0x00, 0x00, 0x00, 0x00, 0x00,
    0x00, 0x00, 0x00, 0x00, 0x00, 0x00, 0x00, 0x00, 0x00, 0x00, 0x00, 0x00,
    0x00, 0x00, 0x00, 0x00, 0x00, 0x00, 0x00, 0x00, 0x00, 0x00, 0x00, 0x00,
    0x00, 0x00, 0x00, 0x00, 0x00, 0xd7, 0xff, 0x01, 0x00, 0xd7, 0xff, 0x05,
    0x00, 0xd7, 0xff, 0x0c, 0x00, 0xd8, 0xff, 0x20, 0x00, 0xd5, 0xfd, 0x41,
    0x00, 0xd6, 0xfe, 0x6d, 0x00, 0xd7, 0xff, 0x94, 0x00, 0xd7, 0xff, 0xff,
    0x00, 0xd7, 0xff, 0xff, 0x00, 0xd7, 0xff, 0xff, 0x00, 0xd7, 0xff, 0xff,
    0x00, 0xd7, 0xff, 0xff, 0x00, 0xd7, 0xff, 0xff, 0x00, 0xd7, 0xff, 0xff,
    0x00, 0xd7, 0xff, 0xff, 0x00, 0xd7, 0xff, 0xff, 0x00, 0xd7, 0xff, 0xff,
    0x00, 0xd7, 0xff, 0xff, 0x00, 0xd7, 0xff, 0x94, 0x00, 0xd6, 0xfe, 0x6d,
    0x00, 0xd5, 0xfd, 0x41, 0x00, 0xd8, 0xff, 0x20, 0x00, 0xd7, 0xff, 0x0c,
    0x00, 0xd7, 0xff, 0x05, 0x00, 0xd7, 0xff, 0x01, 0x00, 0x00, 0x00, 0x00,
    0x00, 0x00, 0x00, 0x00, 0x00, 0x00, 0x00, 0x00, 0x00, 0x00, 0x00, 0x00,
    0x00, 0x00, 0x00, 0x00, 0x00, 0x00, 0x00, 0x00, 0x00, 0x00, 0x00, 0x00,
    0x00, 0x00, 0x00, 0x00, 0x00, 0x00, 0x00, 0x00, 0x00, 0x00, 0x00, 0x00,
    0x00, 0x00, 0x00, 0x00, 0x00, 0x00, 0x00, 0x00, 0x00, 0x00, 0x00, 0x00,
    0x00, 0x00, 0x00, 0x00, 0x00, 0x00, 0x00, 0x00, 0x00, 0x00, 0x00, 0x00,
    0x00, 0xd7, 0xff, 0x02, 0x00, 0xd7, 0xff, 0x06, 0x00, 0xd5, 0xfd, 0x10,
    0x00, 0xd8, 0xff, 0x20, 0x00, 0xd5, 0xfd, 0x3a, 0x00, 0xd6, 0xfe, 0x55,
    0x00, 0xd7, 0xff, 0x6e, 0x00, 0xd6, 0xfe, 0x7e, 0x00, 0xd6, 0xfe, 0x86,
    0x00, 0xd6, 0xfe, 0x88, 0x00, 0xd7, 0xff, 0x89, 0x00, 0xd7, 0xff, 0x89,
    0x00, 0xd7, 0xff, 0x89, 0x00, 0xd6, 0xfe, 0x88, 0x00, 0xd6, 0xfe, 0x86,
    0x00, 0xd6, 0xfe, 0x7e, 0x00, 0xd7, 0xff, 0x6e, 0x00, 0xd6, 0xfe, 0x55,
    0x00, 0xd5, 0xfd, 0x3a, 0x00, 0xd8, 0xff, 0x20, 0x00, 0xd5, 0xfd, 0x10,
    0x00, 0xd7, 0xff, 0x06, 0x00, 0xd7, 0xff, 0x02, 0x00, 0x00, 0x00, 0x00,
    0x00, 0x00, 0x00, 0x00, 0x00, 0x00, 0x00, 0x00, 0x00, 0x00, 0x00, 0x00,
    0x00, 0x00, 0x00, 0x00, 0x00, 0x00, 0x00, 0x00, 0x00, 0x00, 0x00, 0x00,
    0x00, 0x00, 0x00, 0x00, 0x00, 0x00, 0x00, 0x00, 0x00, 0x00, 0x00, 0x00,
    0x00, 0x00, 0x00, 0x00, 0x00, 0x00, 0x00, 0x00, 0x00, 0x00, 0x00, 0x00,
    0x00, 0x00, 0x00, 0x00, 0x00, 0x00, 0x00, 0x00, 0x00, 0x00, 0x00, 0x00,
    0x00, 0x00, 0x00, 0x00, 0x00, 0xd7, 0xff, 0x01, 0x00, 0xd7, 0xff, 0x02,
    0x00, 0xd7, 0xff, 0x06, 0x00, 0xd7, 0xff, 0x0c, 0x00, 0xd5, 0xfd, 0x16,
    0x00, 0xd7, 0xff, 0x23, 0x00, 0xd5, 0xfd, 0x33, 0x00, 0xd8, 0xff, 0x3c,
    0x00, 0xd8, 0xff, 0x42, 0x00, 0xd7, 0xff, 0x44, 0x00, 0xd7, 0xff, 0x45,
    0x00, 0xd7, 0xff, 0x45, 0x00, 0xd7, 0xff, 0x45, 0x00, 0xd7, 0xff, 0x44,
    0x00, 0xd8, 0xff, 0x42, 0x00, 0xd8, 0xff, 0x3c, 0x00, 0xd5, 0xfd, 0x33,
    0x00, 0xd7, 0xff, 0x23, 0x00, 0xd5, 0xfd, 0x16, 0x00, 0xd7, 0xff, 0x0c,
    0x00, 0xd7, 0xff, 0x06, 0x00, 0xd7, 0xff, 0x02, 0x00, 0xd7, 0xff, 0x01,
    0x00, 0x00, 0x00, 0x00, 0x00, 0x00, 0x00, 0x00, 0x00, 0x00, 0x00, 0x00,
    0x00, 0x00, 0x00, 0x00, 0x00, 0x00, 0x00, 0x00, 0x00, 0x00, 0x00, 0x00,
    0x00, 0x00, 0x00, 0x00, 0x00, 0x00, 0x00, 0x00, 0x00, 0x00, 0x00, 0x00,
    0x00, 0x00, 0x00, 0x00, 0x00, 0x00, 0x00, 0x00, 0x00, 0x00, 0x00, 0x00,
    0x00, 0x00, 0x00, 0x00, 0x00, 0x00, 0x00, 0x00, 0x00, 0x00, 0x00, 0x00,
    0x00, 0x00, 0x00, 0x00, 0x00, 0x00, 0x00, 0x00, 0x00, 0x00, 0x00, 0x00,
    0x00, 0xd7, 0xff, 0x01, 0x00, 0xd7, 0xff, 0x02, 0x00, 0xd7, 0xff, 0x05,
    0x00, 0xd7, 0xff, 0x08, 0x00, 0xd7, 0xff, 0x0c, 0x00, 0xd7, 0xff, 0x10,
    0x00, 0xd7, 0xff, 0x13, 0x00, 0xd7, 0xff, 0x15, 0x00, 0xd7, 0xff, 0x16,
    0x00, 0xd7, 0xff, 0x17, 0x00, 0xd7, 0xff, 0x17, 0x00, 0xd7, 0xff, 0x17,
    0x00, 0xd7, 0xff, 0x16, 0x00, 0xd7, 0xff, 0x15, 0x00, 0xd7, 0xff, 0x13,
    0x00, 0xd7, 0xff, 0x10, 0x00, 0xd7, 0xff, 0x0c, 0x00, 0xd7, 0xff, 0x08,
    0x00, 0xd7, 0xff, 0x05, 0x00, 0xd7, 0xff, 0x02, 0x00, 0xd7, 0xff, 0x01,
    0x00, 0x00, 0x00, 0x00, 0x00, 0x00, 0x00, 0x00, 0x00, 0x00, 0x00, 0x00,
    0x00, 0x00, 0x00, 0x00, 0x00, 0x00, 0x00, 0x00, 0x00, 0x00, 0x00, 0x00,
    0x00, 0x00, 0x00, 0x00, 0x00, 0x00, 0x00, 0x00, 0x00, 0x00, 0x00, 0x00,
    0x00, 0x00, 0x00, 0x00, 0x00, 0x00, 0x00, 0x00, 0x00, 0x00, 0x00, 0x00,
    0x00, 0x00, 0x00, 0x00, 0x00, 0x00, 0x00, 0x00, 0x00, 0x00, 0x00, 0x00,
    0x00, 0x00, 0x00, 0x00, 0x00, 0x00, 0x00, 0x00, 0x00, 0x00, 0x00, 0x00,
    0x00, 0x00, 0x00, 0x00, 0x00, 0x00, 0x00, 0x00, 0x00, 0x00, 0x00, 0x00,
    0x00, 0xd7, 0xff, 0x01, 0x00, 0xd7, 0xff, 0x02, 0x00, 0xd7, 0xff, 0x04,
    0x00, 0xd7, 0xff, 0x05, 0x00, 0xd7, 0xff, 0x06, 0x00, 0xd7, 0xff, 0x07,
    0x00, 0xd7, 0xff, 0x08, 0x00, 0xd7, 0xff, 0x08, 0x00, 0xd7, 0xff, 0x08,
    0x00, 0xd7, 0xff, 0x08, 0x00, 0xd7, 0xff, 0x08, 0x00, 0xd7, 0xff, 0x07,
    0x00, 0xd7, 0xff, 0x06, 0x00, 0xd7, 0xff, 0x05, 0x00, 0xd7, 0xff, 0x04,
    0x00, 0xd7, 0xff, 0x02, 0x00, 0xd7, 0xff, 0x01, 0x00, 0x00, 0x00, 0x00,
    0x00, 0x00, 0x00, 0x00, 0x00, 0x00, 0x00, 0x00, 0x00, 0x00, 0x00, 0x00,
    0x00, 0x00, 0x00, 0x00, 0x00, 0x00, 0x00, 0x00, 0x00, 0x00, 0x00, 0x00,
    0x00, 0x00, 0x00, 0x00, 0x00, 0x00, 0x00, 0x00, 0x00, 0x00, 0x00, 0x00,
    0x00, 0x00, 0x00, 0x00, 0x00, 0x00, 0x00, 0x00, 0x00, 0x00, 0x00, 0x00,
    0x00, 0x00, 0x00, 0x00, 0x00, 0x00, 0x00, 0x00, 0x00, 0x00, 0x00, 0x00,
    0x00, 0x00, 0x00, 0x00, 0x00, 0x00, 0x00, 0x00, 0x00, 0x00, 0x00, 0x00,
    0x00, 0x00, 0x00, 0x00, 0x00, 0x00, 0x00, 0x00, 0x00, 0x00, 0x00, 0x00,
    0x00, 0x00, 0x00, 0x00, 0x00, 0x00, 0x00, 0x00, 0x00, 0x00, 0x00, 0x00,
    0x00, 0x00, 0x00, 0x00, 0x00, 0xd7, 0xff, 0x01, 0x00, 0xd7, 0xff, 0x01,
    0x00, 0xd7, 0xff, 0x01, 0x00, 0xd7, 0xff, 0x02, 0x00, 0xd7, 0xff, 0x02,
    0x00, 0xd7, 0xff, 0x02, 0x00, 0xd7, 0xff, 0x02, 0x00, 0xd7, 0xff, 0x02,
    0x00, 0xd7, 0xff, 0x01, 0x00, 0xd7, 0xff, 0x01, 0x00, 0xd7, 0xff, 0x01,
    0x00, 0x00, 0x00, 0x00, 0x00, 0x00, 0x00, 0x00, 0x00, 0x00, 0x00, 0x00,
    0x00, 0x00, 0x00, 0x00, 0x00, 0x00, 0x00, 0x00, 0x00, 0x00, 0x00, 0x00,
    0x00, 0x00, 0x00, 0x00, 0x00, 0x00, 0x00, 0x00, 0x00, 0x00, 0x00, 0x00,
    0x00, 0x00, 0x00, 0x00, 0x00, 0x00, 0x00, 0x00, 0x00, 0x00, 0x00, 0x00,
    0x00, 0x00, 0x00, 0x00, 0x00, 0x00, 0x00, 0x00, 0x00, 0x00, 0x00, 0x00,
    0x00, 0x00, 0x00, 0x00, 0x00, 0x00, 0x00, 0x00, 0x00, 0x00, 0x00, 0x00,
    0x00, 0x00, 0x00, 0x00, 0x00, 0x00, 0x00, 0x00, 0x00, 0x00, 0x00, 0x00,
    0x00, 0x00, 0x00, 0x00, 0x00, 0x00, 0x00, 0x00, 0x00, 0x00, 0x00, 0x00,
    0x00, 0x00, 0x00, 0x00, 0x00, 0x00, 0x00, 0x00, 0x00, 0x00, 0x00, 0x00,
    0x00, 0x00, 0x00, 0x00, 0x00, 0x00, 0x00, 0x00, 0x00, 0x00, 0x00, 0x00,
    0x00, 0x00, 0x00, 0x00, 0x00, 0x00, 0x00, 0x00, 0x00, 0x00, 0x00, 0x00,
    0x00, 0x00, 0x00, 0x00, 0x00, 0x00, 0x00, 0x00, 0x00, 0x00, 0x00, 0x00,
    0x00, 0x00, 0x00, 0x00, 0x00, 0x00, 0x00, 0x00, 0x00, 0x00, 0x00, 0x00,
    0x00, 0x00, 0x00, 0x00, 0x00, 0x00, 0x00, 0x00, 0x00, 0x00, 0x00, 0x00,
    0x00, 0x00, 0x00, 0x00, 0x00, 0x00, 0x00, 0x00, 0x00, 0x00, 0x00, 0x00,
    0x00, 0x00, 0x00, 0x00, 0x00, 0x00, 0x00, 0x00, 0x00, 0x00, 0x00, 0x00,
    0x00, 0x00, 0x00, 0x00, 0x00, 0x00, 0x00, 0x00, 0x00, 0x00, 0x00, 0x00,
    0x00, 0x00, 0x00, 0x00, 0x00, 0x00, 0x00, 0x00, 0x00, 0x00, 0x00, 0x00,
    0x00, 0x00, 0x00, 0x00, 0x00, 0x00, 0x00, 0x00, 0x00, 0x00, 0x00, 0x00,
    0x00, 0x00, 0x00, 0x00, 0x00, 0x00, 0x00, 0x00, 0x00, 0x00, 0x00, 0x00,
    0x00, 0x00, 0x00, 0x00, 0x00, 0x00, 0x00, 0x00, 0x00, 0x00, 0x00, 0x00,
    0x00, 0x00, 0x00, 0x00, 0x00, 0x00, 0x00, 0x00, 0x00, 0x00, 0x00, 0x00,
    0x00, 0x00, 0x00, 0x00, 0x00, 0x00, 0x00, 0x00, 0x00, 0x00, 0x00, 0x00,
    0x00, 0x00, 0x00, 0x00, 0x00, 0x00, 0x00, 0x00, 0x00, 0x00, 0x00, 0x00,
    0x00, 0x00, 0x00, 0x00, 0x00, 0x00, 0x00, 0x00, 0x00, 0x00, 0x00, 0x00,
    0x00, 0x00, 0x00, 0x00, 0x00, 0x00, 0x00, 0x00, 0x00, 0x00, 0x00, 0x00,
    0x00, 0x00, 0x00, 0x00, 0x00, 0x00, 0x00, 0x00, 0x00, 0x00, 0x00, 0x00,
    0x00, 0x00, 0x00, 0x00, 0x00, 0x00, 0x00, 0x00, 0x00, 0x00, 0x00, 0x00,
    0x00, 0x00, 0x00, 0x00, 0x00, 0x00, 0x00, 0x00, 0x00, 0x00, 0x00, 0x00,
    0x00, 0x00, 0x00, 0x00, 0x00, 0x00, 0x00, 0x00, 0x00, 0x00, 0x00, 0x00,
    0x00, 0x00, 0x00, 0x00, 0x00, 0x00, 0x00, 0x00, 0x00, 0x00, 0x00, 0x00,
    0x00, 0x00, 0x00, 0x00,
};
const lv_image_dsc_t launcher_icon_cardr = {
    .header.magic = LV_IMAGE_HEADER_MAGIC,
    .header.cf = LV_COLOR_FORMAT_ARGB8888,
    .header.flags = 0,
    .header.w = 40,
    .header.h = 40,
    .header.stride = 160,
    .data_size = 6400,
    .data = icon_cardr_data,
};

static const uint8_t icon_dap_data[6400] = {
    0x00, 0x00, 0x00, 0x00, 0x00, 0x00, 0x00, 0x00, 0x00, 0x00, 0x00, 0x00,
    0x00, 0x00, 0x00, 0x00, 0x00, 0x00, 0x00, 0x00, 0x00, 0x00, 0x00, 0x00,
    0x00, 0x00, 0x00, 0x00, 0x00, 0x00, 0x00, 0x00, 0x00, 0x00, 0x00, 0x00,
    0x00, 0x00, 0x00, 0x00, 0x00, 0x00, 0x00, 0x00, 0x00, 0x00, 0x00, 0x00,
    0x00, 0x00, 0x00, 0x00, 0x00, 0x00, 0x00, 0x00, 0x00, 0x00, 0x00, 0x00,
    0x00, 0x00, 0x00, 0x00, 0x00, 0x00, 0x00, 0x00, 0x00, 0x00, 0x00, 0x00,
    0x00, 0x00, 0x00, 0x00, 0x00, 0x00, 0x00, 0x00, 0x00, 0x00, 0x00, 0x00,
    0x00, 0x00, 0x00, 0x00, 0x00, 0x00, 0x00, 0x00, 0x00, 0x00, 0x00, 0x00,
    0x00, 0x00, 0x00, 0x00, 0x00, 0x00, 0x00, 0x00, 0x00, 0x00, 0x00, 0x00,
    0x00, 0x00, 0x00, 0x00, 0x00, 0x00, 0x00, 0x00, 0x00, 0x00, 0x00, 0x00,
    0x00, 0x00, 0x00, 0x00, 0x00, 0x00, 0x00, 0x00, 0x00, 0x00, 0x00, 0x00,
    0x00, 0x00, 0x00, 0x00, 0x00, 0x00, 0x00, 0x00, 0x00, 0x00, 0x00, 0x00,
    0x00, 0x00, 0x00, 0x00, 0x00, 0x00, 0x00, 0x00, 0x00, 0x00, 0x00, 0x00,
    0x00, 0x00, 0x00, 0x00, 0x00, 0x00, 0x00, 0x00, 0x00, 0x00, 0x00, 0x00,
    0x00, 0x00, 0x00, 0x00, 0x00, 0x00, 0x00, 0x00, 0x00, 0x00, 0x00, 0x00,
    0x00, 0x00, 0x00, 0x00, 0x00, 0x00, 0x00, 0x00, 0x00, 0x00, 0x00, 0x00,
    0x00, 0x00, 0x00, 0x00, 0x00, 0x00, 0x00, 0x00, 0x00, 0x00, 0x00, 0x00,
    0x00, 0x00, 0x00, 0x00, 0x00, 0x00, 0x00, 0x00, 0x00, 0x00, 0x00, 0x00,
    0x00, 0x00, 0x00, 0x00, 0x00, 0x00, 0x00, 0x00, 0x00, 0x00, 0x00, 0x00,
    0x00, 0x00, 0x00, 0x00, 0x00, 0x00, 0x00, 0x00, 0x00, 0x00, 0x00, 0x00,
    0x00, 0x00, 0x00, 0x00, 0x00, 0x00, 0x00, 0x00, 0x00, 0x00, 0x00, 0x00,
    0x00, 0x00, 0x00, 0x00, 0x00, 0x00, 0x00, 0x00, 0x00, 0x00, 0x00, 0x00,
    0x00, 0x00, 0x00, 0x00, 0x00, 0x00, 0x00, 0x00, 0x00, 0x00, 0x00, 0x00,
    0x00, 0x00, 0x00, 0x00, 0x00, 0x00, 0x00, 0x00, 0x00, 0x00, 0x00, 0x00,
    0x00, 0x00, 0x00, 0x00, 0x00, 0x00, 0x00, 0x00, 0x00, 0x00, 0x00, 0x00,
    0x00, 0x00, 0x00, 0x00, 0x00, 0x00, 0x00, 0x00, 0x00, 0x00, 0x00, 0x00,
    0x00, 0x00, 0x00, 0x00, 0x00, 0x00, 0x00, 0x00, 0x00, 0x00, 0x00, 0x00,
    0x00, 0x00, 0x00, 0x00, 0x00, 0x00, 0x00, 0x00, 0x00, 0x00, 0x00, 0x00,
    0x00, 0x00, 0x00, 0x00, 0x00, 0x00, 0x00, 0x00, 0x00, 0x00, 0x00, 0x00,
    0x00, 0x00, 0x00, 0x00, 0x00, 0x00, 0x00, 0x00, 0x00, 0x00, 0x00, 0x00,
    0x00, 0x00, 0x00, 0x00, 0x00, 0x00, 0x00, 0x00, 0x00, 0x00, 0x00, 0x00,
    0x00, 0x00, 0x00, 0x00, 0x00, 0x00, 0x00, 0x00, 0x00, 0x00, 0x00, 0x00,
    0x00, 0x00, 0x00, 0x00, 0x00, 0x00, 0x00, 0x00, 0x00, 0x00, 0x00, 0x00,
    0x00, 0x00, 0x00, 0x00, 0x00, 0x00, 0x00, 0x00, 0x00, 0x00, 0x00, 0x00,
    0x00, 0x00, 0x00, 0x00, 0x00, 0x00, 0x00, 0x00, 0x00, 0x00, 0x00, 0x00,
    0x00, 0x00, 0x00, 0x00, 0x00, 0x00, 0x00, 0x00, 0x00, 0x00, 0x00, 0x00,
    0x00, 0x00, 0x00, 0x00, 0x00, 0x00, 0x00, 0x00, 0x00, 0x00, 0x00, 0x00,
    0x00, 0x00, 0x00, 0x00, 0x00, 0x00, 0x00, 0x00, 0x00, 0x00, 0x00, 0x00,
    0x00, 0x00, 0x00, 0x00, 0x00, 0x00, 0x00, 0x00, 0x00, 0x00, 0x00, 0x00,
    0x00, 0x00, 0x00, 0x00, 0x00, 0x00, 0x00, 0x00, 0x00, 0x00, 0x00, 0x00,
    0x00, 0x00, 0x00, 0x00, 0x00, 0x00, 0x00, 0x00, 0x00, 0x00, 0x00, 0x00,
    0x00, 0x00, 0x00, 0x00, 0x00, 0x00, 0x00, 0x00, 0x00, 0x00, 0x00, 0x00,
    0x00, 0x00, 0x00, 0x00, 0x00, 0x00, 0x00, 0x00, 0x00, 0x00, 0x00, 0x00,
    0x00, 0x00, 0x00, 0x00, 0x00, 0x00, 0x00, 0x00, 0x00, 0x00, 0x00, 0x00,
    0x00, 0x00, 0x00, 0x00, 0x00, 0x00, 0x00, 0x00, 0x00, 0x00, 0x00, 0x00,
    0x00, 0x00, 0x00, 0x00, 0x00, 0x00, 0x00, 0x00, 0x00, 0x00, 0x00, 0x00,
    0x00, 0x00, 0x00, 0x00, 0x00, 0x00, 0x00, 0x00, 0x00, 0x00, 0x00, 0x00,
    0x00, 0x00, 0x00, 0x00, 0x00, 0x00, 0x00, 0x00, 0x00, 0x00, 0x00, 0x00,
    0x00, 0x00, 0x00, 0x00, 0x00, 0x00, 0x00, 0x00, 0x00, 0x00, 0x00, 0x00,
    0x00, 0x00, 0x00, 0x00, 0x00, 0x00, 0x00, 0x00, 0x00, 0x00, 0x00, 0x00,
    0x00, 0x00, 0x00, 0x00, 0x00, 0x00, 0x00, 0x00, 0x00, 0x00, 0x00, 0x00,
    0x00, 0x00, 0x00, 0x00, 0x00, 0x00, 0x00, 0x00, 0x00, 0x00, 0x00, 0x00,
    0x00, 0x00, 0x00, 0x00, 0x00, 0x00, 0x00, 0x00, 0x00, 0x00, 0x00, 0x00,
    0x00, 0x00, 0x00, 0x00, 0x00, 0x00, 0x00, 0x00, 0x00, 0x00, 0x00, 0x00,
    0x00, 0x00, 0x00, 0x00, 0x00, 0x00, 0x00, 0x00, 0x00, 0x00, 0x00, 0x00,
    0x00, 0x00, 0x00, 0x00, 0x00, 0x00, 0x00, 0x00, 0x00, 0x00, 0x00, 0x00,
    0x00, 0x00, 0x00, 0x00, 0x00, 0x00, 0x00, 0x00, 0x00, 0x00, 0x00, 0x00,
    0x00, 0x00, 0x00, 0x00, 0x00, 0x00, 0x00, 0x00, 0x00, 0x00, 0x00, 0x00,
    0x00, 0x00, 0x00, 0x00, 0x00, 0x00, 0x00, 0x00, 0x00, 0x00, 0x00, 0x00,
    0x00, 0x00, 0x00, 0x00, 0x00, 0x00, 0x00, 0x00, 0x00, 0x00, 0x00, 0x00,
    0x00, 0x00, 0x00, 0x00, 0x00, 0x00, 0x00, 0x00, 0x00, 0x00, 0x00, 0x00,
    0x00, 0x00, 0x00, 0x00, 0x00, 0x00, 0x00, 0x00, 0x00, 0x00, 0x00, 0x00,
    0x00, 0x00, 0x00, 0x00, 0x00, 0x00, 0x00, 0x00, 0x00, 0x00, 0x00, 0x00,
    0x00, 0x00, 0x00, 0x00, 0x00, 0x00, 0x00, 0x00, 0x00, 0x00, 0x00, 0x00,
    0x00, 0x00, 0x00, 0x00, 0x00, 0x00, 0x00, 0x00, 0x00, 0x00, 0x00, 0x00,
    0x00, 0x00, 0x00, 0x00, 0x00, 0x00, 0x00, 0x00, 0x00, 0x00, 0x00, 0x00,
    0x00, 0x00, 0x00, 0x00, 0x00, 0x00, 0x00, 0x00, 0x00, 0x00, 0x00, 0x00,
    0x00, 0x00, 0x00, 0x00, 0x00, 0x00, 0x00, 0x00, 0x00, 0x00, 0x00, 0x00,
    0x00, 0x00, 0x00, 0x00, 0x00, 0x00, 0x00, 0x00, 0x00, 0x00, 0x00, 0x00,
    0x00, 0x00, 0x00, 0x00, 0x00, 0x00, 0x00, 0x00, 0x00, 0x00, 0x00, 0x00,
    0x00, 0x00, 0x00, 0x00, 0x00, 0x00, 0x00, 0x00, 0x00, 0x00, 0x00, 0x00,
    0x5c, 0x2a, 0xff, 0x01, 0x5c, 0x2a, 0xff, 0x01, 0x5c, 0x2a, 0xff, 0x01,
    0x00, 0x00, 0x00, 0x00, 0x00, 0x00, 0x00, 0x00, 0x00, 0x00, 0x00, 0x00,
    0x5c, 0x2a, 0xff, 0x01, 0x5c, 0x2a, 0xff, 0x01, 0x5c, 0x2a, 0xff, 0x01,
    0x00, 0x00, 0x00, 0x00, 0x00, 0x00, 0x00, 0x00, 0x00, 0x00, 0x00, 0x00,
    0x5c, 0x2a, 0xff, 0x01, 0x5c, 0x2a, 0xff, 0x01, 0x5c, 0x2a, 0xff, 0x01,
    0x00, 0x00, 0x00, 0x00, 0x00, 0x00, 0x00, 0x00, 0x00, 0x00, 0x00, 0x00,
    0x00, 0x00, 0x00, 0x00, 0x00, 0x00, 0x00, 0x00, 0x00, 0x00, 0x00, 0x00,
    0x00, 0x00, 0x00, 0x00, 0x00, 0x00, 0x00, 0x00, 0x00, 0x00, 0x00, 0x00,
    0x00, 0x00, 0x00, 0x00, 0x00, 0x00, 0x00, 0x00, 0x00, 0x00, 0x00, 0x00,
    0x00, 0x00, 0x00, 0x00, 0x00, 0x00, 0x00, 0x00, 0x00, 0x00, 0x00, 0x00,
    0x00, 0x00, 0x00, 0x00, 0x00, 0x00, 0x00, 0x00, 0x00, 0x00, 0x00, 0x00,
    0x00, 0x00, 0x00, 0x00, 0x00, 0x00, 0x00, 0x00, 0x00, 0x00, 0x00, 0x00,
    0x00, 0x00, 0x00, 0x00, 0x00, 0x00, 0x00, 0x00, 0x5c, 0x2a, 0xff, 0x01,
    0x5c, 0x2a, 0xff, 0x03, 0x5c, 0x2a, 0xff, 0x04, 0x5c, 0x2a, 0xff, 0x04,
    0x5c, 0x2a, 0xff, 0x04, 0x5c, 0x2a, 0xff, 0x03, 0x5c, 0x2a, 0xff, 0x03,
    0x5c, 0x2a, 0xff, 0x03, 0x5c, 0x2a, 0xff, 0x04, 0x5c, 0x2a, 0xff, 0x04,
    0x5c, 0x2a, 0xff, 0x04, 0x5c, 0x2a, 0xff, 0x03, 0x5c, 0x2a, 0xff, 0x03,
    0x5c, 0x2a, 0xff, 0x03, 0x5c, 0x2a, 0xff, 0x04, 0x5c, 0x2a, 0xff, 0x04,
    0x5c, 0x2a, 0xff, 0x04, 0x5c, 0x2a, 0xff, 0x03, 0x5c, 0x2a, 0xff, 0x01,
    0x00, 0x00, 0x00, 0x00, 0x00, 0x00, 0x00, 0x00, 0x00, 0x00, 0x00, 0x00,
    0x00, 0x00, 0x00, 0x00, 0x00, 0x00, 0x00, 0x00, 0x00, 0x00, 0x00, 0x00,
    0x00, 0x00, 0x00, 0x00, 0x00, 0x00, 0x00, 0x00, 0x00, 0x00, 0x00, 0x00,
    0x00, 0x00, 0x00, 0x00, 0x00, 0x00, 0x00, 0x00, 0x00, 0x00, 0x00, 0x00,
    0x00, 0x00, 0x00, 0x00, 0x00, 0x00, 0x00, 0x00, 0x00, 0x00, 0x00, 0x00,
    0x00, 0x00, 0x00, 0x00, 0x00, 0x00, 0x00, 0x00, 0x00, 0x00, 0x00, 0x00,
    0x00, 0x00, 0x00, 0x00, 0x00, 0x00, 0x00, 0x00, 0x5c, 0x2a, 0xff, 0x02,
    0x5c, 0x2a, 0xff, 0x05, 0x5c, 0x2a, 0xff, 0x08, 0x5c, 0x2a, 0xff, 0x0b,
    0x5c, 0x2a, 0xff, 0x0c, 0x5c, 0x2a, 0xff, 0x0c, 0x5c, 0x2a, 0xff, 0x0b,
    0x5c, 0x2a, 0xff, 0x0a, 0x5c, 0x2a, 0xff, 0x0b, 0x5c, 0x2a, 0xff, 0x0c,
    0x5c, 0x2a, 0xff, 0x0d, 0x5c, 0x2a, 0xff, 0x0c, 0x5c, 0x2a, 0xff, 0x0b,
    0x5c, 0x2a, 0xff, 0x0a, 0x5c, 0x2a, 0xff, 0x0b, 0x5c, 0x2a, 0xff, 0x0c,
    0x5c, 0x2a, 0xff, 0x0c, 0x5c, 0x2a, 0xff, 0x0b, 0x5c, 0x2a, 0xff, 0x08,
    0x5c, 0x2a, 0xff, 0x05, 0x5c, 0x2a, 0xff, 0x02, 0x00, 0x00, 0x00, 0x00,
    0x00, 0x00, 0x00, 0x00, 0x00, 0x00, 0x00, 0x00, 0x00, 0x00, 0x00, 0x00,
    0x00, 0x00, 0x00, 0x00, 0x00, 0x00, 0x00, 0x00, 0x00, 0x00, 0x00, 0x00,
    0x00, 0x00, 0x00, 0x00, 0x00, 0x00, 0x00, 0x00, 0x00, 0x00, 0x00, 0x00,
    0x00, 0x00, 0x00, 0x00, 0x00, 0x00, 0x00, 0x00, 0x00, 0x00, 0x00, 0x00,
    0x00, 0x00, 0x00, 0x00, 0x00, 0x00, 0x00, 0x00, 0x00, 0x00, 0x00, 0x00,
    0x00, 0x00, 0x00, 0x00, 0x00, 0x00, 0x00, 0x00, 0x5c, 0x2a, 0xff, 0x01,
    0x5c, 0x2a, 0xff, 0x05, 0x5b, 0x29, 0xfd, 0x0d, 0x5d, 0x2a, 0xff, 0x19,
    0x5c, 0x2a, 0xff, 0x27, 0x5b, 0x2a, 0xfe, 0x2c, 0x5c, 0x2a, 0xff, 0x2a,
    0x5c, 0x2a, 0xff, 0x1f, 0x5a, 0x29, 0xfa, 0x1c, 0x5c, 0x2a, 0xff, 0x1f,
    0x5c, 0x2a, 0xff, 0x2a, 0x5b, 0x29, 0xfe, 0x2d, 0x5c, 0x2a, 0xff, 0x2a,
    0x5c, 0x2a, 0xff, 0x1f, 0x5a, 0x29, 0xfa, 0x1c, 0x5c, 0x2a, 0xff, 0x1f,
    0x5c, 0x2a, 0xff, 0x29, 0x5b, 0x2a, 0xfe, 0x2c, 0x5c, 0x2a, 0xff, 0x27,
    0x5d, 0x2a, 0xff, 0x19, 0x5b, 0x29, 0xfd, 0x0c, 0x5c, 0x2a, 0xff, 0x05,
    0x5c, 0x2a, 0xff, 0x01, 0x00, 0x00, 0x00, 0x00, 0x00, 0x00, 0x00, 0x00,
    0x00, 0x00, 0x00, 0x00, 0x00, 0x00, 0x00, 0x00, 0x00, 0x00, 0x00, 0x00,
    0x00, 0x00, 0x00, 0x00, 0x00, 0x00, 0x00, 0x00, 0x00, 0x00, 0x00, 0x00,
    0x00, 0x00, 0x00, 0x00, 0x00, 0x00, 0x00, 0x00, 0x00, 0x00, 0x00, 0x00,
    0x00, 0x00, 0x00, 0x00, 0x00, 0x00, 0x00, 0x00, 0x00, 0x00, 0x00, 0x00,
    0x00, 0x00, 0x00, 0x00, 0x00, 0x00, 0x00, 0x00, 0x5c, 0x2a, 0xff, 0x01,
    0x5c, 0x2a, 0xff, 0x03, 0x5c, 0x2a, 0xff, 0x09, 0x5d, 0x2a, 0xff, 0x1a,
    0x5b, 0x29, 0xfe, 0x36, 0xc7, 0xb6, 0xff, 0xff, 0xc0, 0xad, 0xff, 0xff,
    0x5c, 0x2a, 0xff, 0x5a, 0x5b, 0x29, 0xfd, 0x42, 0x5c, 0x2a, 0xff, 0x39,
    0x5b, 0x29, 0xfd, 0x42, 0xc4, 0xb2, 0xff, 0xff, 0xbf, 0xab, 0xff, 0xff,
    0x5c, 0x2a, 0xff, 0x5b, 0x5b, 0x29, 0xfd, 0x42, 0x5c, 0x2a, 0xff, 0x39,
    0x5b, 0x29, 0xfd, 0x41, 0xc5, 0xb3, 0xff, 0xff, 0xc0, 0xae, 0xff, 0xff,
    0x5c, 0x2a, 0xff, 0x55, 0x5b, 0x29, 0xfe, 0x35, 0x5d, 0x2a, 0xff, 0x1a,
    0x5c, 0x2a, 0xff, 0x09, 0x5c, 0x2a, 0xff, 0x03, 0x5c, 0x2a, 0xff, 0x01,
    0x00, 0x00, 0x00, 0x00, 0x00, 0x00, 0x00, 0x00, 0x00, 0x00, 0x00, 0x00,
    0x00, 0x00, 0x00, 0x00, 0x00, 0x00, 0x00, 0x00, 0x00, 0x00, 0x00, 0x00,
    0x00, 0x00, 0x00, 0x00, 0x00, 0x00, 0x00, 0x00, 0x00, 0x00, 0x00, 0x00,
    0x00, 0x00, 0x00, 0x00, 0x00, 0x00, 0x00, 0x00, 0x00, 0x00, 0x00, 0x00,
    0x00, 0x00, 0x00, 0x00, 0x00, 0x00, 0x00, 0x00, 0x5c, 0x2a, 0xff, 0x01,
    0x5c, 0x2a, 0xff, 0x03, 0x5c, 0x2a, 0xff, 0x07, 0x5c, 0x2a, 0xff, 0x10,
    0x5b, 0x29, 0xfe, 0x2e, 0x5c, 0x2a, 0xff, 0x5b, 0x5c, 0x2a, 0xff, 0xff,
    0x5c, 0x2a, 0xff, 0xff, 0x5c, 0x2a, 0xff, 0xff, 0x5b, 0x29, 0xfe, 0x6d,
    0x5b, 0x29, 0xfe, 0x5e, 0x5c, 0x2a, 0xff, 0x6d, 0x5c, 0x2a, 0xff, 0xff,
    0x5c, 0x2a, 0xff, 0xff, 0x5c, 0x2a, 0xff, 0xff, 0x5b, 0x29, 0xfe, 0x6d,
    0x5b, 0x29, 0xfe, 0x5e, 0x5b, 0x29, 0xfe, 0x6c, 0x5c, 0x2a, 0xff, 0xff,
    0x5c, 0x2a, 0xff, 0xff, 0x5c, 0x2a, 0xff, 0xff, 0x5b, 0x29, 0xfd, 0x59,
    0x5c, 0x2a, 0xff, 0x2c, 0x5c, 0x2a, 0xff, 0x0f, 0x5c, 0x2a, 0xff, 0x06,
    0x5c, 0x2a, 0xff, 0x02, 0x5c, 0x2a, 0xff, 0x01, 0x00, 0x00, 0x00, 0x00,
    0x00, 0x00, 0x00, 0x00, 0x00, 0x00, 0x00, 0x00, 0x00, 0x00, 0x00, 0x00,
    0x00, 0x00, 0x00, 0x00, 0x00, 0x00, 0x00, 0x00, 0x00, 0x00, 0x00, 0x00,
    0x00, 0x00, 0x00, 0x00, 0x00, 0x00, 0x00, 0x00, 0x00, 0x00, 0x00, 0x00,
    0x00, 0x00, 0x00, 0x00, 0x5c, 0x2a, 0xff, 0x01, 0x5c, 0x2a, 0xff, 0x03,
    0x5c, 0x2a, 0xff, 0x05, 0x5c, 0x2a, 0xff, 0x08, 0x5c, 0x2a, 0xff, 0x0e,
    0x5c, 0x2a, 0xff, 0x1a, 0x5c, 0x2a, 0xff, 0x40, 0x5c, 0x2a, 0xff, 0x77,
    0x5c, 0x2a, 0xff, 0xff, 0x5c, 0x2a, 0xff, 0xff, 0x5c, 0x2a, 0xff, 0xff,
    0x5b, 0x29, 0xfe, 0x9a, 0x5c, 0x2a, 0xff, 0x8c, 0x5c, 0x2a, 0xff, 0x9a,
    0x5c, 0x2a, 0xff, 0xff, 0x5c, 0x2a, 0xff, 0xff, 0x5c, 0x2a, 0xff, 0xff,
    0x5c, 0x2a, 0xff, 0x9a, 0x5b, 0x29, 0xfe, 0x8c, 0x5c, 0x2a, 0xff, 0x98,
    0x5c, 0x2a, 0xff, 0xff, 0x5c, 0x2a, 0xff, 0xff, 0x5c, 0x2a, 0xff, 0xff,
    0x5c, 0x2a, 0xff, 0x6f, 0x5b, 0x29, 0xfe, 0x3a, 0x5c, 0x2a, 0xff, 0x18,
    0x5c, 0x2a, 0xff, 0x0d, 0x5c, 0x2a, 0xff, 0x08, 0x5c, 0x2a, 0xff, 0x05,
    0x5c, 0x2a, 0xff, 0x03, 0x5c, 0x2a, 0xff, 0x01, 0x00, 0x00, 0x00, 0x00,
    0x00, 0x00, 0x00, 0x00, 0x00, 0x00, 0x00, 0x00, 0x00, 0x00, 0x00, 0x00,
    0x00, 0x00, 0x00, 0x00, 0x00, 0x00, 0x00, 0x00, 0x00, 0x00, 0x00, 0x00,
    0x00, 0x00, 0x00, 0x00, 0x5c, 0x2a, 0xff, 0x02, 0x5c, 0x2a, 0xff, 0x05,
    0x5c, 0x2a, 0xff, 0x09, 0x5c, 0x2a, 0xff, 0x0e, 0x5c, 0x2a, 0xff, 0x14,
    0x5c, 0x2a, 0xff, 0x1c, 0x5b, 0x29, 0xfd, 0x2d, 0x5c, 0x2a, 0xff, 0x58,
    0x5c, 0x2a, 0xff, 0x92, 0x5c, 0x2a, 0xff, 0xff, 0x5c, 0x2a, 0xff, 0xff,
    0x5c, 0x2a, 0xff, 0xff, 0x5b, 0x29, 0xfe, 0xc3, 0x5b, 0x29, 0xfe, 0xba,
    0x5b, 0x29, 0xfe, 0xc4, 0x5c, 0x2a, 0xff, 0xff, 0x5c, 0x2a, 0xff, 0xff,
    0x5c, 0x2a, 0xff, 0xff, 0x5c, 0x2a, 0xff, 0xc3, 0x5c, 0x2a, 0xff, 0xb9,
    0x5b, 0x29, 0xfe, 0xc2, 0x5c, 0x2a, 0xff, 0xff, 0x5c, 0x2a, 0xff, 0xff,
    0x5c, 0x2a, 0xff, 0xff, 0x5c, 0x2a, 0xff, 0x86, 0x5c, 0x2a, 0xff, 0x50,
    0x5b, 0x29, 0xfd, 0x2a, 0x5c, 0x2a, 0xff, 0x1b, 0x5c, 0x2a, 0xff, 0x13,
    0x5c, 0x2a, 0xff, 0x0d, 0x5c, 0x2a, 0xff, 0x08, 0x5c, 0x2a, 0xff, 0x05,
    0x5c, 0x2a, 0xff, 0x02, 0x00, 0x00, 0x00, 0x00, 0x00, 0x00, 0x00, 0x00,
    0x00, 0x00, 0x00, 0x00, 0x00, 0x00, 0x00, 0x00, 0x00, 0x00, 0x00, 0x00,
    0x00, 0x00, 0x00, 0x00, 0x5c, 0x2a, 0xff, 0x01, 0x5c, 0x2a, 0xff, 0x05,
    0x5b, 0x29, 0xfd, 0x0d, 0x5d, 0x2a, 0xff, 0x1a, 0x5c, 0x2a, 0xff, 0x2c,
    0x5b, 0x29, 0xfd, 0x3a, 0x5c, 0x2a, 0xff, 0x47, 0x5b, 0x29, 0xfe, 0x5b,
    0x5c, 0x2a, 0xff, 0x80, 0x5b, 0x29, 0xfe, 0xb1, 0x5c, 0x2a, 0xff, 0xff,
    0x5c, 0x2a, 0xff, 0xff, 0x5c, 0x2a, 0xff, 0xff, 0x5c, 0x2a, 0xff, 0xff,
    0x5c, 0x2a, 0xff, 0xff, 0x5c, 0x2a, 0xff, 0xff, 0x5c, 0x2a, 0xff, 0xff,
    0x5c, 0x2a, 0xff, 0xff, 0x5c, 0x2a, 0xff, 0xff, 0x5c, 0x2a, 0xff, 0xff,
    0x5c, 0x2a, 0xff, 0xff, 0x5c, 0x2a, 0xff, 0xff, 0x5c, 0x2a, 0xff, 0xff,
    0x5c, 0x2a, 0xff, 0xff, 0x5b, 0x29, 0xfe, 0xcc, 0x5b, 0x29, 0xfe, 0xa3,
    0x5c, 0x2a, 0xff, 0x77, 0x5c, 0x2a, 0xff, 0x58, 0x5c, 0x2a, 0xff, 0x45,
    0x5b, 0x29, 0xfd, 0x39, 0x5c, 0x2a, 0xff, 0x2a, 0x5d, 0x2a, 0xff, 0x19,
    0x5b, 0x29, 0xfd, 0x0c, 0x5c, 0x2a, 0xff, 0x04, 0x5c, 0x2a, 0xff, 0x01,
    0x00, 0x00, 0x00, 0x00, 0x00, 0x00, 0x00, 0x00, 0x00, 0x00, 0x00, 0x00,
    0x00, 0x00, 0x00, 0x00, 0x00, 0x00, 0x00, 0x00, 0x5c, 0x2a, 0xff, 0x03,
    0x5c, 0x2a, 0xff, 0x08, 0x5d, 0x2a, 0xff, 0x19, 0x5b, 0x29, 0xfe, 0x36,
    0x5c, 0x2a, 0xff, 0x59, 0x5b, 0x29, 0xfe, 0x73, 0x5c, 0x2a, 0xff, 0x84,
    0x5c, 0x2a, 0xff, 0x96, 0x5b, 0x29, 0xfe, 0xb2, 0x5c, 0x2a, 0xff, 0xff,
    0x5c, 0x2a, 0xff, 0xff, 0x5c, 0x2a, 0xff, 0xff, 0x5c, 0x2a, 0xff, 0xff,
    0x5c, 0x2a, 0xff, 0xff, 0x5c, 0x2a, 0xff, 0xff, 0x5c, 0x2a, 0xff, 0xff,
    0x4d, 0xe9, 0xff, 0xff, 0x4d, 0xe9, 0xff, 0xff, 0x5c, 0x2a, 0xff, 0xff,
    0x5c, 0x2a, 0xff, 0xff, 0x5c, 0x2a, 0xff, 0xff, 0x5c, 0x2a, 0xff, 0xff,
    0x5c, 0x2a, 0xff, 0xff, 0x5c, 0x2a, 0xff, 0xff, 0x5c, 0x2a, 0xff, 0xff,
    0x5c, 0x2a, 0xff, 0xff, 0x5b, 0x29, 0xfe, 0xac, 0x5b, 0x29, 0xfe, 0x94,
    0x5c, 0x2a, 0xff, 0x82, 0x5b, 0x29, 0xfe, 0x70, 0x5c, 0x2a, 0xff, 0x57,
    0x5c, 0x2a, 0xff, 0x33, 0x5e, 0x2a, 0xff, 0x17, 0x5c, 0x2a, 0xff, 0x07,
    0x5c, 0x2a, 0xff, 0x02, 0x00, 0x00, 0x00, 0x00, 0x00, 0x00, 0x00, 0x00,
    0x00, 0x00, 0x00, 0x00, 0x00, 0x00, 0x00, 0x00, 0x5c, 0x2a, 0xff, 0x01,
    0x5c, 0x2a, 0xff, 0x04, 0x5c, 0x2a, 0xff, 0x0b, 0x5c, 0x2a, 0xff, 0x27,
    0xc8, 0xb7, 0xff, 0xff, 0x5c, 0x2a, 0xff, 0xff, 0x5c, 0x2a, 0xff, 0xff,
    0x5c, 0x2a, 0xff, 0xff, 0x5c, 0x2a, 0xff, 0xff, 0x5c, 0x2a, 0xff, 0xff,
    0x5c, 0x2a, 0xff, 0xff, 0x5c, 0x2a, 0xff, 0xff, 0x5c, 0x2a, 0xff, 0xff,
    0x5c, 0x2a, 0xff, 0xff, 0x5c, 0x2a, 0xff, 0xff, 0x5c, 0x2a, 0xff, 0xff,
    0x4d, 0xe9, 0xff, 0xff, 0x4d, 0xe9, 0xff, 0xff, 0x4d, 0xe9, 0xff, 0xff,
    0x5c, 0x2a, 0xff, 0xff, 0x5c, 0x2a, 0xff, 0xff, 0x5c, 0x2a, 0xff, 0xff,
    0x5c, 0x2a, 0xff, 0xff, 0x5c, 0x2a, 0xff, 0xff, 0x5c, 0x2a, 0xff, 0xff,
    0x5c, 0x2a, 0xff, 0xff, 0x5c, 0x2a, 0xff, 0xff, 0x5c, 0x2a, 0xff, 0xff,
    0x5c, 0x2a, 0xff, 0xff, 0x5c, 0x2a, 0xff, 0xff, 0x5c, 0x2a, 0xff, 0xff,
    0x5c, 0x2a, 0xff, 0xff, 0x5c, 0x2a, 0xff, 0x4c, 0x5b, 0x29, 0xfd, 0x22,
    0x5c, 0x2a, 0xff, 0x09, 0x5c, 0x2a, 0xff, 0x03, 0x00, 0x00, 0x00, 0x00,
    0x00, 0x00, 0x00, 0x00, 0x00, 0x00, 0x00, 0x00, 0x00, 0x00, 0x00, 0x00,
    0x5c, 0x2a, 0xff, 0x01, 0x5c, 0x2a, 0xff, 0x04, 0x5c, 0x2a, 0xff, 0x0c,
    0x5b, 0x2a, 0xfe, 0x2c, 0xc1, 0xae, 0xff, 0xff, 0x5c, 0x2a, 0xff, 0xff,
    0x5c, 0x2a, 0xff, 0xff, 0x5c, 0x2a, 0xff, 0xff, 0x5c, 0x2a, 0xff, 0xff,
    0x5c, 0x2a, 0xff, 0xff, 0x5c, 0x2a, 0xff, 0xff, 0x5c, 0x2a, 0xff, 0xff,
    0x5c, 0x2a, 0xff, 0xff, 0x5c, 0x2a, 0xff, 0xff, 0x5c, 0x2a, 0xff, 0xff,
    0x4d, 0xe9, 0xff, 0xff, 0x4d, 0xe9, 0xff, 0xff, 0x4d, 0xe9, 0xff, 0xff,
    0x4d, 0xe9, 0xff, 0xff, 0x5c, 0x2a, 0xff, 0xff, 0x5c, 0x2a, 0xff, 0xff,
    0x5c, 0x2a, 0xff, 0xff, 0x5c, 0x2a, 0xff, 0xff, 0x5c, 0x2a, 0xff, 0xff,
    0x5c, 0x2a, 0xff, 0xff, 0x5c, 0x2a, 0xff, 0xff, 0x5c, 0x2a, 0xff, 0xff,
    0x5c, 0x2a, 0xff, 0xff, 0x5c, 0x2a, 0xff, 0xff, 0x5c, 0x2a, 0xff, 0xff,
    0x5c, 0x2a, 0xff, 0xff, 0x5c, 0x2a, 0xff, 0xff, 0x5c, 0x2a, 0xff, 0x51,
    0x5b, 0x29, 0xfd, 0x23, 0x5c, 0x2a, 0xff, 0x0a, 0x5c, 0x2a, 0xff, 0x03,
    0x00, 0x00, 0x00, 0x00, 0x00, 0x00, 0x00, 0x00, 0x00, 0x00, 0x00, 0x00,
    0x00, 0x00, 0x00, 0x00, 0x5c, 0x2a, 0xff, 0x01, 0x5c, 0x2a, 0xff, 0x04,
    0x5c, 0x2a, 0xff, 0x0c, 0x5c, 0x2a, 0xff, 0x29, 0x5b, 0x29, 0xfe, 0x58,
    0x5c, 0x2a, 0xff, 0xff, 0x5c, 0x2a, 0xff, 0xff, 0x5c, 0x2a, 0xff, 0xff,
    0x5c, 0x2a, 0xff, 0xff, 0x5c, 0x2a, 0xff, 0xff, 0x5c, 0x2a, 0xff, 0xff,
    0x5c, 0x2a, 0xff, 0xff, 0x5c, 0x2a, 0xff, 0xff, 0x5c, 0x2a, 0xff, 0xff,
    0x5c, 0x2a, 0xff, 0xff, 0x4d, 0xe9, 0xff, 0xff, 0x4d, 0xe9, 0xff, 0xff,
    0x4d, 0xe9, 0xff, 0xff, 0x5c, 0x2a, 0xff, 0xff, 0x5c, 0x2a, 0xff, 0xff,
    0x5c, 0x2a, 0xff, 0xff, 0x5c, 0x2a, 0xff, 0xff, 0x5c, 0x2a, 0xff, 0xff,
    0x5c, 0x2a, 0xff, 0xff, 0x5c, 0x2a, 0xff, 0xff, 0x5c, 0x2a, 0xff, 0xff,
    0x5c, 0x2a, 0xff, 0xff, 0x5c, 0x2a, 0xff, 0xff, 0x5c, 0x2a, 0xff, 0xff,
    0x5c, 0x2a, 0xff, 0xff, 0x5c, 0x2a, 0xff, 0xff, 0x5c, 0x2a, 0xff, 0x78,
    0x5b, 0x29, 0xfe, 0x44, 0x5d, 0x2a, 0xff, 0x1c, 0x5c, 0x2a, 0xff, 0x09,
    0x5c, 0x2a, 0xff, 0x03, 0x00, 0x00, 0x00, 0x00, 0x00, 0x00, 0x00, 0x00,
    0x00, 0x00, 0x00, 0x00, 0x00, 0x00, 0x00, 0x00, 0x00, 0x00, 0x00, 0x00,
    0x5c, 0x2a, 0xff, 0x03, 0x5c, 0x2a, 0xff, 0x0a, 0x5c, 0x2a, 0xff, 0x1e,
    0x5b, 0x29, 0xfe, 0x3f, 0x5c, 0x2a, 0xff, 0x67, 0x5c, 0x2a, 0xff, 0x86,
    0x5b, 0x29, 0xfe, 0xa7, 0x5c, 0x2a, 0xff, 0xc6, 0x5c, 0x2a, 0xff, 0xff,
    0x5c, 0x2a, 0xff, 0xff, 0x5c, 0x2a, 0xff, 0xff, 0x5c, 0x2a, 0xff, 0xff,
    0x5c, 0x2a, 0xff, 0xff, 0x4d, 0xe9, 0xff, 0xff, 0x4d, 0xe9, 0xff, 0xff,
    0x4d, 0xe9, 0xff, 0xff, 0x4d, 0xe9, 0xff, 0xff, 0x5c, 0x2a, 0xff, 0xff,
    0x5c, 0x2a, 0xff, 0xff, 0x5c, 0x2a, 0xff, 0xff, 0x5c, 0x2a, 0xff, 0xff,
    0x5c, 0x2a, 0xff, 0xff, 0x5c, 0x2a, 0xff, 0xff, 0x5c, 0x2a, 0xff, 0xff,
    0x5c, 0x2a, 0xff, 0xff, 0x5c, 0x2a, 0xff, 0xff, 0x5c, 0x2a, 0xff, 0xff,
    0x5b, 0x29, 0xfe, 0xc5, 0x5c, 0x2a, 0xff, 0xa0, 0x5b, 0x29, 0xfe, 0x79,
    0x5c, 0x2a, 0xff, 0x53, 0x5c, 0x2a, 0xff, 0x2f, 0x5b, 0x29, 0xfd, 0x14,
    0x5c, 0x2a, 0xff, 0x08, 0x5c, 0x2a, 0xff, 0x02, 0x00, 0x00, 0x00, 0x00,
    0x00, 0x00, 0x00, 0x00, 0x00, 0x00, 0x00, 0x00, 0x00, 0x00, 0x00, 0x00,
    0x00, 0x00, 0x00, 0x00, 0x5c, 0x2a, 0xff, 0x03, 0x5c, 0x2a, 0xff, 0x0a,
    0x5a, 0x29, 0xfa, 0x1b, 0x5c, 0x2a, 0xff, 0x35, 0x5b, 0x29, 0xfe, 0x57,
    0x5b, 0x29, 0xfe, 0x74, 0x5b, 0x29, 0xfe, 0x98, 0x5b, 0x29, 0xfe, 0xbe,
    0x5c, 0x2a, 0xff, 0xff, 0x5c, 0x2a, 0xff, 0xff, 0x5c, 0x2a, 0xff, 0xff,
    0x5c, 0x2a, 0xff, 0xff, 0x5c, 0x2a, 0xff, 0xff, 0x4d, 0xe9, 0xff, 0xff,
    0x4d, 0xe9, 0xff, 0xff, 0x4d, 0xe9, 0xff, 0xff, 0x5c, 0x2a, 0xff, 0xff,
    0x5c, 0x2a, 0xff, 0xff, 0x5c, 0x2a, 0xff, 0xff, 0x5c, 0x2a, 0xff, 0xff,
    0x5c, 0x2a, 0xff, 0xff, 0x5c, 0x2a, 0xff, 0xff, 0x5c, 0x2a, 0xff, 0xff,
    0x5c, 0x2a, 0xff, 0xff, 0x5c, 0x2a, 0xff, 0xff, 0x5c, 0x2a, 0xff, 0xff,
    0x5c, 0x2a, 0xff, 0xff, 0x5c, 0x2a, 0xff, 0xbc, 0x5b, 0x29, 0xfe, 0x94,
    0x5b, 0x29, 0xfe, 0x6b, 0x5b, 0x29, 0xfd, 0x4b, 0x5b, 0x29, 0xfc, 0x2c,
    0x5b, 0x29, 0xfd, 0x14, 0x5c, 0x2a, 0xff, 0x07, 0x5c, 0x2a, 0xff, 0x02,
    0x00, 0x00, 0x00, 0x00, 0x00, 0x00, 0x00, 0x00, 0x00, 0x00, 0x00, 0x00,
    0x00, 0x00, 0x00, 0x00, 0x00, 0x00, 0x00, 0x00, 0x5c, 0x2a, 0xff, 0x03,
    0x5c, 0x2a, 0xff, 0x0a, 0x5c, 0x2a, 0xff, 0x1e, 0x5b, 0x29, 0xfe, 0x3f,
    0x5c, 0x2a, 0xff, 0x67, 0x5c, 0x2a, 0xff, 0x86, 0x5c, 0x2a, 0xff, 0xa7,
    0x5c, 0x2a, 0xff, 0xc7, 0x5c, 0x2a, 0xff, 0xff, 0x5c, 0x2a, 0xff, 0xff,
    0x5c, 0x2a, 0xff, 0xff, 0x5c, 0x2a, 0xff, 0xff, 0x4d, 0xe9, 0xff, 0xff,
    0x4d, 0xe9, 0xff, 0xff, 0x4d, 0xe9, 0xff, 0xff, 0x4d, 0xe9, 0xff, 0xff,
    0x5c, 0x2a, 0xff, 0xff, 0x5c, 0x2a, 0xff, 0xff, 0x5c, 0x2a, 0xff, 0xff,
    0x5c, 0x2a, 0xff, 0xff, 0x5c, 0x2a, 0xff, 0xff, 0x5c, 0x2a, 0xff, 0xff,
    0x5c, 0x2a, 0xff, 0xff, 0x5c, 0x2a, 0xff, 0xff, 0x5c, 0x2a, 0xff, 0xff,
    0x5c, 0x2a, 0xff, 0xff, 0x5c, 0x2a, 0xff, 0xff, 0x5c, 0x2a, 0xff, 0xc6,
    0x5b, 0x29, 0xfe, 0xa5, 0x5b, 0x29, 0xfe, 0x82, 0x5c, 0x2a, 0xff, 0x62,
    0x5c, 0x2a, 0xff, 0x3a, 0x5d, 0x2a, 0xff, 0x1a, 0x5c, 0x2a, 0xff, 0x08,
    0x5c, 0x2a, 0xff, 0x03, 0x00, 0x00, 0x00, 0x00, 0x00, 0x00, 0x00, 0x00,
    0x00, 0x00, 0x00, 0x00, 0x00, 0x00, 0x00, 0x00, 0x5c, 0x2a, 0xff, 0x01,
    0x5c, 0x2a, 0xff, 0x04, 0x5c, 0x2a, 0xff, 0x0c, 0x5c, 0x2a, 0xff, 0x29,
    0xc5, 0xb4, 0xff, 0xff, 0x5c, 0x2a, 0xff, 0xff, 0x5c, 0x2a, 0xff, 0xff,
    0x5c, 0x2a, 0xff, 0xff, 0x5c, 0x2a, 0xff, 0xff, 0x5c, 0x2a, 0xff, 0xff,
    0x5c, 0x2a, 0xff, 0xff, 0x5c, 0x2a, 0xff, 0xff, 0x5c, 0x2a, 0xff, 0xff,
    0x4d, 0xe9, 0xff, 0xff, 0x4d, 0xe9, 0xff, 0xff, 0x4d, 0xe9, 0xff, 0xff,
    0x4d, 0xe9, 0xff, 0xff, 0x4d, 0xe9, 0xff, 0xff, 0x4d, 0xe9, 0xff, 0xff,
    0x5c, 0x2a, 0xff, 0xff, 0x5c, 0x2a, 0xff, 0xff, 0x5c, 0x2a, 0xff, 0xff,
    0x5c, 0x2a, 0xff, 0xff, 0x5c, 0x2a, 0xff, 0xff, 0x5c, 0x2a, 0xff, 0xff,
    0x5c, 0x2a, 0xff, 0xff, 0x5c, 0x2a, 0xff, 0xff, 0x5c, 0x2a, 0xff, 0xff,
    0x5c, 0x2a, 0xff, 0xff, 0x5c, 0x2a, 0xff, 0xff, 0x5c, 0x2a, 0xff, 0xff,
    0x5c, 0x2a, 0xff, 0xff, 0x5b, 0x29, 0xfe, 0x4f, 0x5b, 0x29, 0xfd, 0x23,
    0x5c, 0x2a, 0xff, 0x0a, 0x5c, 0x2a, 0xff, 0x03, 0x00, 0x00, 0x00, 0x00,
    0x00, 0x00, 0x00, 0x00, 0x00, 0x00, 0x00, 0x00, 0x00, 0x00, 0x00, 0x00,
    0x5c, 0x2a, 0xff, 0x01, 0x5c, 0x2a, 0xff, 0x04, 0x5c, 0x2a, 0xff, 0x0c,
    0x5b, 0x29, 0xfe, 0x2d, 0xc0, 0xae, 0xff, 0xff, 0x5c, 0x2a, 0xff, 0xff,
    0x5c, 0x2a, 0xff, 0xff, 0x5c, 0x2a, 0xff, 0xff, 0x5c, 0x2a, 0xff, 0xff,
    0x5c, 0x2a, 0xff, 0xff, 0x5c, 0x2a, 0xff, 0xff, 0x5c, 0x2a, 0xff, 0xff,
    0x5c, 0x2a, 0xff, 0xff, 0x4d, 0xe9, 0xff, 0xff, 0x4d, 0xe9, 0xff, 0xff,
    0x4d, 0xe9, 0xff, 0xff, 0x4d, 0xe9, 0xff, 0xff, 0x4d, 0xe9, 0xff, 0xff,
    0x4d, 0xe9, 0xff, 0xff, 0x5c, 0x2a, 0xff, 0xff, 0x5c, 0x2a, 0xff, 0xff,
    0x5c, 0x2a, 0xff, 0xff, 0x5c, 0x2a, 0xff, 0xff, 0x5c, 0x2a, 0xff, 0xff,
    0x5c, 0x2a, 0xff, 0xff, 0x5c, 0x2a, 0xff, 0xff, 0x5c, 0x2a, 0xff, 0xff,
    0x5c, 0x2a, 0xff, 0xff, 0x5c, 0x2a, 0xff, 0xff, 0x5c, 0x2a, 0xff, 0xff,
    0x5c, 0x2a, 0xff, 0xff, 0x5c, 0x2a, 0xff, 0xff, 0x5c, 0x2a, 0xff, 0x52,
    0x5b, 0x29, 0xfd, 0x24, 0x5c, 0x2a, 0xff, 0x0a, 0x5c, 0x2a, 0xff, 0x03,
    0x00, 0x00, 0x00, 0x00, 0x00, 0x00, 0x00, 0x00, 0x00, 0x00, 0x00, 0x00,
    0x00, 0x00, 0x00, 0x00, 0x5c, 0x2a, 0xff, 0x01, 0x5c, 0x2a, 0xff, 0x04,
    0x5c, 0x2a, 0xff, 0x0c, 0x5c, 0x2a, 0xff, 0x29, 0x5b, 0x29, 0xfd, 0x59,
    0x5c, 0x2a, 0xff, 0xff, 0x5c, 0x2a, 0xff, 0xff, 0x5c, 0x2a, 0xff, 0xff,
    0x5c, 0x2a, 0xff, 0xff, 0x5c, 0x2a, 0xff, 0xff, 0x5c, 0x2a, 0xff, 0xff,
    0x5c, 0x2a, 0xff, 0xff, 0x5c, 0x2a, 0xff, 0xff, 0x5c, 0x2a, 0xff, 0xff,
    0x4d, 0xe9, 0xff, 0xff, 0x4d, 0xe9, 0xff, 0xff, 0x4d, 0xe9, 0xff, 0xff,
    0x4d, 0xe9, 0xff, 0xff, 0x4d, 0xe9, 0xff, 0xff, 0x5c, 0x2a, 0xff, 0xff,
    0x5c, 0x2a, 0xff, 0xff, 0x5c, 0x2a, 0xff, 0xff, 0x5c, 0x2a, 0xff, 0xff,
    0x5c, 0x2a, 0xff, 0xff, 0x5c, 0x2a, 0xff, 0xff, 0x5c, 0x2a, 0xff, 0xff,
    0x5c, 0x2a, 0xff, 0xff, 0x5c, 0x2a, 0xff, 0xff, 0x5c, 0x2a, 0xff, 0xff,
    0x5c, 0x2a, 0xff, 0xff, 0x5c, 0x2a, 0xff, 0xff, 0x5b, 0x29, 0xfe, 0x79,
    0x5b, 0x29, 0xfe, 0x44, 0x5d, 0x2a, 0xff, 0x1c, 0x5c, 0x2a, 0xff, 0x09,
    0x5c, 0x2a, 0xff, 0x03, 0x00, 0x00, 0x00, 0x00, 0x00, 0x00, 0x00, 0x00,
    0x00, 0x00, 0x00, 0x00, 0x00, 0x00, 0x00, 0x00, 0x00, 0x00, 0x00, 0x00,
    0x5c, 0x2a, 0xff, 0x03, 0x5c, 0x2a, 0xff, 0x0a, 0x5c, 0x2a, 0xff, 0x1e,
    0x5b, 0x29, 0xfe, 0x3f, 0x5c, 0x2a, 0xff, 0x67, 0x5c, 0x2a, 0xff, 0x86,
    0x5c, 0x2a, 0xff, 0xa7, 0x5b, 0x29, 0xfe, 0xc7, 0x5c, 0x2a, 0xff, 0xff,
    0x5c, 0x2a, 0xff, 0xff, 0x5c, 0x2a, 0xff, 0xff, 0x5c, 0x2a, 0xff, 0xff,
    0x5c, 0x2a, 0xff, 0xff, 0x5c, 0x2a, 0xff, 0xff, 0x4d, 0xe9, 0xff, 0xff,
    0x4d, 0xe9, 0xff, 0xff, 0x4d, 0xe9, 0xff, 0xff, 0x4d, 0xe9, 0xff, 0xff,
    0x5c, 0x2a, 0xff, 0xff, 0x5c, 0x2a, 0xff, 0xff, 0x5c, 0x2a, 0xff, 0xff,
    0x5c, 0x2a, 0xff, 0xff, 0x5c, 0x2a, 0xff, 0xff, 0x5c, 0x2a, 0xff, 0xff,
    0x5c, 0x2a, 0xff, 0xff, 0x5c, 0x2a, 0xff, 0xff, 0x5c, 0x2a, 0xff, 0xff,
    0x5b, 0x29, 0xfe, 0xc6, 0x5b, 0x29, 0xfe, 0xa1, 0x5b, 0x29, 0xfe, 0x79,
    0x5c, 0x2a, 0xff, 0x53, 0x5c, 0x2a, 0xff, 0x2f, 0x5b, 0x29, 0xfd, 0x14,
    0x5c, 0x2a, 0xff, 0x08, 0x5c, 0x2a, 0xff, 0x02, 0x00, 0x00, 0x00, 0x00,
    0x00, 0x00, 0x00, 0x00, 0x00, 0x00, 0x00, 0x00, 0x00, 0x00, 0x00, 0x00,
    0x00, 0x00, 0x00, 0x00, 0x5c, 0x2a, 0xff, 0x03, 0x5c, 0x2a, 0xff, 0x0a,
    0x5a, 0x29, 0xfa, 0x1b, 0x5c, 0x2a, 0xff, 0x35, 0x5b, 0x29, 0xfe, 0x57,
    0x5b, 0x29, 0xfe, 0x74, 0x5c, 0x2a, 0xff, 0x97, 0x5c, 0x2a, 0xff, 0xbd,
    0x5c, 0x2a, 0xff, 0xff, 0x5c, 0x2a, 0xff, 0xff, 0x5c, 0x2a, 0xff, 0xff,
    0x5c, 0x2a, 0xff, 0xff, 0x5c, 0x2a, 0xff, 0xff, 0x5c, 0x2a, 0xff, 0xff,
    0x4d, 0xe9, 0xff, 0xff, 0x4d, 0xe9, 0xff, 0xff, 0x4d, 0xe9, 0xff, 0xff,
    0x5c, 0x2a, 0xff, 0xff, 0x5c, 0x2a, 0xff, 0xff, 0x5c, 0x2a, 0xff, 0xff,
    0x5c, 0x2a, 0xff, 0xff, 0x5c, 0x2a, 0xff, 0xff, 0x5c, 0x2a, 0xff, 0xff,
    0x5c, 0x2a, 0xff, 0xff, 0x5c, 0x2a, 0xff, 0xff, 0x5c, 0x2a, 0xff, 0xff,
    0x5c, 0x2a, 0xff, 0xff, 0x5c, 0x2a, 0xff, 0xbc, 0x5b, 0x29, 0xfe, 0x94,
    0x5b, 0x29, 0xfe, 0x6b, 0x5b, 0x29, 0xfd, 0x4b, 0x5b, 0x29, 0xfc, 0x2c,
    0x5b, 0x29, 0xfd, 0x14, 0x5c, 0x2a, 0xff, 0x07, 0x5c, 0x2a, 0xff, 0x02,
    0x00, 0x00, 0x00, 0x00, 0x00, 0x00, 0x00, 0x00, 0x00, 0x00, 0x00, 0x00,
    0x00, 0x00, 0x00, 0x00, 0x00, 0x00, 0x00, 0x00, 0x5c, 0x2a, 0xff, 0x03,
    0x5c, 0x2a, 0xff, 0x0a, 0x5c, 0x2a, 0xff, 0x1e, 0x5b, 0x29, 0xfe, 0x3f,
    0x5c, 0x2a, 0xff, 0x66, 0x5c, 0x2a, 0xff, 0x85, 0x5c, 0x2a, 0xff, 0xa5,
    0x5c, 0x2a, 0xff, 0xc5, 0x5c, 0x2a, 0xff, 0xff, 0x5c, 0x2a, 0xff, 0xff,
    0x5c, 0x2a, 0xff, 0xff, 0x5c, 0x2a, 0xff, 0xff, 0x5c, 0x2a, 0xff, 0xff,
    0x4d, 0xe9, 0xff, 0xff, 0x4d, 0xe9, 0xff, 0xff, 0x4d, 0xe9, 0xff, 0xff,
    0x4d, 0xe9, 0xff, 0xff, 0x5c, 0x2a, 0xff, 0xff, 0x5c, 0x2a, 0xff, 0xff,
    0x5c, 0x2a, 0xff, 0xff, 0x5c, 0x2a, 0xff, 0xff, 0x5c, 0x2a, 0xff, 0xff,
    0x5c, 0x2a, 0xff, 0xff, 0x5c, 0x2a, 0xff, 0xff, 0x5c, 0x2a, 0xff, 0xff,
    0x5c, 0x2a, 0xff, 0xff, 0x5c, 0x2a, 0xff, 0xff, 0x5c, 0x2a, 0xff, 0xc5,
    0x5c, 0x2a, 0xff, 0xa4, 0x5b, 0x29, 0xfe, 0x81, 0x5c, 0x2a, 0xff, 0x62,
    0x5c, 0x2a, 0xff, 0x3a, 0x5d, 0x2a, 0xff, 0x1a, 0x5c, 0x2a, 0xff, 0x08,
    0x5c, 0x2a, 0xff, 0x03, 0x00, 0x00, 0x00, 0x00, 0x00, 0x00, 0x00, 0x00,
    0x00, 0x00, 0x00, 0x00, 0x00, 0x00, 0x00, 0x00, 0x5c, 0x2a, 0xff, 0x01,
    0x5c, 0x2a, 0xff, 0x04, 0x5c, 0x2a, 0xff, 0x0c, 0x5c, 0x2a, 0xff, 0x29,
    0xc6, 0xb5, 0xff, 0xff, 0x5c, 0x2a, 0xff, 0xff, 0x5c, 0x2a, 0xff, 0xff,
    0x5c, 0x2a, 0xff, 0xff, 0x5c, 0x2a, 0xff, 0xff, 0x5c, 0x2a, 0xff, 0xff,
    0x5c, 0x2a, 0xff, 0xff, 0x5c, 0x2a, 0xff, 0xff, 0x5c, 0x2a, 0xff, 0xff,
    0x5c, 0x2a, 0xff, 0xff, 0x4d, 0xe9, 0xff, 0xff, 0x4d, 0xe9, 0xff, 0xff,
    0x4d, 0xe9, 0xff, 0xff, 0x5c, 0x2a, 0xff, 0xff, 0x5c, 0x2a, 0xff, 0xff,
    0x5c, 0x2a, 0xff, 0xff, 0x5c, 0x2a, 0xff, 0xff, 0x5c, 0x2a, 0xff, 0xff,
    0x5c, 0x2a, 0xff, 0xff, 0x5c, 0x2a, 0xff, 0xff, 0x5c, 0x2a, 0xff, 0xff,
    0x5c, 0x2a, 0xff, 0xff, 0x5c, 0x2a, 0xff, 0xff, 0x5c, 0x2a, 0xff, 0xff,
    0x5c, 0x2a, 0xff, 0xff, 0x5c, 0x2a, 0xff, 0xff, 0x5c, 0x2a, 0xff, 0xff,
    0x5c, 0x2a, 0xff, 0xff, 0x5b, 0x29, 0xfe, 0x4f, 0x5b, 0x29, 0xfd, 0x23,
    0x5c, 0x2a, 0xff, 0x09, 0x5c, 0x2a, 0xff, 0x03, 0x00, 0x00, 0x00, 0x00,
    0x00, 0x00, 0x00, 0x00, 0x00, 0x00, 0x00, 0x00, 0x00, 0x00, 0x00, 0x00,
    0x5c, 0x2a, 0xff, 0x01, 0x5c, 0x2a, 0xff, 0x04, 0x5c, 0x2a, 0xff, 0x0c,
    0x5b, 0x2a, 0xfe, 0x2c, 0xc1, 0xae, 0xff, 0xff, 0x5c, 0x2a, 0xff, 0xff,
    0x5c, 0x2a, 0xff, 0xff, 0x5c, 0x2a, 0xff, 0xff, 0x5c, 0x2a, 0xff, 0xff,
    0x5c, 0x2a, 0xff, 0xff, 0x5c, 0x2a, 0xff, 0xff, 0x5c, 0x2a, 0xff, 0xff,
    0x5c, 0x2a, 0xff, 0xff, 0x5c, 0x2a, 0xff, 0xff, 0x4d, 0xe9, 0xff, 0xff,
    0x4d, 0xe9, 0xff, 0xff, 0x4d, 0xe9, 0xff, 0xff, 0x5c, 0x2a, 0xff, 0xff,
    0x5c, 0x2a, 0xff, 0xff, 0x5c, 0x2a, 0xff, 0xff, 0x5c, 0x2a, 0xff, 0xff,
    0x5c, 0x2a, 0xff, 0xff, 0x5c, 0x2a, 0xff, 0xff, 0x5c, 0x2a, 0xff, 0xff,
    0x5c, 0x2a, 0xff, 0xff, 0x5c, 0x2a, 0xff, 0xff, 0x5c, 0x2a, 0xff, 0xff,
    0x5c, 0x2a, 0xff, 0xff, 0x5c, 0x2a, 0xff, 0xff, 0x5c, 0x2a, 0xff, 0xff,
    0x5c, 0x2a, 0xff, 0xff, 0x5c, 0x2a, 0xff, 0xff, 0x5c, 0x2a, 0xff, 0x51,
    0x5b, 0x29, 0xfd, 0x23, 0x5c, 0x2a, 0xff, 0x0a, 0x5c, 0x2a, 0xff, 0x03,
    0x00, 0x00, 0x00, 0x00, 0x00, 0x00, 0x00, 0x00, 0x00, 0x00, 0x00, 0x00,
    0x00, 0x00, 0x00, 0x00, 0x5c, 0x2a, 0xff, 0x01, 0x5c, 0x2a, 0xff, 0x04,
    0x5c, 0x2a, 0xff, 0x0b, 0x5c, 0x2a, 0xff, 0x27, 0x5b, 0x29, 0xfd, 0x55,
    0x5c, 0x2a, 0xff, 0xff, 0x5c, 0x2a, 0xff, 0xff, 0x5c, 0x2a, 0xff, 0xff,
    0x5c, 0x2a, 0xff, 0xff, 0x5c, 0x2a, 0xff, 0xcd, 0x5c, 0x2a, 0xff, 0xff,
    0x5c, 0x2a, 0xff, 0xff, 0x5c, 0x2a, 0xff, 0xff, 0x5c, 0x2a, 0xff, 0xff,
    0x4d, 0xe9, 0xff, 0xff, 0x4d, 0xe9, 0xff, 0xff, 0x5c, 0x2a, 0xff, 0xff,
    0x5c, 0x2a, 0xff, 0xff, 0x5c, 0x2a, 0xff, 0xff, 0x5c, 0x2a, 0xff, 0xff,
    0x5c, 0x2a, 0xff, 0xff, 0x5c, 0x2a, 0xff, 0xff, 0x5c, 0x2a, 0xff, 0xff,
    0x5c, 0x2a, 0xff, 0xff, 0x5c, 0x2a, 0xff, 0xff, 0x5c, 0x2a, 0xff, 0xff,
    0x5c, 0x2a, 0xff, 0xff, 0x5c, 0x2a, 0xff, 0xff, 0x5c, 0x2a, 0xff, 0xff,
    0x5c, 0x2a, 0xff, 0xff, 0x5c, 0x2a, 0xff, 0xff, 0x5c, 0x2a, 0xff, 0x73,
    0x5c, 0x2a, 0xff, 0x40, 0x5d, 0x2a, 0xff, 0x1a, 0x5c, 0x2a, 0xff, 0x08,
    0x5c, 0x2a, 0xff, 0x02, 0x00, 0x00, 0x00, 0x00, 0x00, 0x00, 0x00, 0x00,
    0x00, 0x00, 0x00, 0x00, 0x00, 0x00, 0x00, 0x00, 0x00, 0x00, 0x00, 0x00,
    0x5c, 0x2a, 0xff, 0x03, 0x5c, 0x2a, 0xff, 0x08, 0x5d, 0x2a, 0xff, 0x19,
    0x5b, 0x29, 0xfe, 0x35, 0x5b, 0x29, 0xfe, 0x58, 0x5b, 0x29, 0xfe, 0x71,
    0x5c, 0x2a, 0xff, 0x7c, 0x5b, 0x29, 0xfe, 0x8a, 0x5b, 0x29, 0xfe, 0xa4,
    0x5c, 0x2a, 0xff, 0xff, 0x5c, 0x2a, 0xff, 0xff, 0x5c, 0x2a, 0xff, 0xff,
    0x5c, 0x2a, 0xff, 0xff, 0x5c, 0x2a, 0xff, 0xff, 0x5c, 0x2a, 0xff, 0xff,
    0x5c, 0x2a, 0xff, 0xff, 0x5c, 0x2a, 0xff, 0xff, 0x5c, 0x2a, 0xff, 0xff,
    0x5c, 0x2a, 0xff, 0xff, 0x5c, 0x2a, 0xff, 0xff, 0x5c, 0x2a, 0xff, 0xff,
    0x5c, 0x2a, 0xff, 0xff, 0x5c, 0x2a, 0xff, 0xff, 0x5c, 0x2a, 0xff, 0xff,
    0x5c, 0x2a, 0xff, 0xff, 0x5c, 0x2a, 0xff, 0xff, 0x5b, 0x29, 0xfe, 0xb1,
    0x5c, 0x2a, 0xff, 0x94, 0x5c, 0x2a, 0xff, 0x7c, 0x5c, 0x2a, 0xff, 0x64,
    0x5b, 0x29, 0xfd, 0x45, 0x5b, 0x29, 0xfc, 0x26, 0x5b, 0x29, 0xfd, 0x0f,
    0x5c, 0x2a, 0xff, 0x05, 0x5c, 0x2a, 0xff, 0x01, 0x00, 0x00, 0x00, 0x00,
    0x00, 0x00, 0x00, 0x00, 0x00, 0x00, 0x00, 0x00, 0x00, 0x00, 0x00, 0x00,
    0x00, 0x00, 0x00, 0x00, 0x5c, 0x2a, 0xff, 0x01, 0x5c, 0x2a, 0xff, 0x05,
    0x5b, 0x29, 0xfd, 0x0c, 0x5d, 0x2a, 0xff, 0x1a, 0x5c, 0x2a, 0xff, 0x2b,
    0x5b, 0x29, 0xfe, 0x38, 0x5b, 0x29, 0xfe, 0x42, 0x5b, 0x29, 0xfe, 0x52,
    0x5c, 0x2a, 0xff, 0x77, 0x5b, 0x29, 0xfe, 0xaa, 0x5c, 0x2a, 0xff, 0xff,
    0x5c, 0x2a, 0xff, 0xff, 0x5c, 0x2a, 0xff, 0xff, 0x5c, 0x2a, 0xff, 0xff,
    0x5c, 0x2a, 0xff, 0xff, 0x5c, 0x2a, 0xff, 0xff, 0x5c, 0x2a, 0xff, 0xff,
    0x5c, 0x2a, 0xff, 0xff, 0x5c, 0x2a, 0xff, 0xff, 0x5c, 0x2a, 0xff, 0xff,
    0x5c, 0x2a, 0xff, 0xff, 0x5c, 0x2a, 0xff, 0xff, 0x5c, 0x2a, 0xff, 0xff,
    0x5c, 0x2a, 0xff, 0xff, 0x5c, 0x2a, 0xff, 0xff, 0x5b, 0x29, 0xfe, 0xaf,
    0x5b, 0x29, 0xfe, 0x7f, 0x5c, 0x2a, 0xff, 0x58, 0x5b, 0x29, 0xfe, 0x42,
    0x5b, 0x29, 0xfd, 0x31, 0x5c, 0x2a, 0xff, 0x1e, 0x5b, 0x29, 0xfd, 0x10,
    0x5c, 0x2a, 0xff, 0x07, 0x5c, 0x2a, 0xff, 0x03, 0x5c, 0x2a, 0xff, 0x01,
    0x00, 0x00, 0x00, 0x00, 0x00, 0x00, 0x00, 0x00, 0x00, 0x00, 0x00, 0x00,
    0x00, 0x00, 0x00, 0x00, 0x00, 0x00, 0x00, 0x00, 0x00, 0x00, 0x00, 0x00,
    0x5c, 0x2a, 0xff, 0x02, 0x5c, 0x2a, 0xff, 0x05, 0x5c, 0x2a, 0xff, 0x09,
    0x5c, 0x2a, 0xff, 0x0d, 0x5c, 0x2a, 0xff, 0x13, 0x5c, 0x2a, 0xff, 0x1b,
    0x5b, 0x29, 0xfd, 0x2a, 0x5c, 0x2a, 0xff, 0x55, 0x5b, 0x29, 0xfe, 0x90,
    0x5c, 0x2a, 0xff, 0xff, 0x5c, 0x2a, 0xff, 0xff, 0x5c, 0x2a, 0xff, 0xff,
    0x5c, 0x2a, 0xff, 0xbd, 0x5b, 0x29, 0xfe, 0xb6, 0x5b, 0x29, 0xfe, 0xc2,
    0x5c, 0x2a, 0xff, 0xff, 0x5c, 0x2a, 0xff, 0xff, 0x5c, 0x2a, 0xff, 0xff,
    0x5c, 0x2a, 0xff, 0xbe, 0x5b, 0x29, 0xfe, 0xb6, 0x5b, 0x29, 0xfe, 0xc1,
    0x5c, 0x2a, 0xff, 0xff, 0x5c, 0x2a, 0xff, 0xff, 0x5c, 0x2a, 0xff, 0xff,
    0x5b, 0x29, 0xfe, 0x8c, 0x5c, 0x2a, 0xff, 0x52, 0x5b, 0x29, 0xfd, 0x2a,
    0x5c, 0x2a, 0xff, 0x1a, 0x5c, 0x2a, 0xff, 0x11, 0x5c, 0x2a, 0xff, 0x0b,
    0x5c, 0x2a, 0xff, 0x06, 0x5c, 0x2a, 0xff, 0x03, 0x5c, 0x2a, 0xff, 0x01,
    0x00, 0x00, 0x00, 0x00, 0x00, 0x00, 0x00, 0x00, 0x00, 0x00, 0x00, 0x00,
    0x00, 0x00, 0x00, 0x00, 0x00, 0x00, 0x00, 0x00, 0x00, 0x00, 0x00, 0x00,
    0x00, 0x00, 0x00, 0x00, 0x00, 0x00, 0x00, 0x00, 0x5c, 0x2a, 0xff, 0x01,
    0x5c, 0x2a, 0xff, 0x03, 0x5c, 0x2a, 0xff, 0x05, 0x5c, 0x2a, 0xff, 0x07,
    0x5c, 0x2a, 0xff, 0x0d, 0x5c, 0x2a, 0xff, 0x19, 0x5c, 0x2a, 0xff, 0x3d,
    0x5c, 0x2a, 0xff, 0x74, 0x5c, 0x2a, 0xff, 0xff, 0x5c, 0x2a, 0xff, 0xff,
    0x5c, 0x2a, 0xff, 0xff, 0x5b, 0x29, 0xfe, 0x8e, 0x5c, 0x2a, 0xff, 0x84,
    0x5c, 0x2a, 0xff, 0x97, 0x5c, 0x2a, 0xff, 0xff, 0x5c, 0x2a, 0xff, 0xff,
    0x5c, 0x2a, 0xff, 0xff, 0x5b, 0x29, 0xfe, 0x8f, 0x5c, 0x2a, 0xff, 0x84,
    0x5c, 0x2a, 0xff, 0x96, 0x5c, 0x2a, 0xff, 0xff, 0x5c, 0x2a, 0xff, 0xff,
    0x5c, 0x2a, 0xff, 0xff, 0x5b, 0x29, 0xfe, 0x6a, 0x5c, 0x2a, 0xff, 0x37,
    0x5c, 0x2a, 0xff, 0x17, 0x5c, 0x2a, 0xff, 0x0c, 0x5c, 0x2a, 0xff, 0x06,
    0x5c, 0x2a, 0xff, 0x04, 0x5c, 0x2a, 0xff, 0x02, 0x5c, 0x2a, 0xff, 0x01,
    0x00, 0x00, 0x00, 0x00, 0x00, 0x00, 0x00, 0x00, 0x00, 0x00, 0x00, 0x00,
    0x00, 0x00, 0x00, 0x00, 0x00, 0x00, 0x00, 0x00, 0x00, 0x00, 0x00, 0x00,
    0x00, 0x00, 0x00, 0x00, 0x00, 0x00, 0x00, 0x00, 0x00, 0x00, 0x00, 0x00,
    0x00, 0x00, 0x00, 0x00, 0x00, 0x00, 0x00, 0x00, 0x5c, 0x2a, 0xff, 0x01,
    0x5c, 0x2a, 0xff, 0x02, 0x5c, 0x2a, 0xff, 0x06, 0x5c, 0x2a, 0xff, 0x0f,
    0x5c, 0x2a, 0xff, 0x2c, 0x5b, 0x29, 0xfd, 0x59, 0x5c, 0x2a, 0xff, 0xff,
    0x5c, 0x2a, 0xff, 0xff, 0x5c, 0x2a, 0xff, 0x7c, 0x5c, 0x2a, 0xff, 0x59,
    0x5b, 0x29, 0xfe, 0x52, 0x5b, 0x29, 0xfe, 0x69, 0x5c, 0x2a, 0xff, 0xff,
    0x5c, 0x2a, 0xff, 0xff, 0x5b, 0x29, 0xfe, 0x7e, 0x5c, 0x2a, 0xff, 0x5a,
    0x5b, 0x29, 0xfe, 0x52, 0x5b, 0x29, 0xfe, 0x68, 0x5c, 0x2a, 0xff, 0xff,
    0x5c, 0x2a, 0xff, 0xff, 0x5c, 0x2a, 0xff, 0x75, 0x5c, 0x2a, 0xff, 0x47,
    0x5c, 0x2a, 0xff, 0x21, 0x5c, 0x2a, 0xff, 0x0d, 0x5c, 0x2a, 0xff, 0x05,
    0x5c, 0x2a, 0xff, 0x02, 0x5c, 0x2a, 0xff, 0x01, 0x00, 0x00, 0x00, 0x00,
    0x00, 0x00, 0x00, 0x00, 0x00, 0x00, 0x00, 0x00, 0x00, 0x00, 0x00, 0x00,
    0x00, 0x00, 0x00, 0x00, 0x00, 0x00, 0x00, 0x00, 0x00, 0x00, 0x00, 0x00,
    0x00, 0x00, 0x00, 0x00, 0x00, 0x00, 0x00, 0x00, 0x00, 0x00, 0x00, 0x00,
    0x00, 0x00, 0x00, 0x00, 0x00, 0x00, 0x00, 0x00, 0x00, 0x00, 0x00, 0x00,
    0x00, 0x00, 0x00, 0x00, 0x5c, 0x2a, 0xff, 0x01, 0x5c, 0x2a, 0xff, 0x03,
    0x5c, 0x2a, 0xff, 0x09, 0x5d, 0x2a, 0xff, 0x19, 0x5c, 0x2a, 0xff, 0x34,
    0x5c, 0x2a, 0xff, 0x4d, 0x5b, 0x29, 0xfe, 0x53, 0x5c, 0x2a, 0xff, 0x46,
    0x5b, 0x29, 0xfe, 0x32, 0x5c, 0x2a, 0xff, 0x2e, 0x5c, 0x2a, 0xff, 0x3d,
    0x5c, 0x2a, 0xff, 0x51, 0x5b, 0x29, 0xfd, 0x55, 0x5c, 0x2a, 0xff, 0x46,
    0x5b, 0x29, 0xfe, 0x32, 0x5c, 0x2a, 0xff, 0x2e, 0x5c, 0x2a, 0xff, 0x3d,
    0x5c, 0x2a, 0xff, 0x50, 0x5b, 0x29, 0xfe, 0x53, 0x5c, 0x2a, 0xff, 0x41,
    0x5b, 0x29, 0xfc, 0x27, 0x5b, 0x29, 0xfd, 0x11, 0x5c, 0x2a, 0xff, 0x07,
    0x5c, 0x2a, 0xff, 0x02, 0x00, 0x00, 0x00, 0x00, 0x00, 0x00, 0x00, 0x00,
    0x00, 0x00, 0x00, 0x00, 0x00, 0x00, 0x00, 0x00, 0x00, 0x00, 0x00, 0x00,
    0x00, 0x00, 0x00, 0x00, 0x00, 0x00, 0x00, 0x00, 0x00, 0x00, 0x00, 0x00,
    0x00, 0x00, 0x00, 0x00, 0x00, 0x00, 0x00, 0x00, 0x00, 0x00, 0x00, 0x00,
    0x00, 0x00, 0x00, 0x00, 0x00, 0x00, 0x00, 0x00, 0x00, 0x00, 0x00, 0x00,
    0x00, 0x00, 0x00, 0x00, 0x00, 0x00, 0x00, 0x00, 0x00, 0x00, 0x00, 0x00,
    0x5c, 0x2a, 0xff, 0x01, 0x5c, 0x2a, 0xff, 0x05, 0x5b, 0x29, 0xfd, 0x0c,
    0x5e, 0x2a, 0xff, 0x17, 0x5b, 0x29, 0xfd, 0x22, 0x5b, 0x29, 0xfd, 0x24,
    0x5d, 0x2a, 0xff, 0x1c, 0x5b, 0x29, 0xfd, 0x15, 0x5b, 0x29, 0xfd, 0x15,
    0x5d, 0x2a, 0xff, 0x1b, 0x5b, 0x29, 0xfd, 0x24, 0x5b, 0x29, 0xfd, 0x24,
    0x5d, 0x2a, 0xff, 0x1d, 0x5b, 0x29, 0xfd, 0x15, 0x5b, 0x29, 0xfd, 0x15,
    0x5d, 0x2a, 0xff, 0x1b, 0x5b, 0x29, 0xfd, 0x24, 0x5b, 0x29, 0xfd, 0x24,
    0x5d, 0x2a, 0xff, 0x1a, 0x5b, 0x29, 0xfd, 0x0f, 0x5c, 0x2a, 0xff, 0x07,
    0x5c, 0x2a, 0xff, 0x03, 0x5c, 0x2a, 0xff, 0x01, 0x00, 0x00, 0x00, 0x00,
    0x00, 0x00, 0x00, 0x00, 0x00, 0x00, 0x00, 0x00, 0x00, 0x00, 0x00, 0x00,
    0x00, 0x00, 0x00, 0x00, 0x00, 0x00, 0x00, 0x00, 0x00, 0x00, 0x00, 0x00,
    0x00, 0x00, 0x00, 0x00, 0x00, 0x00, 0x00, 0x00, 0x00, 0x00, 0x00, 0x00,
    0x00, 0x00, 0x00, 0x00, 0x00, 0x00, 0x00, 0x00, 0x00, 0x00, 0x00, 0x00,
    0x00, 0x00, 0x00, 0x00, 0x00, 0x00, 0x00, 0x00, 0x00, 0x00, 0x00, 0x00,
    0x00, 0x00, 0x00, 0x00, 0x00, 0x00, 0x00, 0x00, 0x5c, 0x2a, 0xff, 0x02,
    0x5c, 0x2a, 0xff, 0x04, 0x5c, 0x2a, 0xff, 0x07, 0x5c, 0x2a, 0xff, 0x09,
    0x5c, 0x2a, 0xff, 0x0a, 0x5c, 0x2a, 0xff, 0x09, 0x5c, 0x2a, 0xff, 0x08,
    0x5c, 0x2a, 0xff, 0x08, 0x5c, 0x2a, 0xff, 0x09, 0x5c, 0x2a, 0xff, 0x0a,
    0x5c, 0x2a, 0xff, 0x0a, 0x5c, 0x2a, 0xff, 0x09, 0x5c, 0x2a, 0xff, 0x08,
    0x5c, 0x2a, 0xff, 0x08, 0x5c, 0x2a, 0xff, 0x09, 0x5c, 0x2a, 0xff, 0x0a,
    0x5c, 0x2a, 0xff, 0x0a, 0x5c, 0x2a, 0xff, 0x08, 0x5c, 0x2a, 0xff, 0x05,
    0x5c, 0x2a, 0xff, 0x03, 0x5c, 0x2a, 0xff, 0x01, 0x00, 0x00, 0x00, 0x00,
    0x00, 0x00, 0x00, 0x00, 0x00, 0x00, 0x00, 0x00, 0x00, 0x00, 0x00, 0x00,
    0x00, 0x00, 0x00, 0x00, 0x00, 0x00, 0x00, 0x00, 0x00, 0x00, 0x00, 0x00,
    0x00, 0x00, 0x00, 0x00, 0x00, 0x00, 0x00, 0x00, 0x00, 0x00, 0x00, 0x00,
    0x00, 0x00, 0x00, 0x00, 0x00, 0x00, 0x00, 0x00, 0x00, 0x00, 0x00, 0x00,
    0x00, 0x00, 0x00, 0x00, 0x00, 0x00, 0x00, 0x00, 0x00, 0x00, 0x00, 0x00,
    0x00, 0x00, 0x00, 0x00, 0x00, 0x00, 0x00, 0x00, 0x00, 0x00, 0x00, 0x00,
    0x00, 0x00, 0x00, 0x00, 0x5c, 0x2a, 0xff, 0x01, 0x5c, 0x2a, 0xff, 0x02,
    0x5c, 0x2a, 0xff, 0x03, 0x5c, 0x2a, 0xff, 0x03, 0x5c, 0x2a, 0xff, 0x03,
    0x5c, 0x2a, 0xff, 0x02, 0x5c, 0x2a, 0xff, 0x02, 0x5c, 0x2a, 0xff, 0x03,
    0x5c, 0x2a, 0xff, 0x03, 0x5c, 0x2a, 0xff, 0x03, 0x5c, 0x2a, 0xff, 0x03,
    0x5c, 0x2a, 0xff, 0x02, 0x5c, 0x2a, 0xff, 0x02, 0x5c, 0x2a, 0xff, 0x03,
    0x5c, 0x2a, 0xff, 0x03, 0x5c, 0x2a, 0xff, 0x03, 0x5c, 0x2a, 0xff, 0x02,
    0x5c, 0x2a, 0xff, 0x01, 0x5c, 0x2a, 0xff, 0x01, 0x00, 0x00, 0x00, 0x00,
    0x00, 0x00, 0x00, 0x00, 0x00, 0x00, 0x00, 0x00, 0x00, 0x00, 0x00, 0x00,
    0x00, 0x00, 0x00, 0x00, 0x00, 0x00, 0x00, 0x00, 0x00, 0x00, 0x00, 0x00,
    0x00, 0x00, 0x00, 0x00, 0x00, 0x00, 0x00, 0x00, 0x00, 0x00, 0x00, 0x00,
    0x00, 0x00, 0x00, 0x00, 0x00, 0x00, 0x00, 0x00, 0x00, 0x00, 0x00, 0x00,
    0x00, 0x00, 0x00, 0x00, 0x00, 0x00, 0x00, 0x00, 0x00, 0x00, 0x00, 0x00,
    0x00, 0x00, 0x00, 0x00, 0x00, 0x00, 0x00, 0x00, 0x00, 0x00, 0x00, 0x00,
    0x00, 0x00, 0x00, 0x00, 0x00, 0x00, 0x00, 0x00, 0x00, 0x00, 0x00, 0x00,
    0x5c, 0x2a, 0xff, 0x01, 0x5c, 0x2a, 0xff, 0x01, 0x5c, 0x2a, 0xff, 0x01,
    0x5c, 0x2a, 0xff, 0x01, 0x5c, 0x2a, 0xff, 0x01, 0x5c, 0x2a, 0xff, 0x01,
    0x5c, 0x2a, 0xff, 0x01, 0x5c, 0x2a, 0xff, 0x01, 0x5c, 0x2a, 0xff, 0x01,
    0x5c, 0x2a, 0xff, 0x01, 0x5c, 0x2a, 0xff, 0x01, 0x5c, 0x2a, 0xff, 0x01,
    0x5c, 0x2a, 0xff, 0x01, 0x5c, 0x2a, 0xff, 0x01, 0x5c, 0x2a, 0xff, 0x01,
    0x5c, 0x2a, 0xff, 0x01, 0x00, 0x00, 0x00, 0x00, 0x00, 0x00, 0x00, 0x00,
    0x00, 0x00, 0x00, 0x00, 0x00, 0x00, 0x00, 0x00, 0x00, 0x00, 0x00, 0x00,
    0x00, 0x00, 0x00, 0x00, 0x00, 0x00, 0x00, 0x00, 0x00, 0x00, 0x00, 0x00,
    0x00, 0x00, 0x00, 0x00, 0x00, 0x00, 0x00, 0x00, 0x00, 0x00, 0x00, 0x00,
    0x00, 0x00, 0x00, 0x00,
};
const lv_image_dsc_t launcher_icon_dap = {
    .header.magic = LV_IMAGE_HEADER_MAGIC,
    .header.cf = LV_COLOR_FORMAT_ARGB8888,
    .header.flags = 0,
    .header.w = 40,
    .header.h = 40,
    .header.stride = 160,
    .data_size = 6400,
    .data = icon_dap_data,
};

static const uint8_t icon_wave_data[6400] = {
    0x00, 0x00, 0x00, 0x00, 0x00, 0x00, 0x00, 0x00, 0x00, 0x00, 0x00, 0x00,
    0x00, 0x00, 0x00, 0x00, 0x00, 0x00, 0x00, 0x00, 0x00, 0x00, 0x00, 0x00,
    0x00, 0x00, 0x00, 0x00, 0x00, 0x00, 0x00, 0x00, 0x00, 0x00, 0x00, 0x00,
    0x00, 0x00, 0x00, 0x00, 0x00, 0x00, 0x00, 0x00, 0x00, 0x00, 0x00, 0x00,
    0x00, 0x00, 0x00, 0x00, 0x00, 0x00, 0x00, 0x00, 0x00, 0x00, 0x00, 0x00,
    0x00, 0x00, 0x00, 0x00, 0x00, 0x00, 0x00, 0x00, 0x00, 0x00, 0x00, 0x00,
    0x00, 0x00, 0x00, 0x00, 0x00, 0x00, 0x00, 0x00, 0x00, 0x00, 0x00, 0x00,
    0x00, 0x00, 0x00, 0x00, 0x00, 0x00, 0x00, 0x00, 0x00, 0x00, 0x00, 0x00,
    0x00, 0x00, 0x00, 0x00, 0x00, 0x00, 0x00, 0x00, 0x00, 0x00, 0x00, 0x00,
    0x00, 0x00, 0x00, 0x00, 0x00, 0x00, 0x00, 0x00, 0x00, 0x00, 0x00, 0x00,
    0x00, 0x00, 0x00, 0x00, 0x00, 0x00, 0x00, 0x00, 0x00, 0x00, 0x00, 0x00,
    0x00, 0x00, 0x00, 0x00, 0x00, 0x00, 0x00, 0x00, 0x00, 0x00, 0x00, 0x00,
    0x00, 0x00, 0x00, 0x00, 0x00, 0x00, 0x00, 0x00, 0x00, 0x00, 0x00, 0x00,
    0x00, 0x00, 0x00, 0x00, 0x00, 0x00, 0x00, 0x00, 0x00, 0x00, 0x00, 0x00,
    0x00, 0x00, 0x00, 0x00, 0x00, 0x00, 0x00, 0x00, 0x00, 0x00, 0x00, 0x00,
    0x00, 0x00, 0x00, 0x00, 0x00, 0x00, 0x00, 0x00, 0x00, 0x00, 0x00, 0x00,
    0x00, 0x00, 0x00, 0x00, 0x00, 0x00, 0x00, 0x00, 0x00, 0x00, 0x00, 0x00,
    0x00, 0x00, 0x00, 0x00, 0x00, 0x00, 0x00, 0x00, 0x00, 0x00, 0x00, 0x00,
    0x00, 0x00, 0x00, 0x00, 0x00, 0x00, 0x00, 0x00, 0x00, 0x00, 0x00, 0x00,
    0x00, 0x00, 0x00, 0x00, 0x00, 0x00, 0x00, 0x00, 0x00, 0x00, 0x00, 0x00,
    0x00, 0x00, 0x00, 0x00, 0x00, 0x00, 0x00, 0x00, 0x00, 0x00, 0x00, 0x00,
    0x00, 0x00, 0x00, 0x00, 0x00, 0x00, 0x00, 0x00, 0x00, 0x00, 0x00, 0x00,
    0x00, 0x00, 0x00, 0x00, 0x00, 0x00, 0x00, 0x00, 0x00, 0x00, 0x00, 0x00,
    0x00, 0x00, 0x00, 0x00, 0x00, 0x00, 0x00, 0x00, 0x00, 0x00, 0x00, 0x00,
    0x00, 0x00, 0x00, 0x00, 0x00, 0x00, 0x00, 0x00, 0x00, 0x00, 0x00, 0x00,
    0x00, 0x00, 0x00, 0x00, 0x00, 0x00, 0x00, 0x00, 0x00, 0x00, 0x00, 0x00,
    0x00, 0x00, 0x00, 0x00, 0x00, 0x00, 0x00, 0x00, 0x00, 0x00, 0x00, 0x00,
    0x00, 0x00, 0x00, 0x00, 0x00, 0x00, 0x00, 0x00, 0x00, 0x00, 0x00, 0x00,
    0x00, 0x00, 0x00, 0x00, 0x00, 0x00, 0x00, 0x00, 0x00, 0x00, 0x00, 0x00,
    0x00, 0x00, 0x00, 0x00, 0x00, 0x00, 0x00, 0x00, 0x00, 0x00, 0x00, 0x00,
    0x00, 0x00, 0x00, 0x00, 0x00, 0x00, 0x00, 0x00, 0x00, 0x00, 0x00, 0x00,
    0x00, 0x00, 0x00, 0x00, 0x00, 0x00, 0x00, 0x00, 0x00, 0x00, 0x00, 0x00,
    0x00, 0x00, 0x00, 0x00, 0x00, 0x00, 0x00, 0x00, 0x00, 0x00, 0x00, 0x00,
    0x00, 0x00, 0x00, 0x00, 0x00, 0x00, 0x00, 0x00, 0x00, 0x00, 0x00, 0x00,
    0x00, 0x00, 0x00, 0x00, 0x00, 0x00, 0x00, 0x00, 0x00, 0x00, 0x00, 0x00,
    0x00, 0x00, 0x00, 0x00, 0x00, 0x00, 0x00, 0x00, 0x00, 0x00, 0x00, 0x00,
    0x00, 0x00, 0x00, 0x00, 0x00, 0x00, 0x00, 0x00, 0x00, 0x00, 0x00, 0x00,
    0x00, 0x00, 0x00, 0x00, 0x00, 0x00, 0x00, 0x00, 0x00, 0x00, 0x00, 0x00,
    0x00, 0x00, 0x00, 0x00, 0x00, 0x00, 0x00, 0x00, 0x00, 0x00, 0x00, 0x00,
    0x00, 0x00, 0x00, 0x00, 0x00, 0x00, 0x00, 0x00, 0x00, 0x00, 0x00, 0x00,
    0x00, 0x00, 0x00, 0x00, 0x00, 0x00, 0x00, 0x00, 0x00, 0x00, 0x00, 0x00,
    0x00, 0x00, 0x00, 0x00, 0x00, 0x00, 0x00, 0x00, 0x00, 0x00, 0x00, 0x00,
    0x00, 0x00, 0x00, 0x00, 0x00, 0x00, 0x00, 0x00, 0x00, 0x00, 0x00, 0x00,
    0x00, 0x00, 0x00, 0x00, 0x00, 0x00, 0x00, 0x00, 0x00, 0x00, 0x00, 0x00,
    0x00, 0x00, 0x00, 0x00, 0x00, 0x00, 0x00, 0x00, 0x00, 0x00, 0x00, 0x00,
    0x00, 0x00, 0x00, 0x00, 0x00, 0x00, 0x00, 0x00, 0x00, 0x00, 0x00, 0x00,
    0x00, 0x00, 0x00, 0x00, 0x00, 0x00, 0x00, 0x00, 0x00, 0x00, 0x00, 0x00,
    0x00, 0x00, 0x00, 0x00, 0x00, 0x00, 0x00, 0x00, 0x00, 0x00, 0x00, 0x00,
    0x00, 0x00, 0x00, 0x00, 0x00, 0x00, 0x00, 0x00, 0x00, 0x00, 0x00, 0x00,
    0x00, 0x00, 0x00, 0x00, 0x00, 0x00, 0x00, 0x00, 0x00, 0x00, 0x00, 0x00,
    0x00, 0x00, 0x00, 0x00, 0x00, 0x00, 0x00, 0x00, 0x00, 0x00, 0x00, 0x00,
    0x00, 0x00, 0x00, 0x00, 0x00, 0x00, 0x00, 0x00, 0x00, 0x00, 0x00, 0x00,
    0x00, 0x00, 0x00, 0x00, 0x00, 0x00, 0x00, 0x00, 0x00, 0x00, 0x00, 0x00,
    0x00, 0x00, 0x00, 0x00, 0x00, 0x00, 0x00, 0x00, 0x00, 0x00, 0x00, 0x00,
    0x00, 0x00, 0x00, 0x00, 0x00, 0x00, 0x00, 0x00, 0x00, 0x00, 0x00, 0x00,
    0x00, 0x00, 0x00, 0x00, 0x00, 0x00, 0x00, 0x00, 0x00, 0x00, 0x00, 0x00,
    0x00, 0x00, 0x00, 0x00, 0x00, 0x00, 0x00, 0x00, 0x00, 0x00, 0x00, 0x00,
    0x00, 0x00, 0x00, 0x00, 0x00, 0x00, 0x00, 0x00, 0x00, 0x00, 0x00, 0x00,
    0x00, 0x00, 0x00, 0x00, 0x00, 0x00, 0x00, 0x00, 0x00, 0x00, 0x00, 0x00,
    0x00, 0x00, 0x00, 0x00, 0x00, 0x00, 0x00, 0x00, 0x00, 0x00, 0x00, 0x00,
    0x00, 0x00, 0x00, 0x00, 0x00, 0x00, 0x00, 0x00, 0x00, 0x00, 0x00, 0x00,
    0x00, 0x00, 0x00, 0x00, 0x00, 0x00, 0x00, 0x00, 0x00, 0x00, 0x00, 0x00,
    0x00, 0x00, 0x00, 0x00, 0x00, 0x00, 0x00, 0x00, 0x00, 0x00, 0x00, 0x00,
    0x00, 0x00, 0x00, 0x00, 0x00, 0x00, 0x00, 0x00, 0x00, 0x00, 0x00, 0x00,
    0x00, 0x00, 0x00, 0x00, 0x00, 0x00, 0x00, 0x00, 0x00, 0x00, 0x00, 0x00,
    0x00, 0x00, 0x00, 0x00, 0x00, 0x00, 0x00, 0x00, 0x00, 0x00, 0x00, 0x00,
    0x00, 0x00, 0x00, 0x00, 0x00, 0x00, 0x00, 0x00, 0x00, 0x00, 0x00, 0x00,
    0x00, 0x00, 0x00, 0x00, 0x00, 0x00, 0x00, 0x00, 0x00, 0x00, 0x00, 0x00,
    0x00, 0x00, 0x00, 0x00, 0x00, 0x00, 0x00, 0x00, 0x00, 0x00, 0x00, 0x00,
    0x00, 0x00, 0x00, 0x00, 0x00, 0x00, 0x00, 0x00, 0x00, 0x00, 0x00, 0x00,
    0x00, 0x00, 0x00, 0x00, 0x00, 0x00, 0x00, 0x00, 0x00, 0x00, 0x00, 0x00,
    0x00, 0x00, 0x00, 0x00, 0x00, 0x00, 0x00, 0x00, 0x00, 0x00, 0x00, 0x00,
    0x00, 0x00, 0x00, 0x00, 0x00, 0x00, 0x00, 0x00, 0x00, 0x00, 0x00, 0x00,
    0x00, 0x00, 0x00, 0x00, 0x00, 0x00, 0x00, 0x00, 0x00, 0x00, 0x00, 0x00,
    0x00, 0x00, 0x00, 0x00, 0x00, 0x00, 0x00, 0x00, 0x00, 0x00, 0x00, 0x00,
    0x00, 0x00, 0x00, 0x00, 0x00, 0x00, 0x00, 0x00, 0x00, 0x00, 0x00, 0x00,
    0x00, 0x00, 0x00, 0x00, 0x00, 0x00, 0x00, 0x00, 0x00, 0x00, 0x00, 0x00,
    0x00, 0x00, 0x00, 0x00, 0x00, 0x00, 0x00, 0x00, 0x00, 0x00, 0x00, 0x00,
    0x00, 0x00, 0x00, 0x00, 0x00, 0x00, 0x00, 0x00, 0x00, 0x00, 0x00, 0x00,
    0x00, 0x00, 0x00, 0x00, 0x00, 0x00, 0x00, 0x00, 0x00, 0x00, 0x00, 0x00,
    0x00, 0x00, 0x00, 0x00, 0x00, 0x00, 0x00, 0x00, 0x00, 0x00, 0x00, 0x00,
    0x00, 0x00, 0x00, 0x00, 0x00, 0x00, 0x00, 0x00, 0x00, 0x00, 0x00, 0x00,
    0x00, 0x00, 0x00, 0x00, 0x00, 0x00, 0x00, 0x00, 0x00, 0x00, 0x00, 0x00,
    0xe5, 0x00, 0xff, 0x01, 0xe5, 0x00, 0xff, 0x01, 0xe5, 0x00, 0xff, 0x01,
    0xe5, 0x00, 0xff, 0x01, 0x00, 0x00, 0x00, 0x00, 0x00, 0x00, 0x00, 0x00,
    0x00, 0x00, 0x00, 0x00, 0x00, 0x00, 0x00, 0x00, 0x00, 0x00, 0x00, 0x00,
    0x00, 0x00, 0x00, 0x00, 0x00, 0x00, 0x00, 0x00, 0x00, 0x00, 0x00, 0x00,
    0x00, 0x00, 0x00, 0x00, 0x00, 0x00, 0x00, 0x00, 0x00, 0x00, 0x00, 0x00,
    0x00, 0x00, 0x00, 0x00, 0x00, 0x00, 0x00, 0x00, 0x00, 0x00, 0x00, 0x00,
    0xe5, 0x00, 0xff, 0x01, 0xe5, 0x00, 0xff, 0x01, 0xe5, 0x00, 0xff, 0x01,
    0xe5, 0x00, 0xff, 0x01, 0x00, 0x00, 0x00, 0x00, 0x00, 0x00, 0x00, 0x00,
    0x00, 0x00, 0x00, 0x00, 0x00, 0x00, 0x00, 0x00, 0x00, 0x00, 0x00, 0x00,
    0x00, 0x00, 0x00, 0x00, 0x00, 0x00, 0x00, 0x00, 0x00, 0x00, 0x00, 0x00,
    0x00, 0x00, 0x00, 0x00, 0x00, 0x00, 0x00, 0x00, 0x00, 0x00, 0x00, 0x00,
    0x00, 0x00, 0x00, 0x00, 0x00, 0x00, 0x00, 0x00, 0x00, 0x00, 0x00, 0x00,
    0x00, 0x00, 0x00, 0x00, 0xe5, 0x00, 0xff, 0x01, 0xe5, 0x00, 0xff, 0x02,
    0xe5, 0x00, 0xff, 0x03, 0xe5, 0x00, 0xff, 0x05, 0xe5, 0x00, 0xff, 0x05,
    0xe5, 0x00, 0xff, 0x05, 0xe5, 0x00, 0xff, 0x05, 0xe5, 0x00, 0xff, 0x03,
    0xe5, 0x00, 0xff, 0x02, 0xe5, 0x00, 0xff, 0x01, 0x00, 0x00, 0x00, 0x00,
    0x00, 0x00, 0x00, 0x00, 0x00, 0x00, 0x00, 0x00, 0x00, 0x00, 0x00, 0x00,
    0x00, 0x00, 0x00, 0x00, 0x00, 0x00, 0x00, 0x00, 0x00, 0x00, 0x00, 0x00,
    0x00, 0x00, 0x00, 0x00, 0xe5, 0x00, 0xff, 0x01, 0xe5, 0x00, 0xff, 0x02,
    0xe5, 0x00, 0xff, 0x03, 0xe5, 0x00, 0xff, 0x05, 0xe5, 0x00, 0xff, 0x05,
    0xe5, 0x00, 0xff, 0x05, 0xe5, 0x00, 0xff, 0x05, 0xe5, 0x00, 0xff, 0x03,
    0xe5, 0x00, 0xff, 0x02, 0xe5, 0x00, 0xff, 0x01, 0x00, 0x00, 0x00, 0x00,
    0x00, 0x00, 0x00, 0x00, 0x00, 0x00, 0x00, 0x00, 0x00, 0x00, 0x00, 0x00,
    0x00, 0x00, 0x00, 0x00, 0x00, 0x00, 0x00, 0x00, 0x00, 0x00, 0x00, 0x00,
    0x00, 0x00, 0x00, 0x00, 0x00, 0x00, 0x00, 0x00, 0x00, 0x00, 0x00, 0x00,
    0x00, 0x00, 0x00, 0x00, 0xe5, 0x00, 0xff, 0x01, 0xe5, 0x00, 0xff, 0x03,
    0xe5, 0x00, 0xff, 0x07, 0xe5, 0x00, 0xff, 0x0b, 0xe5, 0x00, 0xff, 0x0e,
    0xe5, 0x00, 0xff, 0x11, 0xe5, 0x00, 0xff, 0x10, 0xe5, 0x00, 0xff, 0x0e,
    0xe5, 0x00, 0xff, 0x0a, 0xe5, 0x00, 0xff, 0x06, 0xe5, 0x00, 0xff, 0x03,
    0xe5, 0x00, 0xff, 0x01, 0x00, 0x00, 0x00, 0x00, 0x00, 0x00, 0x00, 0x00,
    0x00, 0x00, 0x00, 0x00, 0x00, 0x00, 0x00, 0x00, 0x00, 0x00, 0x00, 0x00,
    0x00, 0x00, 0x00, 0x00, 0xe5, 0x00, 0xff, 0x01, 0xe5, 0x00, 0xff, 0x03,
    0xe5, 0x00, 0xff, 0x06, 0xe5, 0x00, 0xff, 0x0a, 0xe5, 0x00, 0xff, 0x0e,
    0xe5, 0x00, 0xff, 0x10, 0xe5, 0x00, 0xff, 0x11, 0xe5, 0x00, 0xff, 0x0e,
    0xe5, 0x00, 0xff, 0x0b, 0xe5, 0x00, 0xff, 0x07, 0xe5, 0x00, 0xff, 0x03,
    0xe5, 0x00, 0xff, 0x01, 0x00, 0x00, 0x00, 0x00, 0x00, 0x00, 0x00, 0x00,
    0x00, 0x00, 0x00, 0x00, 0x00, 0x00, 0x00, 0x00, 0x00, 0x00, 0x00, 0x00,
    0x00, 0x00, 0x00, 0x00, 0x00, 0x00, 0x00, 0x00, 0x00, 0x00, 0x00, 0x00,
    0x00, 0x00, 0x00, 0x00, 0xe5, 0x00, 0xff, 0x01, 0xe5, 0x00, 0xff, 0x04,
    0xe5, 0x00, 0xff, 0x09, 0xe3, 0x00, 0xfd, 0x12, 0xe6, 0x00, 0xff, 0x20,
    0xe4, 0x00, 0xfd, 0x30, 0xe4, 0x00, 0xfe, 0x38, 0xe4, 0x00, 0xfe, 0x38,
    0xe4, 0x00, 0xfe, 0x2f, 0xe6, 0x00, 0xff, 0x1f, 0xe3, 0x00, 0xfd, 0x11,
    0xe5, 0x00, 0xff, 0x08, 0xe5, 0x00, 0xff, 0x03, 0xe5, 0x00, 0xff, 0x01,
    0x00, 0x00, 0x00, 0x00, 0x00, 0x00, 0x00, 0x00, 0x00, 0x00, 0x00, 0x00,
    0x00, 0x00, 0x00, 0x00, 0xe5, 0x00, 0xff, 0x01, 0xe5, 0x00, 0xff, 0x03,
    0xe5, 0x00, 0xff, 0x08, 0xe3, 0x00, 0xfd, 0x11, 0xe6, 0x00, 0xff, 0x1f,
    0xe4, 0x00, 0xfe, 0x2f, 0xe4, 0x00, 0xfe, 0x38, 0xe4, 0x00, 0xfe, 0x38,
    0xe4, 0x00, 0xfd, 0x30, 0xe6, 0x00, 0xff, 0x20, 0xe3, 0x00, 0xfd, 0x12,
    0xe5, 0x00, 0xff, 0x09, 0xe5, 0x00, 0xff, 0x04, 0xe5, 0x00, 0xff, 0x01,
    0x00, 0x00, 0x00, 0x00, 0x00, 0x00, 0x00, 0x00, 0x00, 0x00, 0x00, 0x00,
    0x00, 0x00, 0x00, 0x00, 0x00, 0x00, 0x00, 0x00, 0x00, 0x00, 0x00, 0x00,
    0x00, 0x00, 0x00, 0x00, 0xe5, 0x00, 0xff, 0x01, 0xe5, 0x00, 0xff, 0x04,
    0xe5, 0x00, 0xff, 0x09, 0xe3, 0x00, 0xfd, 0x15, 0xe6, 0x00, 0xff, 0x2c,
    0xe4, 0x00, 0xfe, 0x4b, 0xe5, 0x00, 0xff, 0x66, 0xe4, 0x00, 0xfe, 0x77,
    0xe4, 0x00, 0xfe, 0x76, 0xe5, 0x00, 0xff, 0x65, 0xe5, 0x00, 0xff, 0x49,
    0xe7, 0x00, 0xff, 0x29, 0xe3, 0x00, 0xfd, 0x12, 0xe5, 0x00, 0xff, 0x07,
    0xe5, 0x00, 0xff, 0x02, 0x00, 0x00, 0x00, 0x00, 0x00, 0x00, 0x00, 0x00,
    0x00, 0x00, 0x00, 0x00, 0x00, 0x00, 0x00, 0x00, 0xe5, 0x00, 0xff, 0x02,
    0xe5, 0x00, 0xff, 0x07, 0xe3, 0x00, 0xfd, 0x12, 0xe7, 0x00, 0xff, 0x29,
    0xe5, 0x00, 0xff, 0x49, 0xe5, 0x00, 0xff, 0x65, 0xe4, 0x00, 0xfe, 0x76,
    0xe4, 0x00, 0xfe, 0x77, 0xe5, 0x00, 0xff, 0x66, 0xe4, 0x00, 0xfe, 0x4b,
    0xe6, 0x00, 0xff, 0x2c, 0xe3, 0x00, 0xfd, 0x15, 0xe5, 0x00, 0xff, 0x09,
    0xe5, 0x00, 0xff, 0x04, 0xe5, 0x00, 0xff, 0x01, 0x00, 0x00, 0x00, 0x00,
    0x00, 0x00, 0x00, 0x00, 0x00, 0x00, 0x00, 0x00, 0x00, 0x00, 0x00, 0x00,
    0x00, 0x00, 0x00, 0x00, 0x00, 0x00, 0x00, 0x00, 0xe5, 0x00, 0xff, 0x02,
    0xe5, 0x00, 0xff, 0x08, 0xe3, 0x00, 0xfd, 0x14, 0xe5, 0x00, 0xff, 0x2d,
    0xe5, 0x00, 0xff, 0x56, 0xe4, 0x00, 0xfe, 0x84, 0xe5, 0x00, 0xff, 0xff,
    0xe5, 0x00, 0xff, 0xff, 0xe5, 0x00, 0xff, 0xff, 0xe5, 0x00, 0xff, 0xff,
    0xe5, 0x00, 0xff, 0x7c, 0xe3, 0x00, 0xfd, 0x4c, 0xe5, 0x00, 0xff, 0x23,
    0xe5, 0x00, 0xff, 0x0e, 0xe5, 0x00, 0xff, 0x05, 0xe5, 0x00, 0xff, 0x01,
    0x00, 0x00, 0x00, 0x00, 0x00, 0x00, 0x00, 0x00, 0xe5, 0x00, 0xff, 0x01,
    0xe5, 0x00, 0xff, 0x05, 0xe5, 0x00, 0xff, 0x0e, 0xe5, 0x00, 0xff, 0x23,
    0xe3, 0x00, 0xfd, 0x4c, 0xe5, 0x00, 0xff, 0x7c, 0xe5, 0x00, 0xff, 0xff,
    0xe5, 0x00, 0xff, 0xff, 0xe5, 0x00, 0xff, 0xff, 0xe5, 0x00, 0xff, 0xff,
    0xe4, 0x00, 0xfe, 0x84, 0xe5, 0x00, 0xff, 0x56, 0xe5, 0x00, 0xff, 0x2d,
    0xe3, 0x00, 0xfd, 0x14, 0xe5, 0x00, 0xff, 0x08, 0xe5, 0x00, 0xff, 0x02,
    0x00, 0x00, 0x00, 0x00, 0x00, 0x00, 0x00, 0x00, 0x00, 0x00, 0x00, 0x00,
    0x00, 0x00, 0x00, 0x00, 0x00, 0x00, 0x00, 0x00, 0xe5, 0x00, 0xff, 0x01,
    0xe5, 0x00, 0xff, 0x05, 0xe5, 0x00, 0xff, 0x0d, 0xe5, 0x00, 0xff, 0x23,
    0xe5, 0x00, 0xff, 0x4d, 0xe5, 0x00, 0xff, 0x84, 0xe5, 0x00, 0xff, 0xff,
    0xe5, 0x00, 0xff, 0xff, 0xe5, 0x00, 0xff, 0xff, 0xe5, 0x00, 0xff, 0xff,
    0xe5, 0x00, 0xff, 0xff, 0xe5, 0x00, 0xff, 0xff, 0xe4, 0x00, 0xfe, 0x74,
    0xe6, 0x00, 0xff, 0x3c, 0xe3, 0x00, 0xfd, 0x18, 0xe5, 0x00, 0xff, 0x09,
    0xe5, 0x00, 0xff, 0x03, 0x00, 0x00, 0x00, 0x00, 0x00, 0x00, 0x00, 0x00,
    0xe5, 0x00, 0xff, 0x03, 0xe5, 0x00, 0xff, 0x09, 0xe3, 0x00, 0xfd, 0x18,
    0xe6, 0x00, 0xff, 0x3c, 0xe4, 0x00, 0xfe, 0x74, 0xe5, 0x00, 0xff, 0xff,
    0xe5, 0x00, 0xff, 0xff, 0xe5, 0x00, 0xff, 0xff, 0xe5, 0x00, 0xff, 0xff,
    0xe5, 0x00, 0xff, 0xff, 0xe5, 0x00, 0xff, 0xff, 0xe5, 0x00, 0xff, 0x84,
    0xe5, 0x00, 0xff, 0x4d, 0xe5, 0x00, 0xff, 0x24, 0xe5, 0x00, 0xff, 0x0e,
    0xe5, 0x00, 0xff, 0x05, 0xe5, 0x00, 0xff, 0x01, 0x00, 0x00, 0x00, 0x00,
    0x00, 0x00, 0x00, 0x00, 0x00, 0x00, 0x00, 0x00, 0x00, 0x00, 0x00, 0x00,
    0xe5, 0x00, 0xff, 0x02, 0xe5, 0x00, 0xff, 0x08, 0xe3, 0x00, 0xfd, 0x17,
    0xe6, 0x00, 0xff, 0x3b, 0xe5, 0x00, 0xff, 0x72, 0xe5, 0x00, 0xff, 0xff,
    0xe5, 0x00, 0xff, 0xff, 0xe5, 0x00, 0xff, 0xff, 0xe5, 0x00, 0xff, 0xff,
    0xe5, 0x00, 0xff, 0xff, 0xe5, 0x00, 0xff, 0xff, 0xe5, 0x00, 0xff, 0xff,
    0xe4, 0x00, 0xfe, 0x96, 0xe5, 0x00, 0xff, 0x58, 0xe4, 0x00, 0xfe, 0x27,
    0xe5, 0x00, 0xff, 0x0f, 0xe5, 0x00, 0xff, 0x05, 0xe5, 0x00, 0xff, 0x01,
    0xe5, 0x00, 0xff, 0x01, 0xe5, 0x00, 0xff, 0x05, 0xe5, 0x00, 0xff, 0x0f,
    0xe4, 0x00, 0xfe, 0x27, 0xe5, 0x00, 0xff, 0x58, 0xe4, 0x00, 0xfe, 0x96,
    0xe5, 0x00, 0xff, 0xff, 0xe5, 0x00, 0xff, 0xff, 0xe5, 0x00, 0xff, 0xff,
    0xe5, 0x00, 0xff, 0xff, 0xe5, 0x00, 0xff, 0xff, 0xe5, 0x00, 0xff, 0xff,
    0xe5, 0x00, 0xff, 0xff, 0xe4, 0x00, 0xfe, 0x74, 0xe6, 0x00, 0xff, 0x3c,
    0xe3, 0x00, 0xfd, 0x18, 0xe5, 0x00, 0xff, 0x09, 0xe5, 0x00, 0xff, 0x03,
    0x00, 0x00, 0x00, 0x00, 0x00, 0x00, 0x00, 0x00, 0x00, 0x00, 0x00, 0x00,
    0x00, 0x00, 0x00, 0x00, 0xe5, 0x00, 0xff, 0x04, 0xe5, 0x00, 0xff, 0x0c,
    0xe5, 0x00, 0xff, 0x23, 0xe5, 0x00, 0xff, 0x53, 0xe4, 0x00, 0xfe, 0x92,
    0xe5, 0x00, 0xff, 0xff, 0xe5, 0x00, 0xff, 0xff, 0xe5, 0x00, 0xff, 0xff,
    0xe5, 0x00, 0xff, 0xca, 0xe5, 0x00, 0xff, 0xff, 0xe5, 0x00, 0xff, 0xff,
    0xe5, 0x00, 0xff, 0xff, 0xe5, 0x00, 0xff, 0xff, 0xe4, 0x00, 0xfe, 0x7a,
    0xe5, 0x00, 0xff, 0x3e, 0xe3, 0x00, 0xfd, 0x18, 0xe5, 0x00, 0xff, 0x09,
    0xe5, 0x00, 0xff, 0x03, 0xe5, 0x00, 0xff, 0x03, 0xe5, 0x00, 0xff, 0x09,
    0xe3, 0x00, 0xfd, 0x18, 0xe5, 0x00, 0xff, 0x3e, 0xe4, 0x00, 0xfe, 0x7a,
    0xe5, 0x00, 0xff, 0xff, 0xe5, 0x00, 0xff, 0xff, 0xe5, 0x00, 0xff, 0xff,
    0xe5, 0x00, 0xff, 0xff, 0xe5, 0x00, 0xff, 0xca, 0xe5, 0x00, 0xff, 0xff,
    0xe5, 0x00, 0xff, 0xff, 0xe5, 0x00, 0xff, 0xff, 0xe5, 0x00, 0xff, 0x94,
    0xe5, 0x00, 0xff, 0x57, 0xe4, 0x00, 0xfe, 0x27, 0xe5, 0x00, 0xff, 0x0f,
    0xe5, 0x00, 0xff, 0x05, 0xe5, 0x00, 0xff, 0x01, 0x00, 0x00, 0x00, 0x00,
    0x00, 0x00, 0x00, 0x00, 0xe5, 0x00, 0xff, 0x01, 0xe5, 0x00, 0xff, 0x05,
    0xe5, 0x00, 0xff, 0x10, 0xe3, 0x00, 0xfd, 0x32, 0xe4, 0x00, 0xfe, 0x6a,
    0xe5, 0x00, 0xff, 0xff, 0xe5, 0x00, 0xff, 0xff, 0xe5, 0x00, 0xff, 0xff,
    0xe5, 0x00, 0xff, 0xb4, 0xe5, 0x00, 0xff, 0xa6, 0xe4, 0x00, 0xfe, 0xb3,
    0xe5, 0x00, 0xff, 0xff, 0xe5, 0x00, 0xff, 0xff, 0xe5, 0x00, 0xff, 0xff,
    0xe4, 0x00, 0xfe, 0x96, 0xe6, 0x00, 0xff, 0x56, 0xe5, 0x00, 0xff, 0x25,
    0xe5, 0x00, 0xff, 0x0d, 0xe5, 0x00, 0xff, 0x05, 0xe5, 0x00, 0xff, 0x05,
    0xe5, 0x00, 0xff, 0x0d, 0xe5, 0x00, 0xff, 0x25, 0xe6, 0x00, 0xff, 0x56,
    0xe4, 0x00, 0xfe, 0x96, 0xe5, 0x00, 0xff, 0xff, 0xe5, 0x00, 0xff, 0xff,
    0xe5, 0x00, 0xff, 0xff, 0xe4, 0x00, 0xfe, 0xb3, 0xe5, 0x00, 0xff, 0xa6,
    0xe4, 0x00, 0xfe, 0xb5, 0xe5, 0x00, 0xff, 0xff, 0xe5, 0x00, 0xff, 0xff,
    0xe5, 0x00, 0xff, 0xff, 0xe5, 0x00, 0xff, 0x78, 0xe6, 0x00, 0xff, 0x3d,
    0xe3, 0x00, 0xfd, 0x18, 0xe5, 0x00, 0xff, 0x08, 0xe5, 0x00, 0xff, 0x02,
    0x00, 0x00, 0x00, 0x00, 0x00, 0x00, 0x00, 0x00, 0xe5, 0x00, 0xff, 0x01,
    0xe5, 0x00, 0xff, 0x06, 0xe5, 0x00, 0xff, 0x12, 0xe3, 0x00, 0xfd, 0x3a,
    0xe4, 0x00, 0xfe, 0x76, 0xe5, 0x00, 0xff, 0xff, 0xe5, 0x00, 0xff, 0xff,
    0xe5, 0x00, 0xff, 0xff, 0xe4, 0x00, 0xfe, 0x96, 0xe4, 0x00, 0xfe, 0x80,
    0xe5, 0x00, 0xff, 0x8f, 0xe5, 0x00, 0xff, 0xff, 0xe5, 0x00, 0xff, 0xff,
    0xe5, 0x00, 0xff, 0xff, 0xe5, 0x00, 0xff, 0xff, 0xe5, 0x00, 0xff, 0x6f,
    0xe6, 0x00, 0xff, 0x36, 0xe5, 0x00, 0xff, 0x13, 0xe5, 0x00, 0xff, 0x09,
    0xe5, 0x00, 0xff, 0x09, 0xe5, 0x00, 0xff, 0x13, 0xe6, 0x00, 0xff, 0x36,
    0xe5, 0x00, 0xff, 0x6f, 0xe5, 0x00, 0xff, 0xff, 0xe5, 0x00, 0xff, 0xff,
    0xe5, 0x00, 0xff, 0xff, 0xe5, 0x00, 0xff, 0xff, 0xe5, 0x00, 0xff, 0x8f,
    0xe4, 0x00, 0xfe, 0x80, 0xe5, 0x00, 0xff, 0x97, 0xe5, 0x00, 0xff, 0xff,
    0xe5, 0x00, 0xff, 0xff, 0xe5, 0x00, 0xff, 0xff, 0xe5, 0x00, 0xff, 0x93,
    0xe4, 0x00, 0xfe, 0x54, 0xe5, 0x00, 0xff, 0x24, 0xe5, 0x00, 0xff, 0x0c,
    0xe5, 0x00, 0xff, 0x04, 0xe5, 0x00, 0xff, 0x01, 0x00, 0x00, 0x00, 0x00,
    0xe5, 0x00, 0xff, 0x01, 0xe5, 0x00, 0xff, 0x07, 0xe5, 0x00, 0xff, 0x13,
    0xe5, 0x00, 0xff, 0x3c, 0xf2, 0x85, 0xff, 0xff, 0xe5, 0x00, 0xff, 0xff,
    0xe5, 0x00, 0xff, 0xff, 0xe5, 0x00, 0xff, 0xff, 0xe5, 0x00, 0xff, 0x78,
    0xe4, 0x00, 0xfe, 0x5b, 0xe4, 0x00, 0xfe, 0x6a, 0xe4, 0x00, 0xfe, 0x9c,
    0xe5, 0x00, 0xff, 0xff, 0xe5, 0x00, 0xff, 0xff, 0xe5, 0x00, 0xff, 0xff,
    0xe4, 0x00, 0xfe, 0x86, 0xe3, 0x00, 0xfd, 0x49, 0xe3, 0x00, 0xfd, 0x1d,
    0xe5, 0x00, 0xff, 0x0e, 0xe5, 0x00, 0xff, 0x0e, 0xe3, 0x00, 0xfd, 0x1d,
    0xe3, 0x00, 0xfd, 0x49, 0xe4, 0x00, 0xfe, 0x86, 0xe5, 0x00, 0xff, 0xff,
    0xe5, 0x00, 0xff, 0xff, 0xe5, 0x00, 0xff, 0xff, 0xe4, 0x00, 0xfe, 0x9c,
    0xe4, 0x00, 0xfe, 0x6a, 0xe4, 0x00, 0xfe, 0x5c, 0xe4, 0x00, 0xfe, 0x7b,
    0xe5, 0x00, 0xff, 0xff, 0xe5, 0x00, 0xff, 0xff, 0xe5, 0x00, 0xff, 0xff,
    0xe5, 0x00, 0xff, 0xff, 0xe5, 0x00, 0xff, 0x69, 0xe3, 0x00, 0xfd, 0x31,
    0xe5, 0x00, 0xff, 0x0f, 0xe5, 0x00, 0xff, 0x05, 0xe5, 0x00, 0xff, 0x01,
    0x00, 0x00, 0x00, 0x00, 0xe5, 0x00, 0xff, 0x01, 0xe5, 0x00, 0xff, 0x06,
    0xe5, 0x00, 0xff, 0x12, 0xe6, 0x00, 0xff, 0x39, 0xf3, 0x8c, 0xff, 0xff,
    0xe5, 0x00, 0xff, 0xff, 0xe5, 0x00, 0xff, 0xff, 0xe4, 0x00, 0xfe, 0x8e,
    0xe4, 0x00, 0xfe, 0x5a, 0xe3, 0x00, 0xfd, 0x3e, 0xe4, 0x00, 0xfe, 0x4d,
    0xe4, 0x00, 0xfe, 0x7e, 0xe5, 0x00, 0xff, 0xff, 0xe5, 0x00, 0xff, 0xff,
    0xe5, 0x00, 0xff, 0xff, 0xe5, 0x00, 0xff, 0x9c, 0xe4, 0x00, 0xfe, 0x5e,
    0xe4, 0x00, 0xfe, 0x2b, 0xe5, 0x00, 0xff, 0x16, 0xe5, 0x00, 0xff, 0x16,
    0xe4, 0x00, 0xfe, 0x2b, 0xe4, 0x00, 0xfe, 0x5e, 0xe5, 0x00, 0xff, 0x9c,
    0xe5, 0x00, 0xff, 0xff, 0xe5, 0x00, 0xff, 0xff, 0xe5, 0x00, 0xff, 0xff,
    0xe4, 0x00, 0xfe, 0x7e, 0xe4, 0x00, 0xfe, 0x4d, 0xe3, 0x00, 0xfd, 0x3f,
    0xe5, 0x00, 0xff, 0x5d, 0xe4, 0x00, 0xfe, 0x94, 0xe5, 0x00, 0xff, 0xff,
    0xe5, 0x00, 0xff, 0xff, 0xe5, 0x00, 0xff, 0xff, 0xe5, 0x00, 0xff, 0x72,
    0xe4, 0x00, 0xfe, 0x36, 0xe5, 0x00, 0xff, 0x10, 0xe5, 0x00, 0xff, 0x05,
    0xe5, 0x00, 0xff, 0x02, 0x00, 0x00, 0x00, 0x00, 0xe5, 0x00, 0xff, 0x01,
    0xe5, 0x00, 0xff, 0x05, 0xe5, 0x00, 0xff, 0x0f, 0xe6, 0x00, 0xff, 0x31,
    0xf4, 0x9d, 0xff, 0xff, 0xe5, 0x00, 0xff, 0xff, 0xe5, 0x00, 0xff, 0xff,
    0xe5, 0x00, 0xff, 0x69, 0xe6, 0x00, 0xff, 0x3c, 0xe3, 0x00, 0xfd, 0x26,
    0xe3, 0x00, 0xfd, 0x33, 0xe5, 0x00, 0xff, 0x60, 0xe4, 0x00, 0xfe, 0x9d,
    0xe5, 0x00, 0xff, 0xff, 0xe5, 0x00, 0xff, 0xff, 0xe5, 0x00, 0xff, 0xff,
    0xe5, 0x00, 0xff, 0x7a, 0xe4, 0x00, 0xfe, 0x42, 0xe3, 0x00, 0xfd, 0x22,
    0xe3, 0x00, 0xfd, 0x22, 0xe4, 0x00, 0xfe, 0x42, 0xe5, 0x00, 0xff, 0x7a,
    0xe5, 0x00, 0xff, 0xff, 0xe5, 0x00, 0xff, 0xff, 0xe5, 0x00, 0xff, 0xff,
    0xe4, 0x00, 0xfe, 0x9d, 0xe5, 0x00, 0xff, 0x60, 0xe3, 0x00, 0xfd, 0x33,
    0xe3, 0x00, 0xfd, 0x28, 0xe5, 0x00, 0xff, 0x40, 0xe4, 0x00, 0xfe, 0x71,
    0xe5, 0x00, 0xff, 0xff, 0xe5, 0x00, 0xff, 0xff, 0xe5, 0x00, 0xff, 0xff,
    0xe5, 0x00, 0xff, 0x6c, 0xe5, 0x00, 0xff, 0x34, 0xe5, 0x00, 0xff, 0x0f,
    0xe5, 0x00, 0xff, 0x05, 0xe5, 0x00, 0xff, 0x02, 0x00, 0x00, 0x00, 0x00,
    0xe5, 0x00, 0xff, 0x01, 0xe5, 0x00, 0xff, 0x04, 0xe5, 0x00, 0xff, 0x0b,
    0xe2, 0x00, 0xfb, 0x26, 0xf7, 0xb8, 0xff, 0xff, 0xe5, 0x00, 0xff, 0xff,
    0xe5, 0x00, 0xff, 0x5c, 0xe5, 0x00, 0xff, 0x41, 0xe6, 0x00, 0xff, 0x22,
    0xe5, 0x00, 0xff, 0x17, 0xe3, 0x00, 0xfd, 0x21, 0xe5, 0x00, 0xff, 0x4a,
    0xe5, 0x00, 0xff, 0x86, 0xe5, 0x00, 0xff, 0xff, 0xe5, 0x00, 0xff, 0xff,
    0xe5, 0x00, 0xff, 0xff, 0xe5, 0x00, 0xff, 0x96, 0xe4, 0x00, 0xfe, 0x5b,
    0xe3, 0x00, 0xfc, 0x34, 0xe3, 0x00, 0xfc, 0x34, 0xe4, 0x00, 0xfe, 0x5b,
    0xe5, 0x00, 0xff, 0x96, 0xe5, 0x00, 0xff, 0xff, 0xe5, 0x00, 0xff, 0xff,
    0xe5, 0x00, 0xff, 0xff, 0xe5, 0x00, 0xff, 0x86, 0xe5, 0x00, 0xff, 0x4a,
    0xe3, 0x00, 0xfd, 0x22, 0xe5, 0x00, 0xff, 0x18, 0xe5, 0x00, 0xff, 0x25,
    0xe5, 0x00, 0xff, 0x48, 0xe4, 0x00, 0xfe, 0x75, 0xe5, 0x00, 0xff, 0xff,
    0xe5, 0x00, 0xff, 0xff, 0xe6, 0x00, 0xff, 0x55, 0xe6, 0x00, 0xff, 0x29,
    0xe5, 0x00, 0xff, 0x0c, 0xe5, 0x00, 0xff, 0x04, 0xe5, 0x00, 0xff, 0x01,
    0x00, 0x00, 0x00, 0x00, 0x00, 0x00, 0x00, 0x00, 0xe5, 0x00, 0xff, 0x02,
    0xe5, 0x00, 0xff, 0x07, 0xe0, 0x00, 0xf9, 0x16, 0xe7, 0x00, 0xff, 0x26,
    0xe4, 0x00, 0xfe, 0x36, 0xe7, 0x00, 0xff, 0x30, 0xe3, 0x00, 0xfd, 0x22,
    0xe3, 0x00, 0xfd, 0x11, 0xe5, 0x00, 0xff, 0x0e, 0xe5, 0x00, 0xff, 0x16,
    0xe5, 0x00, 0xff, 0x38, 0xe4, 0x00, 0xfe, 0x71, 0xe5, 0x00, 0xff, 0xff,
    0xe5, 0x00, 0xff, 0xff, 0xe5, 0x00, 0xff, 0xff, 0xe5, 0x00, 0xff, 0xff,
    0xe5, 0x00, 0xff, 0x75, 0xe5, 0x00, 0xff, 0x49, 0xe5, 0x00, 0xff, 0x49,
    0xe5, 0x00, 0xff, 0x75, 0xe5, 0x00, 0xff, 0xff, 0xe5, 0x00, 0xff, 0xff,
    0xe5, 0x00, 0xff, 0xff, 0xe5, 0x00, 0xff, 0xff, 0xe4, 0x00, 0xfe, 0x71,
    0xe5, 0x00, 0xff, 0x38, 0xe5, 0x00, 0xff, 0x16, 0xe5, 0x00, 0xff, 0x0f,
    0xe3, 0x00, 0xfd, 0x14, 0xe2, 0x00, 0xfb, 0x28, 0xe5, 0x00, 0xff, 0x41,
    0xe5, 0x00, 0xff, 0x51, 0xe5, 0x00, 0xff, 0x4c, 0xe5, 0x00, 0xff, 0x33,
    0xe9, 0x00, 0xff, 0x19, 0xe5, 0x00, 0xff, 0x08, 0xe5, 0x00, 0xff, 0x03,
    0xe5, 0x00, 0xff, 0x01, 0x00, 0x00, 0x00, 0x00, 0x00, 0x00, 0x00, 0x00,
    0xe5, 0x00, 0xff, 0x01, 0xe5, 0x00, 0xff, 0x04, 0xe3, 0x00, 0xfd, 0x09,
    0xe1, 0x00, 0xfb, 0x10, 0xe0, 0x00, 0xfa, 0x15, 0xe1, 0x00, 0xfb, 0x12,
    0xe3, 0x00, 0xfd, 0x0c, 0xe5, 0x00, 0xff, 0x07, 0xe5, 0x00, 0xff, 0x08,
    0xe5, 0x00, 0xff, 0x0f, 0xe4, 0x00, 0xfe, 0x28, 0xe5, 0x00, 0xff, 0x5c,
    0xe5, 0x00, 0xff, 0x9c, 0xe5, 0x00, 0xff, 0xff, 0xe5, 0x00, 0xff, 0xff,
    0xe5, 0x00, 0xff, 0xff, 0xe5, 0x00, 0xff, 0x8e, 0xe4, 0x00, 0xfe, 0x63,
    0xe4, 0x00, 0xfe, 0x63, 0xe5, 0x00, 0xff, 0x8e, 0xe5, 0x00, 0xff, 0xff,
    0xe5, 0x00, 0xff, 0xff, 0xe5, 0x00, 0xff, 0xff, 0xe5, 0x00, 0xff, 0x9c,
    0xe5, 0x00, 0xff, 0x5c, 0xe4, 0x00, 0xfe, 0x28, 0xe5, 0x00, 0xff, 0x0f,
    0xe5, 0x00, 0xff, 0x08, 0xe5, 0x00, 0xff, 0x09, 0xe3, 0x00, 0xfd, 0x10,
    0xe8, 0x00, 0xff, 0x1a, 0xe3, 0x00, 0xfd, 0x23, 0xe3, 0x00, 0xfd, 0x22,
    0xe9, 0x00, 0xff, 0x17, 0xe3, 0x00, 0xfd, 0x0c, 0xe5, 0x00, 0xff, 0x05,
    0xe5, 0x00, 0xff, 0x01, 0x00, 0x00, 0x00, 0x00, 0x00, 0x00, 0x00, 0x00,
    0x00, 0x00, 0x00, 0x00, 0x00, 0x00, 0x00, 0x00, 0xe5, 0x00, 0xff, 0x01,
    0xe5, 0x00, 0xff, 0x03, 0xe5, 0x00, 0xff, 0x05, 0xe5, 0x00, 0xff, 0x05,
    0xe5, 0x00, 0xff, 0x05, 0xe5, 0x00, 0xff, 0x04, 0xe5, 0x00, 0xff, 0x03,
    0xe5, 0x00, 0xff, 0x04, 0xe5, 0x00, 0xff, 0x0a, 0xe3, 0x00, 0xfd, 0x1b,
    0xe3, 0x00, 0xfd, 0x49, 0xe5, 0x00, 0xff, 0x86, 0xe5, 0x00, 0xff, 0xff,
    0xe5, 0x00, 0xff, 0xff, 0xe5, 0x00, 0xff, 0xff, 0xe4, 0x00, 0xfe, 0xa7,
    0xe4, 0x00, 0xfe, 0x81, 0xe4, 0x00, 0xfe, 0x81, 0xe4, 0x00, 0xfe, 0xa7,
    0xe5, 0x00, 0xff, 0xff, 0xe5, 0x00, 0xff, 0xff, 0xe5, 0x00, 0xff, 0xff,
    0xe5, 0x00, 0xff, 0x86, 0xe3, 0x00, 0xfd, 0x49, 0xe3, 0x00, 0xfd, 0x1b,
    0xe5, 0x00, 0xff, 0x0a, 0xe5, 0x00, 0xff, 0x04, 0xe5, 0x00, 0xff, 0x04,
    0xe5, 0x00, 0xff, 0x06, 0xe5, 0x00, 0xff, 0x08, 0xe5, 0x00, 0xff, 0x09,
    0xe5, 0x00, 0xff, 0x09, 0xe5, 0x00, 0xff, 0x07, 0xe5, 0x00, 0xff, 0x04,
    0xe5, 0x00, 0xff, 0x02, 0x00, 0x00, 0x00, 0x00, 0x00, 0x00, 0x00, 0x00,
    0x00, 0x00, 0x00, 0x00, 0x00, 0x00, 0x00, 0x00, 0x00, 0x00, 0x00, 0x00,
    0x00, 0x00, 0x00, 0x00, 0xe5, 0x00, 0xff, 0x01, 0xe5, 0x00, 0xff, 0x01,
    0xe5, 0x00, 0xff, 0x01, 0xe5, 0x00, 0xff, 0x01, 0xe5, 0x00, 0xff, 0x01,
    0xe5, 0x00, 0xff, 0x01, 0xe5, 0x00, 0xff, 0x02, 0xe5, 0x00, 0xff, 0x07,
    0xe5, 0x00, 0xff, 0x13, 0xe6, 0x00, 0xff, 0x36, 0xe5, 0x00, 0xff, 0x6f,
    0xe5, 0x00, 0xff, 0xff, 0xe5, 0x00, 0xff, 0xff, 0xe5, 0x00, 0xff, 0xff,
    0xe5, 0x00, 0xff, 0xff, 0xe4, 0x00, 0xfe, 0xa6, 0xe4, 0x00, 0xfe, 0xa6,
    0xe5, 0x00, 0xff, 0xff, 0xe5, 0x00, 0xff, 0xff, 0xe5, 0x00, 0xff, 0xff,
    0xe5, 0x00, 0xff, 0xff, 0xe5, 0x00, 0xff, 0x6f, 0xe6, 0x00, 0xff, 0x36,
    0xe5, 0x00, 0xff, 0x13, 0xe5, 0x00, 0xff, 0x07, 0xe5, 0x00, 0xff, 0x02,
    0xe5, 0x00, 0xff, 0x01, 0xe5, 0x00, 0xff, 0x01, 0xe5, 0x00, 0xff, 0x02,
    0xe5, 0x00, 0xff, 0x03, 0xe5, 0x00, 0xff, 0x03, 0xe5, 0x00, 0xff, 0x02,
    0xe5, 0x00, 0xff, 0x01, 0x00, 0x00, 0x00, 0x00, 0x00, 0x00, 0x00, 0x00,
    0x00, 0x00, 0x00, 0x00, 0x00, 0x00, 0x00, 0x00, 0x00, 0x00, 0x00, 0x00,
    0x00, 0x00, 0x00, 0x00, 0x00, 0x00, 0x00, 0x00, 0x00, 0x00, 0x00, 0x00,
    0x00, 0x00, 0x00, 0x00, 0x00, 0x00, 0x00, 0x00, 0x00, 0x00, 0x00, 0x00,
    0x00, 0x00, 0x00, 0x00, 0x00, 0x00, 0x00, 0x00, 0xe5, 0x00, 0xff, 0x01,
    0xe5, 0x00, 0xff, 0x04, 0xe5, 0x00, 0xff, 0x0d, 0xe5, 0x00, 0xff, 0x25,
    0xe3, 0x00, 0xfd, 0x56, 0xe5, 0x00, 0xff, 0x94, 0xe5, 0x00, 0xff, 0xff,
    0xe5, 0x00, 0xff, 0xff, 0xe5, 0x00, 0xff, 0xff, 0xe4, 0x00, 0xfe, 0xc6,
    0xe4, 0x00, 0xfe, 0xc6, 0xe5, 0x00, 0xff, 0xff, 0xe5, 0x00, 0xff, 0xff,
    0xe5, 0x00, 0xff, 0xff, 0xe5, 0x00, 0xff, 0x94, 0xe3, 0x00, 0xfd, 0x56,
    0xe5, 0x00, 0xff, 0x25, 0xe5, 0x00, 0xff, 0x0d, 0xe5, 0x00, 0xff, 0x04,
    0xe5, 0x00, 0xff, 0x01, 0x00, 0x00, 0x00, 0x00, 0x00, 0x00, 0x00, 0x00,
    0x00, 0x00, 0x00, 0x00, 0x00, 0x00, 0x00, 0x00, 0x00, 0x00, 0x00, 0x00,
    0x00, 0x00, 0x00, 0x00, 0x00, 0x00, 0x00, 0x00, 0x00, 0x00, 0x00, 0x00,
    0x00, 0x00, 0x00, 0x00, 0x00, 0x00, 0x00, 0x00, 0x00, 0x00, 0x00, 0x00,
    0x00, 0x00, 0x00, 0x00, 0x00, 0x00, 0x00, 0x00, 0x00, 0x00, 0x00, 0x00,
    0x00, 0x00, 0x00, 0x00, 0x00, 0x00, 0x00, 0x00, 0x00, 0x00, 0x00, 0x00,
    0x00, 0x00, 0x00, 0x00, 0x00, 0x00, 0x00, 0x00, 0x00, 0x00, 0x00, 0x00,
    0x00, 0x00, 0x00, 0x00, 0xe5, 0x00, 0xff, 0x02, 0xe5, 0x00, 0xff, 0x09,
    0xe3, 0x00, 0xfd, 0x17, 0xe6, 0x00, 0xff, 0x3c, 0xe4, 0x00, 0xfe, 0x74,
    0xe5, 0x00, 0xff, 0xff, 0xe5, 0x00, 0xff, 0xff, 0xe5, 0x00, 0xff, 0xff,
    0xe5, 0x00, 0xff, 0xff, 0xe5, 0x00, 0xff, 0xff, 0xe5, 0x00, 0xff, 0xff,
    0xe5, 0x00, 0xff, 0xff, 0xe5, 0x00, 0xff, 0xff, 0xe4, 0x00, 0xfe, 0x74,
    0xe6, 0x00, 0xff, 0x3c, 0xe3, 0x00, 0xfd, 0x17, 0xe5, 0x00, 0xff, 0x09,
    0xe5, 0x00, 0xff, 0x02, 0x00, 0x00, 0x00, 0x00, 0x00, 0x00, 0x00, 0x00,
    0x00, 0x00, 0x00, 0x00, 0x00, 0x00, 0x00, 0x00, 0x00, 0x00, 0x00, 0x00,
    0x00, 0x00, 0x00, 0x00, 0x00, 0x00, 0x00, 0x00, 0x00, 0x00, 0x00, 0x00,
    0x00, 0x00, 0x00, 0x00, 0x00, 0x00, 0x00, 0x00, 0x00, 0x00, 0x00, 0x00,
    0x00, 0x00, 0x00, 0x00, 0x00, 0x00, 0x00, 0x00, 0x00, 0x00, 0x00, 0x00,
    0x00, 0x00, 0x00, 0x00, 0x00, 0x00, 0x00, 0x00, 0x00, 0x00, 0x00, 0x00,
    0x00, 0x00, 0x00, 0x00, 0x00, 0x00, 0x00, 0x00, 0x00, 0x00, 0x00, 0x00,
    0x00, 0x00, 0x00, 0x00, 0x00, 0x00, 0x00, 0x00, 0xe5, 0x00, 0xff, 0x01,
    0xe5, 0x00, 0xff, 0x05, 0xe5, 0x00, 0xff, 0x0e, 0xe5, 0x00, 0xff, 0x24,
    0xe5, 0x00, 0xff, 0x4e, 0xe4, 0x00, 0xfe, 0x85, 0xe5, 0x00, 0xff, 0xff,
    0xe5, 0x00, 0xff, 0xff, 0xe5, 0x00, 0xff, 0xff, 0xe5, 0x00, 0xff, 0xff,
    0xe5, 0x00, 0xff, 0xff, 0xe5, 0x00, 0xff, 0xff, 0xe4, 0x00, 0xfe, 0x85,
    0xe5, 0x00, 0xff, 0x4e, 0xe5, 0x00, 0xff, 0x24, 0xe5, 0x00, 0xff, 0x0e,
    0xe5, 0x00, 0xff, 0x05, 0xe5, 0x00, 0xff, 0x01, 0x00, 0x00, 0x00, 0x00,
    0x00, 0x00, 0x00, 0x00, 0x00, 0x00, 0x00, 0x00, 0x00, 0x00, 0x00, 0x00,
    0x00, 0x00, 0x00, 0x00, 0x00, 0x00, 0x00, 0x00, 0x00, 0x00, 0x00, 0x00,
    0x00, 0x00, 0x00, 0x00, 0x00, 0x00, 0x00, 0x00, 0x00, 0x00, 0x00, 0x00,
    0x00, 0x00, 0x00, 0x00, 0x00, 0x00, 0x00, 0x00, 0x00, 0x00, 0x00, 0x00,
    0x00, 0x00, 0x00, 0x00, 0x00, 0x00, 0x00, 0x00, 0x00, 0x00, 0x00, 0x00,
    0x00, 0x00, 0x00, 0x00, 0x00, 0x00, 0x00, 0x00, 0x00, 0x00, 0x00, 0x00,
    0x00, 0x00, 0x00, 0x00, 0x00, 0x00, 0x00, 0x00, 0x00, 0x00, 0x00, 0x00,
    0x00, 0x00, 0x00, 0x00, 0xe5, 0x00, 0xff, 0x02, 0xe5, 0x00, 0xff, 0x08,
    0xe3, 0x00, 0xfd, 0x14, 0xe5, 0x00, 0xff, 0x2d, 0xe5, 0x00, 0xff, 0x56,
    0xe4, 0x00, 0xfe, 0x84, 0xe5, 0x00, 0xff, 0xff, 0xe5, 0x00, 0xff, 0xff,
    0xe5, 0x00, 0xff, 0xff, 0xe5, 0x00, 0xff, 0xff, 0xe4, 0x00, 0xfe, 0x84,
    0xe5, 0x00, 0xff, 0x56, 0xe5, 0x00, 0xff, 0x2d, 0xe3, 0x00, 0xfd, 0x14,
    0xe5, 0x00, 0xff, 0x08, 0xe5, 0x00, 0xff, 0x02, 0x00, 0x00, 0x00, 0x00,
    0x00, 0x00, 0x00, 0x00, 0x00, 0x00, 0x00, 0x00, 0x00, 0x00, 0x00, 0x00,
    0x00, 0x00, 0x00, 0x00, 0x00, 0x00, 0x00, 0x00, 0x00, 0x00, 0x00, 0x00,
    0x00, 0x00, 0x00, 0x00, 0x00, 0x00, 0x00, 0x00, 0x00, 0x00, 0x00, 0x00,
    0x00, 0x00, 0x00, 0x00, 0x00, 0x00, 0x00, 0x00, 0x00, 0x00, 0x00, 0x00,
    0x00, 0x00, 0x00, 0x00, 0x00, 0x00, 0x00, 0x00, 0x00, 0x00, 0x00, 0x00,
    0x00, 0x00, 0x00, 0x00, 0x00, 0x00, 0x00, 0x00, 0x00, 0x00, 0x00, 0x00,
    0x00, 0x00, 0x00, 0x00, 0x00, 0x00, 0x00, 0x00, 0x00, 0x00, 0x00, 0x00,
    0x00, 0x00, 0x00, 0x00, 0x00, 0x00, 0x00, 0x00, 0xe5, 0x00, 0xff, 0x01,
    0xe5, 0x00, 0xff, 0x04, 0xe5, 0x00, 0xff, 0x09, 0xe3, 0x00, 0xfd, 0x15,
    0xe6, 0x00, 0xff, 0x2c, 0xe4, 0x00, 0xfe, 0x4b, 0xe5, 0x00, 0xff, 0x66,
    0xe4, 0x00, 0xfe, 0x76, 0xe4, 0x00, 0xfe, 0x76, 0xe5, 0x00, 0xff, 0x66,
    0xe4, 0x00, 0xfe, 0x4b, 0xe6, 0x00, 0xff, 0x2c, 0xe3, 0x00, 0xfd, 0x15,
    0xe5, 0x00, 0xff, 0x09, 0xe5, 0x00, 0xff, 0x04, 0xe5, 0x00, 0xff, 0x01,
    0x00, 0x00, 0x00, 0x00, 0x00, 0x00, 0x00, 0x00, 0x00, 0x00, 0x00, 0x00,
    0x00, 0x00, 0x00, 0x00, 0x00, 0x00, 0x00, 0x00, 0x00, 0x00, 0x00, 0x00,
    0x00, 0x00, 0x00, 0x00, 0x00, 0x00, 0x00, 0x00, 0x00, 0x00, 0x00, 0x00,
    0x00, 0x00, 0x00, 0x00, 0x00, 0x00, 0x00, 0x00, 0x00, 0x00, 0x00, 0x00,
    0x00, 0x00, 0x00, 0x00, 0x00, 0x00, 0x00, 0x00, 0x00, 0x00, 0x00, 0x00,
    0x00, 0x00, 0x00, 0x00, 0x00, 0x00, 0x00, 0x00, 0x00, 0x00, 0x00, 0x00,
    0x00, 0x00, 0x00, 0x00, 0x00, 0x00, 0x00, 0x00, 0x00, 0x00, 0x00, 0x00,
    0x00, 0x00, 0x00, 0x00, 0x00, 0x00, 0x00, 0x00, 0x00, 0x00, 0x00, 0x00,
    0x00, 0x00, 0x00, 0x00, 0xe5, 0x00, 0xff, 0x01, 0xe5, 0x00, 0xff, 0x04,
    0xe5, 0x00, 0xff, 0x09, 0xe3, 0x00, 0xfd, 0x12, 0xe6, 0x00, 0xff, 0x20,
    0xe4, 0x00, 0xfd, 0x30, 0xe4, 0x00, 0xfe, 0x38, 0xe4, 0x00, 0xfe, 0x38,
    0xe4, 0x00, 0xfd, 0x30, 0xe6, 0x00, 0xff, 0x20, 0xe3, 0x00, 0xfd, 0x12,
    0xe5, 0x00, 0xff, 0x09, 0xe5, 0x00, 0xff, 0x04, 0xe5, 0x00, 0xff, 0x01,
    0x00, 0x00, 0x00, 0x00, 0x00, 0x00, 0x00, 0x00, 0x00, 0x00, 0x00, 0x00,
    0x00, 0x00, 0x00, 0x00, 0x00, 0x00, 0x00, 0x00, 0x00, 0x00, 0x00, 0x00,
    0x00, 0x00, 0x00, 0x00, 0x00, 0x00, 0x00, 0x00, 0x00, 0x00, 0x00, 0x00,
    0x00, 0x00, 0x00, 0x00, 0x00, 0x00, 0x00, 0x00, 0x00, 0x00, 0x00, 0x00,
    0x00, 0x00, 0x00, 0x00, 0x00, 0x00, 0x00, 0x00, 0x00, 0x00, 0x00, 0x00,
    0x00, 0x00, 0x00, 0x00, 0x00, 0x00, 0x00, 0x00, 0x00, 0x00, 0x00, 0x00,
    0x00, 0x00, 0x00, 0x00, 0x00, 0x00, 0x00, 0x00, 0x00, 0x00, 0x00, 0x00,
    0x00, 0x00, 0x00, 0x00, 0x00, 0x00, 0x00, 0x00, 0x00, 0x00, 0x00, 0x00,
    0x00, 0x00, 0x00, 0x00, 0x00, 0x00, 0x00, 0x00, 0x00, 0x00, 0x00, 0x00,
    0xe5, 0x00, 0xff, 0x01, 0xe5, 0x00, 0xff, 0x03, 0xe5, 0x00, 0xff, 0x07,
    0xe5, 0x00, 0xff, 0x0b, 0xe5, 0x00, 0xff, 0x0e, 0xe5, 0x00, 0xff, 0x11,
    0xe5, 0x00, 0xff, 0x11, 0xe5, 0x00, 0xff, 0x0e, 0xe5, 0x00, 0xff, 0x0b,
    0xe5, 0x00, 0xff, 0x07, 0xe5, 0x00, 0xff, 0x03, 0xe5, 0x00, 0xff, 0x01,
    0x00, 0x00, 0x00, 0x00, 0x00, 0x00, 0x00, 0x00, 0x00, 0x00, 0x00, 0x00,
    0x00, 0x00, 0x00, 0x00, 0x00, 0x00, 0x00, 0x00, 0x00, 0x00, 0x00, 0x00,
    0x00, 0x00, 0x00, 0x00, 0x00, 0x00, 0x00, 0x00, 0x00, 0x00, 0x00, 0x00,
    0x00, 0x00, 0x00, 0x00, 0x00, 0x00, 0x00, 0x00, 0x00, 0x00, 0x00, 0x00,
    0x00, 0x00, 0x00, 0x00, 0x00, 0x00, 0x00, 0x00, 0x00, 0x00, 0x00, 0x00,
    0x00, 0x00, 0x00, 0x00, 0x00, 0x00, 0x00, 0x00, 0x00, 0x00, 0x00, 0x00,
    0x00, 0x00, 0x00, 0x00, 0x00, 0x00, 0x00, 0x00, 0x00, 0x00, 0x00, 0x00,
    0x00, 0x00, 0x00, 0x00, 0x00, 0x00, 0x00, 0x00, 0x00, 0x00, 0x00, 0x00,
    0x00, 0x00, 0x00, 0x00, 0x00, 0x00, 0x00, 0x00, 0x00, 0x00, 0x00, 0x00,
    0x00, 0x00, 0x00, 0x00, 0x00, 0x00, 0x00, 0x00, 0xe5, 0x00, 0xff, 0x01,
    0xe5, 0x00, 0xff, 0x02, 0xe5, 0x00, 0xff, 0x03, 0xe5, 0x00, 0xff, 0x05,
    0xe5, 0x00, 0xff, 0x05, 0xe5, 0x00, 0xff, 0x05, 0xe5, 0x00, 0xff, 0x05,
    0xe5, 0x00, 0xff, 0x03, 0xe5, 0x00, 0xff, 0x02, 0xe5, 0x00, 0xff, 0x01,
    0x00, 0x00, 0x00, 0x00, 0x00, 0x00, 0x00, 0x00, 0x00, 0x00, 0x00, 0x00,
    0x00, 0x00, 0x00, 0x00, 0x00, 0x00, 0x00, 0x00, 0x00, 0x00, 0x00, 0x00,
    0x00, 0x00, 0x00, 0x00, 0x00, 0x00, 0x00, 0x00, 0x00, 0x00, 0x00, 0x00,
    0x00, 0x00, 0x00, 0x00, 0x00, 0x00, 0x00, 0x00, 0x00, 0x00, 0x00, 0x00,
    0x00, 0x00, 0x00, 0x00, 0x00, 0x00, 0x00, 0x00, 0x00, 0x00, 0x00, 0x00,
    0x00, 0x00, 0x00, 0x00, 0x00, 0x00, 0x00, 0x00, 0x00, 0x00, 0x00, 0x00,
    0x00, 0x00, 0x00, 0x00, 0x00, 0x00, 0x00, 0x00, 0x00, 0x00, 0x00, 0x00,
    0x00, 0x00, 0x00, 0x00, 0x00, 0x00, 0x00, 0x00, 0x00, 0x00, 0x00, 0x00,
    0x00, 0x00, 0x00, 0x00, 0x00, 0x00, 0x00, 0x00, 0x00, 0x00, 0x00, 0x00,
    0x00, 0x00, 0x00, 0x00, 0x00, 0x00, 0x00, 0x00, 0x00, 0x00, 0x00, 0x00,
    0x00, 0x00, 0x00, 0x00, 0x00, 0x00, 0x00, 0x00, 0x00, 0x00, 0x00, 0x00,
    0xe5, 0x00, 0xff, 0x01, 0xe5, 0x00, 0xff, 0x01, 0xe5, 0x00, 0xff, 0x01,
    0xe5, 0x00, 0xff, 0x01, 0x00, 0x00, 0x00, 0x00, 0x00, 0x00, 0x00, 0x00,
    0x00, 0x00, 0x00, 0x00, 0x00, 0x00, 0x00, 0x00, 0x00, 0x00, 0x00, 0x00,
    0x00, 0x00, 0x00, 0x00, 0x00, 0x00, 0x00, 0x00, 0x00, 0x00, 0x00, 0x00,
    0x00, 0x00, 0x00, 0x00, 0x00, 0x00, 0x00, 0x00, 0x00, 0x00, 0x00, 0x00,
    0x00, 0x00, 0x00, 0x00, 0x00, 0x00, 0x00, 0x00, 0x00, 0x00, 0x00, 0x00,
    0x00, 0x00, 0x00, 0x00, 0x00, 0x00, 0x00, 0x00, 0x00, 0x00, 0x00, 0x00,
    0x00, 0x00, 0x00, 0x00, 0x00, 0x00, 0x00, 0x00, 0x00, 0x00, 0x00, 0x00,
    0x00, 0x00, 0x00, 0x00, 0x00, 0x00, 0x00, 0x00, 0x00, 0x00, 0x00, 0x00,
    0x00, 0x00, 0x00, 0x00, 0x00, 0x00, 0x00, 0x00, 0x00, 0x00, 0x00, 0x00,
    0x00, 0x00, 0x00, 0x00, 0x00, 0x00, 0x00, 0x00, 0x00, 0x00, 0x00, 0x00,
    0x00, 0x00, 0x00, 0x00, 0x00, 0x00, 0x00, 0x00, 0x00, 0x00, 0x00, 0x00,
    0x00, 0x00, 0x00, 0x00, 0x00, 0x00, 0x00, 0x00, 0x00, 0x00, 0x00, 0x00,
    0x00, 0x00, 0x00, 0x00, 0x00, 0x00, 0x00, 0x00, 0x00, 0x00, 0x00, 0x00,
    0x00, 0x00, 0x00, 0x00, 0x00, 0x00, 0x00, 0x00, 0x00, 0x00, 0x00, 0x00,
    0x00, 0x00, 0x00, 0x00, 0x00, 0x00, 0x00, 0x00, 0x00, 0x00, 0x00, 0x00,
    0x00, 0x00, 0x00, 0x00, 0x00, 0x00, 0x00, 0x00, 0x00, 0x00, 0x00, 0x00,
    0x00, 0x00, 0x00, 0x00, 0x00, 0x00, 0x00, 0x00, 0x00, 0x00, 0x00, 0x00,
    0x00, 0x00, 0x00, 0x00, 0x00, 0x00, 0x00, 0x00, 0x00, 0x00, 0x00, 0x00,
    0x00, 0x00, 0x00, 0x00, 0x00, 0x00, 0x00, 0x00, 0x00, 0x00, 0x00, 0x00,
    0x00, 0x00, 0x00, 0x00, 0x00, 0x00, 0x00, 0x00, 0x00, 0x00, 0x00, 0x00,
    0x00, 0x00, 0x00, 0x00, 0x00, 0x00, 0x00, 0x00, 0x00, 0x00, 0x00, 0x00,
    0x00, 0x00, 0x00, 0x00, 0x00, 0x00, 0x00, 0x00, 0x00, 0x00, 0x00, 0x00,
    0x00, 0x00, 0x00, 0x00, 0x00, 0x00, 0x00, 0x00, 0x00, 0x00, 0x00, 0x00,
    0x00, 0x00, 0x00, 0x00, 0x00, 0x00, 0x00, 0x00, 0x00, 0x00, 0x00, 0x00,
    0x00, 0x00, 0x00, 0x00, 0x00, 0x00, 0x00, 0x00, 0x00, 0x00, 0x00, 0x00,
    0x00, 0x00, 0x00, 0x00, 0x00, 0x00, 0x00, 0x00, 0x00, 0x00, 0x00, 0x00,
    0x00, 0x00, 0x00, 0x00, 0x00, 0x00, 0x00, 0x00, 0x00, 0x00, 0x00, 0x00,
    0x00, 0x00, 0x00, 0x00, 0x00, 0x00, 0x00, 0x00, 0x00, 0x00, 0x00, 0x00,
    0x00, 0x00, 0x00, 0x00, 0x00, 0x00, 0x00, 0x00, 0x00, 0x00, 0x00, 0x00,
    0x00, 0x00, 0x00, 0x00, 0x00, 0x00, 0x00, 0x00, 0x00, 0x00, 0x00, 0x00,
    0x00, 0x00, 0x00, 0x00, 0x00, 0x00, 0x00, 0x00, 0x00, 0x00, 0x00, 0x00,
    0x00, 0x00, 0x00, 0x00, 0x00, 0x00, 0x00, 0x00, 0x00, 0x00, 0x00, 0x00,
    0x00, 0x00, 0x00, 0x00, 0x00, 0x00, 0x00, 0x00, 0x00, 0x00, 0x00, 0x00,
    0x00, 0x00, 0x00, 0x00, 0x00, 0x00, 0x00, 0x00, 0x00, 0x00, 0x00, 0x00,
    0x00, 0x00, 0x00, 0x00, 0x00, 0x00, 0x00, 0x00, 0x00, 0x00, 0x00, 0x00,
    0x00, 0x00, 0x00, 0x00, 0x00, 0x00, 0x00, 0x00, 0x00, 0x00, 0x00, 0x00,
    0x00, 0x00, 0x00, 0x00, 0x00, 0x00, 0x00, 0x00, 0x00, 0x00, 0x00, 0x00,
    0x00, 0x00, 0x00, 0x00, 0x00, 0x00, 0x00, 0x00, 0x00, 0x00, 0x00, 0x00,
    0x00, 0x00, 0x00, 0x00, 0x00, 0x00, 0x00, 0x00, 0x00, 0x00, 0x00, 0x00,
    0x00, 0x00, 0x00, 0x00, 0x00, 0x00, 0x00, 0x00, 0x00, 0x00, 0x00, 0x00,
    0x00, 0x00, 0x00, 0x00, 0x00, 0x00, 0x00, 0x00, 0x00, 0x00, 0x00, 0x00,
    0x00, 0x00, 0x00, 0x00, 0x00, 0x00, 0x00, 0x00, 0x00, 0x00, 0x00, 0x00,
    0x00, 0x00, 0x00, 0x00, 0x00, 0x00, 0x00, 0x00, 0x00, 0x00, 0x00, 0x00,
    0x00, 0x00, 0x00, 0x00, 0x00, 0x00, 0x00, 0x00, 0x00, 0x00, 0x00, 0x00,
    0x00, 0x00, 0x00, 0x00, 0x00, 0x00, 0x00, 0x00, 0x00, 0x00, 0x00, 0x00,
    0x00, 0x00, 0x00, 0x00, 0x00, 0x00, 0x00, 0x00, 0x00, 0x00, 0x00, 0x00,
    0x00, 0x00, 0x00, 0x00, 0x00, 0x00, 0x00, 0x00, 0x00, 0x00, 0x00, 0x00,
    0x00, 0x00, 0x00, 0x00, 0x00, 0x00, 0x00, 0x00, 0x00, 0x00, 0x00, 0x00,
    0x00, 0x00, 0x00, 0x00, 0x00, 0x00, 0x00, 0x00, 0x00, 0x00, 0x00, 0x00,
    0x00, 0x00, 0x00, 0x00, 0x00, 0x00, 0x00, 0x00, 0x00, 0x00, 0x00, 0x00,
    0x00, 0x00, 0x00, 0x00, 0x00, 0x00, 0x00, 0x00, 0x00, 0x00, 0x00, 0x00,
    0x00, 0x00, 0x00, 0x00, 0x00, 0x00, 0x00, 0x00, 0x00, 0x00, 0x00, 0x00,
    0x00, 0x00, 0x00, 0x00, 0x00, 0x00, 0x00, 0x00, 0x00, 0x00, 0x00, 0x00,
    0x00, 0x00, 0x00, 0x00, 0x00, 0x00, 0x00, 0x00, 0x00, 0x00, 0x00, 0x00,
    0x00, 0x00, 0x00, 0x00, 0x00, 0x00, 0x00, 0x00, 0x00, 0x00, 0x00, 0x00,
    0x00, 0x00, 0x00, 0x00, 0x00, 0x00, 0x00, 0x00, 0x00, 0x00, 0x00, 0x00,
    0x00, 0x00, 0x00, 0x00, 0x00, 0x00, 0x00, 0x00, 0x00, 0x00, 0x00, 0x00,
    0x00, 0x00, 0x00, 0x00, 0x00, 0x00, 0x00, 0x00, 0x00, 0x00, 0x00, 0x00,
    0x00, 0x00, 0x00, 0x00, 0x00, 0x00, 0x00, 0x00, 0x00, 0x00, 0x00, 0x00,
    0x00, 0x00, 0x00, 0x00, 0x00, 0x00, 0x00, 0x00, 0x00, 0x00, 0x00, 0x00,
    0x00, 0x00, 0x00, 0x00, 0x00, 0x00, 0x00, 0x00, 0x00, 0x00, 0x00, 0x00,
    0x00, 0x00, 0x00, 0x00, 0x00, 0x00, 0x00, 0x00, 0x00, 0x00, 0x00, 0x00,
    0x00, 0x00, 0x00, 0x00, 0x00, 0x00, 0x00, 0x00, 0x00, 0x00, 0x00, 0x00,
    0x00, 0x00, 0x00, 0x00, 0x00, 0x00, 0x00, 0x00, 0x00, 0x00, 0x00, 0x00,
    0x00, 0x00, 0x00, 0x00, 0x00, 0x00, 0x00, 0x00, 0x00, 0x00, 0x00, 0x00,
    0x00, 0x00, 0x00, 0x00, 0x00, 0x00, 0x00, 0x00, 0x00, 0x00, 0x00, 0x00,
    0x00, 0x00, 0x00, 0x00, 0x00, 0x00, 0x00, 0x00, 0x00, 0x00, 0x00, 0x00,
    0x00, 0x00, 0x00, 0x00, 0x00, 0x00, 0x00, 0x00, 0x00, 0x00, 0x00, 0x00,
    0x00, 0x00, 0x00, 0x00, 0x00, 0x00, 0x00, 0x00, 0x00, 0x00, 0x00, 0x00,
    0x00, 0x00, 0x00, 0x00, 0x00, 0x00, 0x00, 0x00, 0x00, 0x00, 0x00, 0x00,
    0x00, 0x00, 0x00, 0x00, 0x00, 0x00, 0x00, 0x00, 0x00, 0x00, 0x00, 0x00,
    0x00, 0x00, 0x00, 0x00, 0x00, 0x00, 0x00, 0x00, 0x00, 0x00, 0x00, 0x00,
    0x00, 0x00, 0x00, 0x00, 0x00, 0x00, 0x00, 0x00, 0x00, 0x00, 0x00, 0x00,
    0x00, 0x00, 0x00, 0x00, 0x00, 0x00, 0x00, 0x00, 0x00, 0x00, 0x00, 0x00,
    0x00, 0x00, 0x00, 0x00, 0x00, 0x00, 0x00, 0x00, 0x00, 0x00, 0x00, 0x00,
    0x00, 0x00, 0x00, 0x00, 0x00, 0x00, 0x00, 0x00, 0x00, 0x00, 0x00, 0x00,
    0x00, 0x00, 0x00, 0x00, 0x00, 0x00, 0x00, 0x00, 0x00, 0x00, 0x00, 0x00,
    0x00, 0x00, 0x00, 0x00, 0x00, 0x00, 0x00, 0x00, 0x00, 0x00, 0x00, 0x00,
    0x00, 0x00, 0x00, 0x00, 0x00, 0x00, 0x00, 0x00, 0x00, 0x00, 0x00, 0x00,
    0x00, 0x00, 0x00, 0x00, 0x00, 0x00, 0x00, 0x00, 0x00, 0x00, 0x00, 0x00,
    0x00, 0x00, 0x00, 0x00, 0x00, 0x00, 0x00, 0x00, 0x00, 0x00, 0x00, 0x00,
    0x00, 0x00, 0x00, 0x00, 0x00, 0x00, 0x00, 0x00, 0x00, 0x00, 0x00, 0x00,
    0x00, 0x00, 0x00, 0x00, 0x00, 0x00, 0x00, 0x00, 0x00, 0x00, 0x00, 0x00,
    0x00, 0x00, 0x00, 0x00, 0x00, 0x00, 0x00, 0x00, 0x00, 0x00, 0x00, 0x00,
    0x00, 0x00, 0x00, 0x00, 0x00, 0x00, 0x00, 0x00, 0x00, 0x00, 0x00, 0x00,
    0x00, 0x00, 0x00, 0x00, 0x00, 0x00, 0x00, 0x00, 0x00, 0x00, 0x00, 0x00,
    0x00, 0x00, 0x00, 0x00,
};
const lv_image_dsc_t launcher_icon_wave = {
    .header.magic = LV_IMAGE_HEADER_MAGIC,
    .header.cf = LV_COLOR_FORMAT_ARGB8888,
    .header.flags = 0,
    .header.w = 40,
    .header.h = 40,
    .header.stride = 160,
    .data_size = 6400,
    .data = icon_wave_data,
};

static const uint8_t icon_scope_data[6400] = {
    0x00, 0x00, 0x00, 0x00, 0x00, 0x00, 0x00, 0x00, 0x00, 0x00, 0x00, 0x00,
    0x00, 0x00, 0x00, 0x00, 0x00, 0x00, 0x00, 0x00, 0x00, 0x00, 0x00, 0x00,
    0x00, 0x00, 0x00, 0x00, 0x00, 0x00, 0x00, 0x00, 0x00, 0x00, 0x00, 0x00,
    0x00, 0x00, 0x00, 0x00, 0x00, 0x00, 0x00, 0x00, 0x00, 0x00, 0x00, 0x00,
    0x00, 0x00, 0x00, 0x00, 0x00, 0x00, 0x00, 0x00, 0x00, 0x00, 0x00, 0x00,
    0x00, 0x00, 0x00, 0x00, 0x00, 0x00, 0x00, 0x00, 0x00, 0x00, 0x00, 0x00,
    0x00, 0x00, 0x00, 0x00, 0x00, 0x00, 0x00, 0x00, 0x00, 0x00, 0x00, 0x00,
    0x00, 0x00, 0x00, 0x00, 0x00, 0x00, 0x00, 0x00, 0x00, 0x00, 0x00, 0x00,
    0x00, 0x00, 0x00, 0x00, 0x00, 0x00, 0x00, 0x00, 0x00, 0x00, 0x00, 0x00,
    0x00, 0x00, 0x00, 0x00, 0x00, 0x00, 0x00, 0x00, 0x00, 0x00, 0x00, 0x00,
    0x00, 0x00, 0x00, 0x00, 0x00, 0x00, 0x00, 0x00, 0x00, 0x00, 0x00, 0x00,
    0x00, 0x00, 0x00, 0x00, 0x00, 0x00, 0x00, 0x00, 0x00, 0x00, 0x00, 0x00,
    0x00, 0x00, 0x00, 0x00, 0x00, 0x00, 0x00, 0x00, 0x00, 0x00, 0x00, 0x00,
    0x00, 0x00, 0x00, 0x00, 0x00, 0x00, 0x00, 0x00, 0x00, 0x00, 0x00, 0x00,
    0x00, 0x00, 0x00, 0x00, 0x00, 0x00, 0x00, 0x00, 0x00, 0x00, 0x00, 0x00,
    0x00, 0x00, 0x00, 0x00, 0x00, 0x00, 0x00, 0x00, 0x00, 0x00, 0x00, 0x00,
    0x00, 0x00, 0x00, 0x00, 0x00, 0x00, 0x00, 0x00, 0x00, 0x00, 0x00, 0x00,
    0x00, 0x00, 0x00, 0x00, 0x00, 0x00, 0x00, 0x00, 0x00, 0x00, 0x00, 0x00,
    0x00, 0x00, 0x00, 0x00, 0x00, 0x00, 0x00, 0x00, 0x00, 0x00, 0x00, 0x00,
    0x00, 0x00, 0x00, 0x00, 0x00, 0x00, 0x00, 0x00, 0x00, 0x00, 0x00, 0x00,
    0x00, 0x00, 0x00, 0x00, 0x00, 0x00, 0x00, 0x00, 0x00, 0x00, 0x00, 0x00,
    0x00, 0x00, 0x00, 0x00, 0x00, 0x00, 0x00, 0x00, 0x00, 0x00, 0x00, 0x00,
    0x00, 0x00, 0x00, 0x00, 0x00, 0x00, 0x00, 0x00, 0x00, 0x00, 0x00, 0x00,
    0x00, 0x00, 0x00, 0x00, 0x00, 0x00, 0x00, 0x00, 0x00, 0x00, 0x00, 0x00,
    0x00, 0x00, 0x00, 0x00, 0x00, 0x00, 0x00, 0x00, 0x00, 0x00, 0x00, 0x00,
    0x00, 0x00, 0x00, 0x00, 0x00, 0x00, 0x00, 0x00, 0x00, 0x00, 0x00, 0x00,
    0x00, 0x00, 0x00, 0x00, 0x00, 0x00, 0x00, 0x00, 0x00, 0x00, 0x00, 0x00,
    0x00, 0x00, 0x00, 0x00, 0x00, 0x00, 0x00, 0x00, 0x00, 0x00, 0x00, 0x00,
    0x00, 0x00, 0x00, 0x00, 0x00, 0x00, 0x00, 0x00, 0x00, 0x00, 0x00, 0x00,
    0x00, 0x00, 0x00, 0x00, 0x00, 0x00, 0x00, 0x00, 0x00, 0x00, 0x00, 0x00,
    0x00, 0x00, 0x00, 0x00, 0x00, 0x00, 0x00, 0x00, 0x00, 0x00, 0x00, 0x00,
    0x00, 0x00, 0x00, 0x00, 0x00, 0x00, 0x00, 0x00, 0x00, 0x00, 0x00, 0x00,
    0x00, 0x00, 0x00, 0x00, 0x00, 0x00, 0x00, 0x00, 0x00, 0x00, 0x00, 0x00,
    0x00, 0x00, 0x00, 0x00, 0x00, 0x00, 0x00, 0x00, 0x00, 0x00, 0x00, 0x00,
    0x00, 0x00, 0x00, 0x00, 0x00, 0x00, 0x00, 0x00, 0x00, 0x00, 0x00, 0x00,
    0x00, 0x00, 0x00, 0x00, 0x00, 0x00, 0x00, 0x00, 0x00, 0x00, 0x00, 0x00,
    0x00, 0x00, 0x00, 0x00, 0x00, 0x00, 0x00, 0x00, 0x00, 0x00, 0x00, 0x00,
    0x00, 0x00, 0x00, 0x00, 0x00, 0x00, 0x00, 0x00, 0x00, 0x00, 0x00, 0x00,
    0x00, 0x00, 0x00, 0x00, 0x00, 0x00, 0x00, 0x00, 0x00, 0x00, 0x00, 0x00,
    0x00, 0x00, 0x00, 0x00, 0x00, 0x00, 0x00, 0x00, 0x00, 0x00, 0x00, 0x00,
    0x00, 0x00, 0x00, 0x00, 0x00, 0x00, 0x00, 0x00, 0x00, 0x00, 0x00, 0x00,
    0x00, 0x00, 0x00, 0x00, 0x00, 0x00, 0x00, 0x00, 0x00, 0x00, 0x00, 0x00,
    0x00, 0x00, 0x00, 0x00, 0x00, 0x00, 0x00, 0x00, 0x00, 0x00, 0x00, 0x00,
    0x00, 0x00, 0x00, 0x00, 0x00, 0x00, 0x00, 0x00, 0x00, 0x00, 0x00, 0x00,
    0x00, 0x00, 0x00, 0x00, 0x00, 0x00, 0x00, 0x00, 0x00, 0x00, 0x00, 0x00,
    0x00, 0x00, 0x00, 0x00, 0x00, 0x00, 0x00, 0x00, 0x00, 0x00, 0x00, 0x00,
    0x00, 0x00, 0x00, 0x00, 0x00, 0x00, 0x00, 0x00, 0x00, 0x00, 0x00, 0x00,
    0x00, 0x00, 0x00, 0x00, 0x00, 0x00, 0x00, 0x00, 0x00, 0x00, 0x00, 0x00,
    0x00, 0x00, 0x00, 0x00, 0x00, 0x00, 0x00, 0x00, 0x00, 0x00, 0x00, 0x00,
    0x00, 0x00, 0x00, 0x00, 0x00, 0x00, 0x00, 0x00, 0x00, 0x00, 0x00, 0x00,
    0x00, 0x00, 0x00, 0x00, 0x00, 0x00, 0x00, 0x00, 0x00, 0x00, 0x00, 0x00,
    0x00, 0x00, 0x00, 0x00, 0x00, 0x00, 0x00, 0x00, 0x00, 0x00, 0x00, 0x00,
    0x00, 0x00, 0x00, 0x00, 0x00, 0x00, 0x00, 0x00, 0x00, 0x00, 0x00, 0x00,
    0x00, 0x00, 0x00, 0x00, 0x00, 0x00, 0x00, 0x00, 0x00, 0x00, 0x00, 0x00,
    0x00, 0x00, 0x00, 0x00, 0x00, 0x00, 0x00, 0x00, 0x00, 0x00, 0x00, 0x00,
    0x00, 0x00, 0x00, 0x00, 0x00, 0x00, 0x00, 0x00, 0x00, 0x00, 0x00, 0x00,
    0x00, 0x00, 0x00, 0x00, 0x00, 0x00, 0x00, 0x00, 0x00, 0x00, 0x00, 0x00,
    0x88, 0xff, 0x22, 0x01, 0x88, 0xff, 0x22, 0x01, 0x88, 0xff, 0x22, 0x01,
    0x88, 0xff, 0x22, 0x02, 0x88, 0xff, 0x22, 0x02, 0x88, 0xff, 0x22, 0x02,
    0x88, 0xff, 0x22, 0x02, 0x88, 0xff, 0x22, 0x02, 0x88, 0xff, 0x22, 0x02,
    0x88, 0xff, 0x22, 0x02, 0x88, 0xff, 0x22, 0x02, 0x88, 0xff, 0x22, 0x02,
    0x88, 0xff, 0x22, 0x02, 0x88, 0xff, 0x22, 0x02, 0x88, 0xff, 0x22, 0x02,
    0x88, 0xff, 0x22, 0x02, 0x88, 0xff, 0x22, 0x01, 0x88, 0xff, 0x22, 0x01,
    0x88, 0xff, 0x22, 0x01, 0x00, 0x00, 0x00, 0x00, 0x00, 0x00, 0x00, 0x00,
    0x00, 0x00, 0x00, 0x00, 0x00, 0x00, 0x00, 0x00, 0x00, 0x00, 0x00, 0x00,
    0x00, 0x00, 0x00, 0x00, 0x00, 0x00, 0x00, 0x00, 0x00, 0x00, 0x00, 0x00,
    0x00, 0x00, 0x00, 0x00, 0x00, 0x00, 0x00, 0x00, 0x00, 0x00, 0x00, 0x00,
    0x00, 0x00, 0x00, 0x00, 0x00, 0x00, 0x00, 0x00, 0x00, 0x00, 0x00, 0x00,
    0x00, 0x00, 0x00, 0x00, 0x00, 0x00, 0x00, 0x00, 0x00, 0x00, 0x00, 0x00,
    0x00, 0x00, 0x00, 0x00, 0x88, 0xff, 0x22, 0x01, 0x88, 0xff, 0x22, 0x02,
    0x88, 0xff, 0x22, 0x04, 0x88, 0xff, 0x22, 0x05, 0x88, 0xff, 0x22, 0x06,
    0x88, 0xff, 0x22, 0x07, 0x88, 0xff, 0x22, 0x08, 0x88, 0xff, 0x22, 0x08,
    0x88, 0xff, 0x22, 0x08, 0x88, 0xff, 0x22, 0x08, 0x88, 0xff, 0x22, 0x08,
    0x88, 0xff, 0x22, 0x08, 0x88, 0xff, 0x22, 0x08, 0x88, 0xff, 0x22, 0x08,
    0x88, 0xff, 0x22, 0x08, 0x88, 0xff, 0x22, 0x08, 0x88, 0xff, 0x22, 0x08,
    0x88, 0xff, 0x22, 0x08, 0x88, 0xff, 0x22, 0x08, 0x88, 0xff, 0x22, 0x07,
    0x88, 0xff, 0x22, 0x06, 0x88, 0xff, 0x22, 0x05, 0x88, 0xff, 0x22, 0x04,
    0x88, 0xff, 0x22, 0x02, 0x88, 0xff, 0x22, 0x01, 0x00, 0x00, 0x00, 0x00,
    0x00, 0x00, 0x00, 0x00, 0x00, 0x00, 0x00, 0x00, 0x00, 0x00, 0x00, 0x00,
    0x00, 0x00, 0x00, 0x00, 0x00, 0x00, 0x00, 0x00, 0x00, 0x00, 0x00, 0x00,
    0x00, 0x00, 0x00, 0x00, 0x00, 0x00, 0x00, 0x00, 0x00, 0x00, 0x00, 0x00,
    0x00, 0x00, 0x00, 0x00, 0x00, 0x00, 0x00, 0x00, 0x00, 0x00, 0x00, 0x00,
    0x88, 0xff, 0x22, 0x01, 0x88, 0xff, 0x22, 0x02, 0x88, 0xff, 0x22, 0x05,
    0x88, 0xff, 0x22, 0x08, 0x88, 0xff, 0x22, 0x0c, 0x88, 0xff, 0x22, 0x10,
    0x88, 0xff, 0x22, 0x13, 0x88, 0xff, 0x22, 0x15, 0x88, 0xff, 0x22, 0x16,
    0x88, 0xff, 0x22, 0x17, 0x88, 0xff, 0x22, 0x17, 0x88, 0xff, 0x22, 0x17,
    0x88, 0xff, 0x22, 0x17, 0x88, 0xff, 0x22, 0x17, 0x88, 0xff, 0x22, 0x17,
    0x88, 0xff, 0x22, 0x17, 0x88, 0xff, 0x22, 0x17, 0x88, 0xff, 0x22, 0x17,
    0x88, 0xff, 0x22, 0x17, 0x88, 0xff, 0x22, 0x17, 0x88, 0xff, 0x22, 0x16,
    0x88, 0xff, 0x22, 0x15, 0x88, 0xff, 0x22, 0x13, 0x88, 0xff, 0x22, 0x10,
    0x88, 0xff, 0x22, 0x0c, 0x88, 0xff, 0x22, 0x08, 0x88, 0xff, 0x22, 0x05,
    0x88, 0xff, 0x22, 0x02, 0x88, 0xff, 0x22, 0x01, 0x00, 0x00, 0x00, 0x00,
    0x00, 0x00, 0x00, 0x00, 0x00, 0x00, 0x00, 0x00, 0x00, 0x00, 0x00, 0x00,
    0x00, 0x00, 0x00, 0x00, 0x00, 0x00, 0x00, 0x00, 0x00, 0x00, 0x00, 0x00,
    0x00, 0x00, 0x00, 0x00, 0x00, 0x00, 0x00, 0x00, 0x00, 0x00, 0x00, 0x00,
    0x88, 0xff, 0x22, 0x01, 0x88, 0xff, 0x22, 0x03, 0x88, 0xff, 0x22, 0x07,
    0x88, 0xff, 0x22, 0x0d, 0x87, 0xfd, 0x21, 0x17, 0x88, 0xff, 0x22, 0x24,
    0x86, 0xfc, 0x21, 0x34, 0x88, 0xff, 0x22, 0x3d, 0x89, 0xff, 0x22, 0x42,
    0x88, 0xff, 0x22, 0x44, 0x88, 0xff, 0x22, 0x45, 0x88, 0xff, 0x22, 0x45,
    0x88, 0xff, 0x22, 0x45, 0x88, 0xff, 0x22, 0x45, 0x88, 0xff, 0x22, 0x45,
    0x88, 0xff, 0x22, 0x45, 0x88, 0xff, 0x22, 0x45, 0x88, 0xff, 0x22, 0x45,
    0x88, 0xff, 0x22, 0x45, 0x88, 0xff, 0x22, 0x45, 0x88, 0xff, 0x22, 0x45,
    0x88, 0xff, 0x22, 0x44, 0x89, 0xff, 0x22, 0x42, 0x88, 0xff, 0x22, 0x3d,
    0x86, 0xfc, 0x21, 0x34, 0x88, 0xff, 0x22, 0x24, 0x87, 0xfd, 0x21, 0x17,
    0x88, 0xff, 0x22, 0x0d, 0x88, 0xff, 0x22, 0x07, 0x88, 0xff, 0x22, 0x03,
    0x88, 0xff, 0x22, 0x01, 0x00, 0x00, 0x00, 0x00, 0x00, 0x00, 0x00, 0x00,
    0x00, 0x00, 0x00, 0x00, 0x00, 0x00, 0x00, 0x00, 0x00, 0x00, 0x00, 0x00,
    0x00, 0x00, 0x00, 0x00, 0x00, 0x00, 0x00, 0x00, 0x00, 0x00, 0x00, 0x00,
    0x88, 0xff, 0x22, 0x01, 0x88, 0xff, 0x22, 0x03, 0x88, 0xff, 0x22, 0x08,
    0x87, 0xfd, 0x21, 0x13, 0x88, 0xff, 0x22, 0x23, 0x88, 0xff, 0x22, 0x3c,
    0x88, 0xff, 0x22, 0x56, 0x88, 0xff, 0x22, 0x6f, 0x87, 0xfe, 0x21, 0x7e,
    0x88, 0xff, 0x22, 0x86, 0x87, 0xfe, 0x21, 0x88, 0x88, 0xff, 0x22, 0x89,
    0x88, 0xff, 0x22, 0x89, 0x88, 0xff, 0x22, 0x89, 0x88, 0xff, 0x22, 0x89,
    0x88, 0xff, 0x22, 0x89, 0x88, 0xff, 0x22, 0x89, 0x88, 0xff, 0x22, 0x89,
    0x88, 0xff, 0x22, 0x89, 0x88, 0xff, 0x22, 0x89, 0x88, 0xff, 0x22, 0x89,
    0x88, 0xff, 0x22, 0x89, 0x87, 0xfe, 0x21, 0x88, 0x88, 0xff, 0x22, 0x86,
    0x87, 0xfe, 0x21, 0x7e, 0x88, 0xff, 0x22, 0x6f, 0x88, 0xff, 0x22, 0x56,
    0x88, 0xff, 0x22, 0x3c, 0x88, 0xff, 0x22, 0x23, 0x87, 0xfd, 0x21, 0x13,
    0x88, 0xff, 0x22, 0x08, 0x88, 0xff, 0x22, 0x03, 0x88, 0xff, 0x22, 0x01,
    0x00, 0x00, 0x00, 0x00, 0x00, 0x00, 0x00, 0x00, 0x00, 0x00, 0x00, 0x00,
    0x00, 0x00, 0x00, 0x00, 0x00, 0x00, 0x00, 0x00, 0x00, 0x00, 0x00, 0x00,
    0x00, 0x00, 0x00, 0x00, 0x88, 0xff, 0x22, 0x02, 0x88, 0xff, 0x22, 0x07,
    0x87, 0xfd, 0x21, 0x13, 0x88, 0xff, 0x22, 0x2b, 0x88, 0xff, 0x22, 0x4d,
    0x87, 0xfe, 0x21, 0x76, 0x88, 0xff, 0x22, 0x98, 0x88, 0xff, 0x22, 0xff,
    0x88, 0xff, 0x22, 0xff, 0x88, 0xff, 0x22, 0xff, 0x88, 0xff, 0x22, 0xff,
    0x88, 0xff, 0x22, 0xff, 0x88, 0xff, 0x22, 0xff, 0x88, 0xff, 0x22, 0xff,
    0x88, 0xff, 0x22, 0xff, 0x88, 0xff, 0x22, 0xff, 0x88, 0xff, 0x22, 0xff,
    0x88, 0xff, 0x22, 0xff, 0x88, 0xff, 0x22, 0xff, 0x88, 0xff, 0x22, 0xff,
    0x88, 0xff, 0x22, 0xff, 0x88, 0xff, 0x22, 0xff, 0x88, 0xff, 0x22, 0xff,
    0x88, 0xff, 0x22, 0xff, 0x88, 0xff, 0x22, 0xff, 0x88, 0xff, 0x22, 0xff,
    0x88, 0xff, 0x22, 0x98, 0x87, 0xfe, 0x21, 0x76, 0x88, 0xff, 0x22, 0x4d,
    0x88, 0xff, 0x22, 0x2b, 0x87, 0xfd, 0x21, 0x13, 0x88, 0xff, 0x22, 0x07,
    0x88, 0xff, 0x22, 0x02, 0x00, 0x00, 0x00, 0x00, 0x00, 0x00, 0x00, 0x00,
    0x00, 0x00, 0x00, 0x00, 0x00, 0x00, 0x00, 0x00, 0x00, 0x00, 0x00, 0x00,
    0x00, 0x00, 0x00, 0x00, 0x88, 0xff, 0x22, 0x01, 0x88, 0xff, 0x22, 0x05,
    0x88, 0xff, 0x22, 0x0d, 0x88, 0xff, 0x22, 0x23, 0x88, 0xff, 0x22, 0x4d,
    0x88, 0xff, 0x22, 0x82, 0x88, 0xff, 0x22, 0xff, 0x88, 0xff, 0x22, 0xff,
    0x88, 0xff, 0x22, 0xff, 0x88, 0xff, 0x22, 0xff, 0x88, 0xff, 0x22, 0xff,
    0x88, 0xff, 0x22, 0xff, 0x88, 0xff, 0x22, 0xff, 0x88, 0xff, 0x22, 0xff,
    0x88, 0xff, 0x22, 0xff, 0x88, 0xff, 0x22, 0xff, 0x88, 0xff, 0x22, 0xff,
    0x88, 0xff, 0x22, 0xff, 0x88, 0xff, 0x22, 0xff, 0x88, 0xff, 0x22, 0xff,
    0x88, 0xff, 0x22, 0xff, 0x88, 0xff, 0x22, 0xff, 0x88, 0xff, 0x22, 0xff,
    0x88, 0xff, 0x22, 0xff, 0x88, 0xff, 0x22, 0xff, 0x88, 0xff, 0x22, 0xff,
    0x88, 0xff, 0x22, 0xff, 0x88, 0xff, 0x22, 0xff, 0x88, 0xff, 0x22, 0xff,
    0x88, 0xff, 0x22, 0x82, 0x88, 0xff, 0x22, 0x4d, 0x88, 0xff, 0x22, 0x23,
    0x88, 0xff, 0x22, 0x0d, 0x88, 0xff, 0x22, 0x05, 0x88, 0xff, 0x22, 0x01,
    0x00, 0x00, 0x00, 0x00, 0x00, 0x00, 0x00, 0x00, 0x00, 0x00, 0x00, 0x00,
    0x00, 0x00, 0x00, 0x00, 0x00, 0x00, 0x00, 0x00, 0x88, 0xff, 0x22, 0x02,
    0x88, 0xff, 0x22, 0x08, 0x87, 0xfd, 0x21, 0x17, 0x88, 0xff, 0x22, 0x3c,
    0x87, 0xfe, 0x21, 0x76, 0x88, 0xff, 0x22, 0xff, 0x88, 0xff, 0x22, 0xff,
    0x88, 0xff, 0x22, 0xff, 0x88, 0xff, 0x22, 0xff, 0x88, 0xff, 0x22, 0xff,
    0x88, 0xff, 0x22, 0xff, 0x88, 0xff, 0x22, 0xff, 0x88, 0xff, 0x22, 0xff,
    0x88, 0xff, 0x22, 0xff, 0x88, 0xff, 0x22, 0xff, 0x88, 0xff, 0x22, 0xff,
    0x88, 0xff, 0x22, 0xff, 0x88, 0xff, 0x22, 0xff, 0x88, 0xff, 0x22, 0xff,
    0x88, 0xff, 0x22, 0xff, 0x88, 0xff, 0x22, 0xff, 0x88, 0xff, 0x22, 0xff,
    0x88, 0xff, 0x22, 0xff, 0x88, 0xff, 0x22, 0xff, 0x88, 0xff, 0x22, 0xff,
    0x88, 0xff, 0x22, 0xff, 0x88, 0xff, 0x22, 0xff, 0x88, 0xff, 0x22, 0xff,
    0x88, 0xff, 0x22, 0xff, 0x88, 0xff, 0x22, 0xff, 0x87, 0xfe, 0x21, 0x76,
    0x88, 0xff, 0x22, 0x3c, 0x87, 0xfd, 0x21, 0x17, 0x88, 0xff, 0x22, 0x08,
    0x88, 0xff, 0x22, 0x02, 0x00, 0x00, 0x00, 0x00, 0x00, 0x00, 0x00, 0x00,
    0x00, 0x00, 0x00, 0x00, 0x00, 0x00, 0x00, 0x00, 0x00, 0x00, 0x00, 0x00,
    0x88, 0xff, 0x22, 0x04, 0x88, 0xff, 0x22, 0x0c, 0x88, 0xff, 0x22, 0x24,
    0x88, 0xff, 0x22, 0x56, 0x88, 0xff, 0x22, 0x98, 0x88, 0xff, 0x22, 0xff,
    0x88, 0xff, 0x22, 0xff, 0x88, 0xff, 0x22, 0xff, 0x88, 0xff, 0x22, 0xff,
    0x88, 0xff, 0x22, 0xff, 0x88, 0xff, 0x22, 0xff, 0x88, 0xff, 0x22, 0xff,
    0x88, 0xff, 0x22, 0xff, 0x88, 0xff, 0x22, 0xff, 0x88, 0xff, 0x22, 0xff,
    0x88, 0xff, 0x22, 0xff, 0x88, 0xff, 0x22, 0xff, 0x88, 0xff, 0x22, 0xff,
    0x88, 0xff, 0x22, 0xff, 0x88, 0xff, 0x22, 0xff, 0x88, 0xff, 0x22, 0xff,
    0x88, 0xff, 0x22, 0xff, 0x57, 0xc8, 0xff, 0xff, 0x88, 0xff, 0x22, 0xff,
    0x88, 0xff, 0x22, 0xff, 0x88, 0xff, 0x22, 0xff, 0x57, 0xc8, 0xff, 0xff,
    0x88, 0xff, 0x22, 0xff, 0x88, 0xff, 0x22, 0xff, 0x88, 0xff, 0x22, 0xff,
    0x88, 0xff, 0x22, 0x98, 0x88, 0xff, 0x22, 0x56, 0x88, 0xff, 0x22, 0x24,
    0x88, 0xff, 0x22, 0x0c, 0x88, 0xff, 0x22, 0x04, 0x00, 0x00, 0x00, 0x00,
    0x00, 0x00, 0x00, 0x00, 0x00, 0x00, 0x00, 0x00, 0x00, 0x00, 0x00, 0x00,
    0x88, 0xff, 0x22, 0x01, 0x88, 0xff, 0x22, 0x05, 0x88, 0xff, 0x22, 0x10,
    0x86, 0xfc, 0x21, 0x34, 0x88, 0xff, 0x22, 0x6f, 0x88, 0xff, 0x22, 0xff,
    0x88, 0xff, 0x22, 0xff, 0x88, 0xff, 0x22, 0xff, 0x88, 0xff, 0x22, 0xff,
    0x88, 0xff, 0x22, 0xff, 0x88, 0xff, 0x22, 0xff, 0x88, 0xff, 0x22, 0xff,
    0x88, 0xff, 0x22, 0xff, 0x88, 0xff, 0x22, 0xff, 0x88, 0xff, 0x22, 0xff,
    0x88, 0xff, 0x22, 0xff, 0x88, 0xff, 0x22, 0xff, 0x88, 0xff, 0x22, 0xff,
    0x88, 0xff, 0x22, 0xff, 0x88, 0xff, 0x22, 0xff, 0x88, 0xff, 0x22, 0xff,
    0x88, 0xff, 0x22, 0xff, 0x57, 0xc8, 0xff, 0xff, 0x57, 0xc8, 0xff, 0xff,
    0x57, 0xc8, 0xff, 0xff, 0x88, 0xff, 0x22, 0xff, 0x57, 0xc8, 0xff, 0xff,
    0x57, 0xc8, 0xff, 0xff, 0x57, 0xc8, 0xff, 0xff, 0x88, 0xff, 0x22, 0xff,
    0x88, 0xff, 0x22, 0xff, 0x88, 0xff, 0x22, 0xff, 0x88, 0xff, 0x22, 0x6f,
    0x86, 0xfc, 0x21, 0x34, 0x88, 0xff, 0x22, 0x10, 0x88, 0xff, 0x22, 0x05,
    0x88, 0xff, 0x22, 0x01, 0x00, 0x00, 0x00, 0x00, 0x00, 0x00, 0x00, 0x00,
    0x00, 0x00, 0x00, 0x00, 0x88, 0xff, 0x22, 0x01, 0x88, 0xff, 0x22, 0x06,
    0x88, 0xff, 0x22, 0x13, 0x88, 0xff, 0x22, 0x3d, 0x87, 0xfe, 0x21, 0x7e,
    0x88, 0xff, 0x22, 0xff, 0x88, 0xff, 0x22, 0xff, 0x88, 0xff, 0x22, 0xff,
    0x88, 0xff, 0x22, 0xff, 0x88, 0xff, 0x22, 0xff, 0x88, 0xff, 0x22, 0xff,
    0x88, 0xff, 0x22, 0xff, 0x88, 0xff, 0x22, 0xff, 0x88, 0xff, 0x22, 0xff,
    0x88, 0xff, 0x22, 0xff, 0x88, 0xff, 0x22, 0xff, 0x88, 0xff, 0x22, 0xff,
    0x88, 0xff, 0x22, 0xff, 0x88, 0xff, 0x22, 0xff, 0x88, 0xff, 0x22, 0xff,
    0x88, 0xff, 0x22, 0xff, 0x88, 0xff, 0x22, 0xff, 0x88, 0xff, 0x22, 0xff,
    0x57, 0xc8, 0xff, 0xff, 0x88, 0xff, 0x22, 0xff, 0x88, 0xff, 0x22, 0xff,
    0x88, 0xff, 0x22, 0xff, 0x57, 0xc8, 0xff, 0xff, 0x88, 0xff, 0x22, 0xff,
    0x88, 0xff, 0x22, 0xff, 0x88, 0xff, 0x22, 0xff, 0x88, 0xff, 0x22, 0xff,
    0x87, 0xfe, 0x21, 0x7e, 0x88, 0xff, 0x22, 0x3d, 0x88, 0xff, 0x22, 0x13,
    0x88, 0xff, 0x22, 0x06, 0x88, 0xff, 0x22, 0x01, 0x00, 0x00, 0x00, 0x00,
    0x00, 0x00, 0x00, 0x00, 0x00, 0x00, 0x00, 0x00, 0x88, 0xff, 0x22, 0x01,
    0x88, 0xff, 0x22, 0x07, 0x88, 0xff, 0x22, 0x15, 0x89, 0xff, 0x22, 0x42,
    0x88, 0xff, 0x22, 0x86, 0x88, 0xff, 0x22, 0xff, 0x88, 0xff, 0x22, 0xff,
    0x88, 0xff, 0x22, 0xff, 0x88, 0xff, 0x22, 0xff, 0x88, 0xff, 0x22, 0xff,
    0xff, 0xff, 0xff, 0xff, 0xff, 0xff, 0xff, 0xff, 0xff, 0xff, 0xff, 0xff,
    0xff, 0xff, 0xff, 0xff, 0x88, 0xff, 0x22, 0xff, 0x88, 0xff, 0x22, 0xff,
    0x88, 0xff, 0x22, 0xff, 0x88, 0xff, 0x22, 0xff, 0x88, 0xff, 0x22, 0xff,
    0x88, 0xff, 0x22, 0xff, 0x88, 0xff, 0x22, 0xff, 0x88, 0xff, 0x22, 0xff,
    0x88, 0xff, 0x22, 0xff, 0x88, 0xff, 0x22, 0xff, 0x88, 0xff, 0x22, 0xff,
    0x88, 0xff, 0x22, 0xff, 0xff, 0xff, 0xff, 0xff, 0xff, 0xff, 0xff, 0xff,
    0xff, 0xff, 0xff, 0xff, 0x88, 0xff, 0x22, 0xff, 0x88, 0xff, 0x22, 0xff,
    0x88, 0xff, 0x22, 0xff, 0x88, 0xff, 0x22, 0x86, 0x89, 0xff, 0x22, 0x42,
    0x88, 0xff, 0x22, 0x15, 0x88, 0xff, 0x22, 0x07, 0x88, 0xff, 0x22, 0x01,
    0x00, 0x00, 0x00, 0x00, 0x00, 0x00, 0x00, 0x00, 0x00, 0x00, 0x00, 0x00,
    0x88, 0xff, 0x22, 0x02, 0x88, 0xff, 0x22, 0x08, 0x88, 0xff, 0x22, 0x16,
    0x88, 0xff, 0x22, 0x44, 0x87, 0xfe, 0x21, 0x88, 0x88, 0xff, 0x22, 0xff,
    0x88, 0xff, 0x22, 0xff, 0x88, 0xff, 0x22, 0xff, 0x88, 0xff, 0x22, 0xff,
    0xff, 0xff, 0xff, 0xff, 0xff, 0xff, 0xff, 0xff, 0xff, 0xff, 0xff, 0xff,
    0xff, 0xff, 0xff, 0xff, 0xff, 0xff, 0xff, 0xff, 0xff, 0xff, 0xff, 0xff,
    0x88, 0xff, 0x22, 0xff, 0x88, 0xff, 0x22, 0xff, 0x88, 0xff, 0x22, 0xff,
    0x88, 0xff, 0x22, 0xff, 0x88, 0xff, 0x22, 0xff, 0x88, 0xff, 0x22, 0xff,
    0x88, 0xff, 0x22, 0xff, 0x88, 0xff, 0x22, 0xff, 0x88, 0xff, 0x22, 0xff,
    0x88, 0xff, 0x22, 0xff, 0xff, 0xff, 0xff, 0xff, 0xff, 0xff, 0xff, 0xff,
    0xff, 0xff, 0xff, 0xff, 0xff, 0xff, 0xff, 0xff, 0x88, 0xff, 0x22, 0xff,
    0x88, 0xff, 0x22, 0xff, 0x88, 0xff, 0x22, 0xff, 0x87, 0xfe, 0x21, 0x88,
    0x88, 0xff, 0x22, 0x44, 0x88, 0xff, 0x22, 0x16, 0x88, 0xff, 0x22, 0x08,
    0x88, 0xff, 0x22, 0x02, 0x00, 0x00, 0x00, 0x00, 0x00, 0x00, 0x00, 0x00,
    0x00, 0x00, 0x00, 0x00, 0x88, 0xff, 0x22, 0x02, 0x88, 0xff, 0x22, 0x08,
    0x88, 0xff, 0x22, 0x17, 0x88, 0xff, 0x22, 0x45, 0x88, 0xff, 0x22, 0x89,
    0x88, 0xff, 0x22, 0xff, 0x88, 0xff, 0x22, 0xff, 0x88, 0xff, 0x22, 0xff,
    0xff, 0xff, 0xff, 0xff, 0xff, 0xff, 0xff, 0xff, 0xff, 0xff, 0xff, 0xff,
    0xff, 0xff, 0xff, 0xff, 0xff, 0xff, 0xff, 0xff, 0xff, 0xff, 0xff, 0xff,
    0xff, 0xff, 0xff, 0xff, 0xff, 0xff, 0xff, 0xff, 0x88, 0xff, 0x22, 0xff,
    0x88, 0xff, 0x22, 0xff, 0x88, 0xff, 0x22, 0xff, 0x88, 0xff, 0x22, 0xff,
    0x88, 0xff, 0x22, 0xff, 0x88, 0xff, 0x22, 0xff, 0x88, 0xff, 0x22, 0xff,
    0x88, 0xff, 0x22, 0xff, 0xff, 0xff, 0xff, 0xff, 0xff, 0xff, 0xff, 0xff,
    0xff, 0xff, 0xff, 0xff, 0xff, 0xff, 0xff, 0xff, 0x88, 0xff, 0x22, 0xff,
    0x88, 0xff, 0x22, 0xff, 0x88, 0xff, 0x22, 0xff, 0x88, 0xff, 0x22, 0xff,
    0x88, 0xff, 0x22, 0x89, 0x88, 0xff, 0x22, 0x45, 0x88, 0xff, 0x22, 0x17,
    0x88, 0xff, 0x22, 0x08, 0x88, 0xff, 0x22, 0x02, 0x00, 0x00, 0x00, 0x00,
    0x00, 0x00, 0x00, 0x00, 0x00, 0x00, 0x00, 0x00, 0x88, 0xff, 0x22, 0x02,
    0x88, 0xff, 0x22, 0x08, 0x88, 0xff, 0x22, 0x17, 0x88, 0xff, 0x22, 0x45,
    0x88, 0xff, 0x22, 0x89, 0x88, 0xff, 0x22, 0xff, 0x88, 0xff, 0x22, 0xff,
    0x88, 0xff, 0x22, 0xff, 0xff, 0xff, 0xff, 0xff, 0xff, 0xff, 0xff, 0xff,
    0xff, 0xff, 0xff, 0xff, 0x88, 0xff, 0x22, 0xff, 0x88, 0xff, 0x22, 0xff,
    0xff, 0xff, 0xff, 0xff, 0xff, 0xff, 0xff, 0xff, 0xff, 0xff, 0xff, 0xff,
    0x88, 0xff, 0x22, 0xff, 0x88, 0xff, 0x22, 0xff, 0x88, 0xff, 0x22, 0xff,
    0x88, 0xff, 0x22, 0xff, 0x88, 0xff, 0x22, 0xff, 0x88, 0xff, 0x22, 0xff,
    0x88, 0xff, 0x22, 0xff, 0x88, 0xff, 0x22, 0xff, 0xff, 0xff, 0xff, 0xff,
    0xff, 0xff, 0xff, 0xff, 0xff, 0xff, 0xff, 0xff, 0x88, 0xff, 0x22, 0xff,
    0x88, 0xff, 0x22, 0xff, 0x88, 0xff, 0x22, 0xff, 0x88, 0xff, 0x22, 0xff,
    0x88, 0xff, 0x22, 0xff, 0x88, 0xff, 0x22, 0x89, 0x88, 0xff, 0x22, 0x45,
    0x88, 0xff, 0x22, 0x17, 0x88, 0xff, 0x22, 0x08, 0x88, 0xff, 0x22, 0x02,
    0x00, 0x00, 0x00, 0x00, 0x00, 0x00, 0x00, 0x00, 0x00, 0x00, 0x00, 0x00,
    0x88, 0xff, 0x22, 0x02, 0x88, 0xff, 0x22, 0x08, 0x88, 0xff, 0x22, 0x17,
    0x88, 0xff, 0x22, 0x45, 0x88, 0xff, 0x22, 0x89, 0x88, 0xff, 0x22, 0xff,
    0x88, 0xff, 0x22, 0xff, 0xff, 0xff, 0xff, 0xff, 0xff, 0xff, 0xff, 0xff,
    0xff, 0xff, 0xff, 0xff, 0xff, 0xff, 0xff, 0xff, 0x88, 0xff, 0x22, 0xff,
    0x88, 0xff, 0x22, 0xff, 0xff, 0xff, 0xff, 0xff, 0xff, 0xff, 0xff, 0xff,
    0xff, 0xff, 0xff, 0xff, 0xff, 0xff, 0xff, 0xff, 0x88, 0xff, 0x22, 0xff,
    0x88, 0xff, 0x22, 0xff, 0x88, 0xff, 0x22, 0xff, 0x88, 0xff, 0x22, 0xff,
    0x88, 0xff, 0x22, 0xff, 0x88, 0xff, 0x22, 0xff, 0xff, 0xff, 0xff, 0xff,
    0xff, 0xff, 0xff, 0xff, 0xff, 0xff, 0xff, 0xff, 0xff, 0xff, 0xff, 0xff,
    0x88, 0xff, 0x22, 0xff, 0x88, 0xff, 0x22, 0xff, 0x88, 0xff, 0x22, 0xff,
    0x88, 0xff, 0x22, 0xff, 0x88, 0xff, 0x22, 0xff, 0x88, 0xff, 0x22, 0x89,
    0x88, 0xff, 0x22, 0x45, 0x88, 0xff, 0x22, 0x17, 0x88, 0xff, 0x22, 0x08,
    0x88, 0xff, 0x22, 0x02, 0x00, 0x00, 0x00, 0x00, 0x00, 0x00, 0x00, 0x00,
    0x00, 0x00, 0x00, 0x00, 0x88, 0xff, 0x22, 0x02, 0x88, 0xff, 0x22, 0x08,
    0x88, 0xff, 0x22, 0x17, 0x88, 0xff, 0x22, 0x45, 0x88, 0xff, 0x22, 0x89,
    0x88, 0xff, 0x22, 0xff, 0x88, 0xff, 0x22, 0xff, 0xff, 0xff, 0xff, 0xff,
    0xff, 0xff, 0xff, 0xff, 0xff, 0xff, 0xff, 0xff, 0x88, 0xff, 0x22, 0xff,
    0x88, 0xff, 0x22, 0xff, 0x88, 0xff, 0x22, 0xff, 0x88, 0xff, 0x22, 0xff,
    0xff, 0xff, 0xff, 0xff, 0xff, 0xff, 0xff, 0xff, 0xff, 0xff, 0xff, 0xff,
    0x88, 0xff, 0x22, 0xff, 0x88, 0xff, 0x22, 0xff, 0x88, 0xff, 0x22, 0xff,
    0x88, 0xff, 0x22, 0xff, 0x88, 0xff, 0x22, 0xff, 0x88, 0xff, 0x22, 0xff,
    0xff, 0xff, 0xff, 0xff, 0xff, 0xff, 0xff, 0xff, 0xff, 0xff, 0xff, 0xff,
    0x88, 0xff, 0x22, 0xff, 0x88, 0xff, 0x22, 0xff, 0x88, 0xff, 0x22, 0xff,
    0x88, 0xff, 0x22, 0xff, 0x88, 0xff, 0x22, 0xff, 0x88, 0xff, 0x22, 0xff,
    0x88, 0xff, 0x22, 0x89, 0x88, 0xff, 0x22, 0x45, 0x88, 0xff, 0x22, 0x17,
    0x88, 0xff, 0x22, 0x08, 0x88, 0xff, 0x22, 0x02, 0x00, 0x00, 0x00, 0x00,
    0x00, 0x00, 0x00, 0x00, 0x00, 0x00, 0x00, 0x00, 0x88, 0xff, 0x22, 0x02,
    0x88, 0xff, 0x22, 0x08, 0x88, 0xff, 0x22, 0x17, 0x88, 0xff, 0x22, 0x45,
    0x88, 0xff, 0x22, 0x89, 0x88, 0xff, 0x22, 0xff, 0x88, 0xff, 0x22, 0xff,
    0xff, 0xff, 0xff, 0xff, 0xff, 0xff, 0xff, 0xff, 0x88, 0xff, 0x22, 0xff,
    0x88, 0xff, 0x22, 0xff, 0x88, 0xff, 0x22, 0xff, 0x88, 0xff, 0x22, 0xff,
    0x88, 0xff, 0x22, 0xff, 0x88, 0xff, 0x22, 0xff, 0xff, 0xff, 0xff, 0xff,
    0xff, 0xff, 0xff, 0xff, 0xff, 0xff, 0xff, 0xff, 0x88, 0xff, 0x22, 0xff,
    0x88, 0xff, 0x22, 0xff, 0x88, 0xff, 0x22, 0xff, 0x88, 0xff, 0x22, 0xff,
    0xff, 0xff, 0xff, 0xff, 0xff, 0xff, 0xff, 0xff, 0xff, 0xff, 0xff, 0xff,
    0x88, 0xff, 0x22, 0xff, 0x88, 0xff, 0x22, 0xff, 0x88, 0xff, 0x22, 0xff,
    0x88, 0xff, 0x22, 0xff, 0x88, 0xff, 0x22, 0xff, 0x88, 0xff, 0x22, 0xff,
    0x88, 0xff, 0x22, 0xff, 0x88, 0xff, 0x22, 0x89, 0x88, 0xff, 0x22, 0x45,
    0x88, 0xff, 0x22, 0x17, 0x88, 0xff, 0x22, 0x08, 0x88, 0xff, 0x22, 0x02,
    0x00, 0x00, 0x00, 0x00, 0x00, 0x00, 0x00, 0x00, 0x00, 0x00, 0x00, 0x00,
    0x88, 0xff, 0x22, 0x02, 0x88, 0xff, 0x22, 0x08, 0x88, 0xff, 0x22, 0x17,
    0x88, 0xff, 0x22, 0x45, 0x88, 0xff, 0x22, 0x89, 0x88, 0xff, 0x22, 0xff,
    0x88, 0xff, 0x22, 0xff, 0x88, 0xff, 0x22, 0xff, 0x88, 0xff, 0x22, 0xff,
    0x88, 0xff, 0x22, 0xff, 0x88, 0xff, 0x22, 0xff, 0x88, 0xff, 0x22, 0xff,
    0x88, 0xff, 0x22, 0xff, 0x88, 0xff, 0x22, 0xff, 0x88, 0xff, 0x22, 0xff,
    0xff, 0xff, 0xff, 0xff, 0xff, 0xff, 0xff, 0xff, 0xff, 0xff, 0xff, 0xff,
    0xff, 0xff, 0xff, 0xff, 0x88, 0xff, 0x22, 0xff, 0x88, 0xff, 0x22, 0xff,
    0xff, 0xff, 0xff, 0xff, 0xff, 0xff, 0xff, 0xff, 0xff, 0xff, 0xff, 0xff,
    0xff, 0xff, 0xff, 0xff, 0x88, 0xff, 0x22, 0xff, 0x88, 0xff, 0x22, 0xff,
    0x88, 0xff, 0x22, 0xff, 0x88, 0xff, 0x22, 0xff, 0x88, 0xff, 0x22, 0xff,
    0x88, 0xff, 0x22, 0xff, 0x88, 0xff, 0x22, 0xff, 0x88, 0xff, 0x22, 0x89,
    0x88, 0xff, 0x22, 0x45, 0x88, 0xff, 0x22, 0x17, 0x88, 0xff, 0x22, 0x08,
    0x88, 0xff, 0x22, 0x02, 0x00, 0x00, 0x00, 0x00, 0x00, 0x00, 0x00, 0x00,
    0x00, 0x00, 0x00, 0x00, 0x88, 0xff, 0x22, 0x02, 0x88, 0xff, 0x22, 0x08,
    0x88, 0xff, 0x22, 0x17, 0x88, 0xff, 0x22, 0x45, 0x88, 0xff, 0x22, 0x89,
    0x88, 0xff, 0x22, 0xff, 0x88, 0xff, 0x22, 0xff, 0x88, 0xff, 0x22, 0xff,
    0x88, 0xff, 0x22, 0xff, 0x88, 0xff, 0x22, 0xff, 0x88, 0xff, 0x22, 0xff,
    0x88, 0xff, 0x22, 0xff, 0x88, 0xff, 0x22, 0xff, 0x88, 0xff, 0x22, 0xff,
    0x88, 0xff, 0x22, 0xff, 0x88, 0xff, 0x22, 0xff, 0xff, 0xff, 0xff, 0xff,
    0xff, 0xff, 0xff, 0xff, 0xff, 0xff, 0xff, 0xff, 0x88, 0xff, 0x22, 0xff,
    0x88, 0xff, 0x22, 0xff, 0xff, 0xff, 0xff, 0xff, 0xff, 0xff, 0xff, 0xff,
    0xff, 0xff, 0xff, 0xff, 0x88, 0xff, 0x22, 0xff, 0x88, 0xff, 0x22, 0xff,
    0x88, 0xff, 0x22, 0xff, 0x88, 0xff, 0x22, 0xff, 0x88, 0xff, 0x22, 0xff,
    0x88, 0xff, 0x22, 0xff, 0x88, 0xff, 0x22, 0xff, 0x88, 0xff, 0x22, 0xff,
    0x88, 0xff, 0x22, 0x89, 0x88, 0xff, 0x22, 0x45, 0x88, 0xff, 0x22, 0x17,
    0x88, 0xff, 0x22, 0x08, 0x88, 0xff, 0x22, 0x02, 0x00, 0x00, 0x00, 0x00,
    0x00, 0x00, 0x00, 0x00, 0x00, 0x00, 0x00, 0x00, 0x88, 0xff, 0x22, 0x02,
    0x88, 0xff, 0x22, 0x08, 0x88, 0xff, 0x22, 0x16, 0x88, 0xff, 0x22, 0x44,
    0x87, 0xfe, 0x21, 0x88, 0x88, 0xff, 0x22, 0xff, 0x88, 0xff, 0x22, 0xff,
    0x88, 0xff, 0x22, 0xff, 0x88, 0xff, 0x22, 0xff, 0x88, 0xff, 0x22, 0xff,
    0x88, 0xff, 0x22, 0xff, 0x88, 0xff, 0x22, 0xff, 0x88, 0xff, 0x22, 0xff,
    0x88, 0xff, 0x22, 0xff, 0x88, 0xff, 0x22, 0xff, 0x88, 0xff, 0x22, 0xff,
    0xff, 0xff, 0xff, 0xff, 0xff, 0xff, 0xff, 0xff, 0xff, 0xff, 0xff, 0xff,
    0xff, 0xff, 0xff, 0xff, 0xff, 0xff, 0xff, 0xff, 0xff, 0xff, 0xff, 0xff,
    0xff, 0xff, 0xff, 0xff, 0xff, 0xff, 0xff, 0xff, 0x88, 0xff, 0x22, 0xff,
    0x88, 0xff, 0x22, 0xff, 0x88, 0xff, 0x22, 0xff, 0x88, 0xff, 0x22, 0xff,
    0x88, 0xff, 0x22, 0xff, 0x88, 0xff, 0x22, 0xff, 0x88, 0xff, 0x22, 0xff,
    0x88, 0xff, 0x22, 0xff, 0x87, 0xfe, 0x21, 0x88, 0x88, 0xff, 0x22, 0x44,
    0x88, 0xff, 0x22, 0x16, 0x88, 0xff, 0x22, 0x08, 0x88, 0xff, 0x22, 0x02,
    0x00, 0x00, 0x00, 0x00, 0x00, 0x00, 0x00, 0x00, 0x00, 0x00, 0x00, 0x00,
    0x88, 0xff, 0x22, 0x01, 0x88, 0xff, 0x22, 0x07, 0x88, 0xff, 0x22, 0x15,
    0x89, 0xff, 0x22, 0x42, 0x88, 0xff, 0x22, 0x86, 0x88, 0xff, 0x22, 0xff,
    0x88, 0xff, 0x22, 0xff, 0x88, 0xff, 0x22, 0xff, 0x88, 0xff, 0x22, 0xff,
    0x88, 0xff, 0x22, 0xff, 0x88, 0xff, 0x22, 0xff, 0x88, 0xff, 0x22, 0xff,
    0x88, 0xff, 0x22, 0xff, 0x88, 0xff, 0x22, 0xff, 0x88, 0xff, 0x22, 0xff,
    0x88, 0xff, 0x22, 0xff, 0x88, 0xff, 0x22, 0xff, 0xff, 0xff, 0xff, 0xff,
    0xff, 0xff, 0xff, 0xff, 0xff, 0xff, 0xff, 0xff, 0xff, 0xff, 0xff, 0xff,
    0xff, 0xff, 0xff, 0xff, 0xff, 0xff, 0xff, 0xff, 0x88, 0xff, 0x22, 0xff,
    0x88, 0xff, 0x22, 0xff, 0x88, 0xff, 0x22, 0xff, 0x88, 0xff, 0x22, 0xff,
    0x88, 0xff, 0x22, 0xff, 0x88, 0xff, 0x22, 0xff, 0x88, 0xff, 0x22, 0xff,
    0x88, 0xff, 0x22, 0xff, 0x88, 0xff, 0x22, 0xff, 0x88, 0xff, 0x22, 0x86,
    0x89, 0xff, 0x22, 0x42, 0x88, 0xff, 0x22, 0x15, 0x88, 0xff, 0x22, 0x07,
    0x88, 0xff, 0x22, 0x01, 0x00, 0x00, 0x00, 0x00, 0x00, 0x00, 0x00, 0x00,
    0x00, 0x00, 0x00, 0x00, 0x88, 0xff, 0x22, 0x01, 0x88, 0xff, 0x22, 0x06,
    0x88, 0xff, 0x22, 0x13, 0x88, 0xff, 0x22, 0x3d, 0x87, 0xfe, 0x21, 0x7e,
    0x88, 0xff, 0x22, 0xff, 0x88, 0xff, 0x22, 0xff, 0x88, 0xff, 0x22, 0xff,
    0x88, 0xff, 0x22, 0xff, 0x88, 0xff, 0x22, 0xff, 0x88, 0xff, 0x22, 0xff,
    0x88, 0xff, 0x22, 0xff, 0x88, 0xff, 0x22, 0xff, 0x88, 0xff, 0x22, 0xff,
    0x88, 0xff, 0x22, 0xff, 0x88, 0xff, 0x22, 0xff, 0x88, 0xff, 0x22, 0xff,
    0x88, 0xff, 0x22, 0xff, 0xff, 0xff, 0xff, 0xff, 0xff, 0xff, 0xff, 0xff,
    0xff, 0xff, 0xff, 0xff, 0xff, 0xff, 0xff, 0xff, 0x88, 0xff, 0x22, 0xff,
    0x88, 0xff, 0x22, 0xff, 0x88, 0xff, 0x22, 0xff, 0x88, 0xff, 0x22, 0xff,
    0x88, 0xff, 0x22, 0xff, 0x88, 0xff, 0x22, 0xff, 0x88, 0xff, 0x22, 0xff,
    0x88, 0xff, 0x22, 0xff, 0x88, 0xff, 0x22, 0xff, 0x88, 0xff, 0x22, 0xff,
    0x87, 0xfe, 0x21, 0x7e, 0x88, 0xff, 0x22, 0x3d, 0x88, 0xff, 0x22, 0x13,
    0x88, 0xff, 0x22, 0x06, 0x88, 0xff, 0x22, 0x01, 0x00, 0x00, 0x00, 0x00,
    0x00, 0x00, 0x00, 0x00, 0x00, 0x00, 0x00, 0x00, 0x88, 0xff, 0x22, 0x01,
    0x88, 0xff, 0x22, 0x05, 0x88, 0xff, 0x22, 0x10, 0x86, 0xfc, 0x21, 0x34,
    0x88, 0xff, 0x22, 0x6f, 0x88, 0xff, 0x22, 0xff, 0x88, 0xff, 0x22, 0xff,
    0x88, 0xff, 0x22, 0xff, 0x88, 0xff, 0x22, 0xff, 0x88, 0xff, 0x22, 0xff,
    0x88, 0xff, 0x22, 0xff, 0x88, 0xff, 0x22, 0xff, 0x88, 0xff, 0x22, 0xff,
    0x88, 0xff, 0x22, 0xff, 0x88, 0xff, 0x22, 0xff, 0x88, 0xff, 0x22, 0xff,
    0x88, 0xff, 0x22, 0xff, 0x88, 0xff, 0x22, 0xff, 0x88, 0xff, 0x22, 0xff,
    0x88, 0xff, 0x22, 0xff, 0x88, 0xff, 0x22, 0xff, 0x88, 0xff, 0x22, 0xff,
    0x88, 0xff, 0x22, 0xff, 0x88, 0xff, 0x22, 0xff, 0x88, 0xff, 0x22, 0xff,
    0x88, 0xff, 0x22, 0xff, 0x88, 0xff, 0x22, 0xff, 0x88, 0xff, 0x22, 0xff,
    0x88, 0xff, 0x22, 0xff, 0x88, 0xff, 0x22, 0xff, 0x88, 0xff, 0x22, 0xff,
    0x88, 0xff, 0x22, 0xff, 0x88, 0xff, 0x22, 0x6f, 0x86, 0xfc, 0x21, 0x34,
    0x88, 0xff, 0x22, 0x10, 0x88, 0xff, 0x22, 0x05, 0x88, 0xff, 0x22, 0x01,
    0x00, 0x00, 0x00, 0x00, 0x00, 0x00, 0x00, 0x00, 0x00, 0x00, 0x00, 0x00,
    0x00, 0x00, 0x00, 0x00, 0x88, 0xff, 0x22, 0x04, 0x88, 0xff, 0x22, 0x0c,
    0x88, 0xff, 0x22, 0x24, 0x88, 0xff, 0x22, 0x56, 0x88, 0xff, 0x22, 0x98,
    0x88, 0xff, 0x22, 0xff, 0x88, 0xff, 0x22, 0xff, 0x88, 0xff, 0x22, 0xff,
    0x88, 0xff, 0x22, 0xff, 0x88, 0xff, 0x22, 0xff, 0x88, 0xff, 0x22, 0xff,
    0x88, 0xff, 0x22, 0xff, 0x88, 0xff, 0x22, 0xff, 0x88, 0xff, 0x22, 0xff,
    0x88, 0xff, 0x22, 0xff, 0x88, 0xff, 0x22, 0xff, 0x88, 0xff, 0x22, 0xff,
    0x88, 0xff, 0x22, 0xff, 0x88, 0xff, 0x22, 0xff, 0x88, 0xff, 0x22, 0xff,
    0x88, 0xff, 0x22, 0xff, 0x88, 0xff, 0x22, 0xff, 0x88, 0xff, 0x22, 0xff,
    0x88, 0xff, 0x22, 0xff, 0x88, 0xff, 0x22, 0xff, 0x88, 0xff, 0x22, 0xff,
    0x88, 0xff, 0x22, 0xff, 0x88, 0xff, 0x22, 0xff, 0x88, 0xff, 0x22, 0xff,
    0x88, 0xff, 0x22, 0xff, 0x88, 0xff, 0x22, 0x98, 0x88, 0xff, 0x22, 0x56,
    0x88, 0xff, 0x22, 0x24, 0x88, 0xff, 0x22, 0x0c, 0x88, 0xff, 0x22, 0x04,
    0x00, 0x00, 0x00, 0x00, 0x00, 0x00, 0x00, 0x00, 0x00, 0x00, 0x00, 0x00,
    0x00, 0x00, 0x00, 0x00, 0x00, 0x00, 0x00, 0x00, 0x88, 0xff, 0x22, 0x02,
    0x88, 0xff, 0x22, 0x08, 0x87, 0xfd, 0x21, 0x17, 0x88, 0xff, 0x22, 0x3c,
    0x87, 0xfe, 0x21, 0x76, 0x88, 0xff, 0x22, 0xff, 0x88, 0xff, 0x22, 0xff,
    0x88, 0xff, 0x22, 0xff, 0x88, 0xff, 0x22, 0xff, 0x88, 0xff, 0x22, 0xff,
    0x88, 0xff, 0x22, 0xff, 0x88, 0xff, 0x22, 0xff, 0x88, 0xff, 0x22, 0xff,
    0x88, 0xff, 0x22, 0xff, 0x88, 0xff, 0x22, 0xff, 0x88, 0xff, 0x22, 0xff,
    0x88, 0xff, 0x22, 0xff, 0x88, 0xff, 0x22, 0xff, 0x88, 0xff, 0x22, 0xff,
    0x88, 0xff, 0x22, 0xff, 0x88, 0xff, 0x22, 0xff, 0x88, 0xff, 0x22, 0xff,
    0x88, 0xff, 0x22, 0xff, 0x88, 0xff, 0x22, 0xff, 0x88, 0xff, 0x22, 0xff,
    0x88, 0xff, 0x22, 0xff, 0x88, 0xff, 0x22, 0xff, 0x88, 0xff, 0x22, 0xff,
    0x88, 0xff, 0x22, 0xff, 0x88, 0xff, 0x22, 0xff, 0x87, 0xfe, 0x21, 0x76,
    0x88, 0xff, 0x22, 0x3c, 0x87, 0xfd, 0x21, 0x17, 0x88, 0xff, 0x22, 0x08,
    0x88, 0xff, 0x22, 0x02, 0x00, 0x00, 0x00, 0x00, 0x00, 0x00, 0x00, 0x00,
    0x00, 0x00, 0x00, 0x00, 0x00, 0x00, 0x00, 0x00, 0x00, 0x00, 0x00, 0x00,
    0x88, 0xff, 0x22, 0x01, 0x88, 0xff, 0x22, 0x05, 0x88, 0xff, 0x22, 0x0d,
    0x88, 0xff, 0x22, 0x23, 0x88, 0xff, 0x22, 0x4d, 0x88, 0xff, 0x22, 0x82,
    0x88, 0xff, 0x22, 0xff, 0x88, 0xff, 0x22, 0xff, 0x88, 0xff, 0x22, 0xff,
    0x88, 0xff, 0x22, 0xff, 0x88, 0xff, 0x22, 0xff, 0x88, 0xff, 0x22, 0xff,
    0x88, 0xff, 0x22, 0xff, 0x88, 0xff, 0x22, 0xff, 0x88, 0xff, 0x22, 0xff,
    0x88, 0xff, 0x22, 0xff, 0x88, 0xff, 0x22, 0xff, 0x88, 0xff, 0x22, 0xff,
    0x88, 0xff, 0x22, 0xff, 0x88, 0xff, 0x22, 0xff, 0x88, 0xff, 0x22, 0xff,
    0x88, 0xff, 0x22, 0xff, 0x88, 0xff, 0x22, 0xff, 0x88, 0xff, 0x22, 0xff,
    0x88, 0xff, 0x22, 0xff, 0x88, 0xff, 0x22, 0xff, 0x88, 0xff, 0x22, 0xff,
    0x88, 0xff, 0x22, 0xff, 0x88, 0xff, 0x22, 0xff, 0x88, 0xff, 0x22, 0x82,
    0x88, 0xff, 0x22, 0x4d, 0x88, 0xff, 0x22, 0x23, 0x88, 0xff, 0x22, 0x0d,
    0x88, 0xff, 0x22, 0x05, 0x88, 0xff, 0x22, 0x01, 0x00, 0x00, 0x00, 0x00,
    0x00, 0x00, 0x00, 0x00, 0x00, 0x00, 0x00, 0x00, 0x00, 0x00, 0x00, 0x00,
    0x00, 0x00, 0x00, 0x00, 0x00, 0x00, 0x00, 0x00, 0x88, 0xff, 0x22, 0x02,
    0x88, 0xff, 0x22, 0x07, 0x87, 0xfd, 0x21, 0x13, 0x88, 0xff, 0x22, 0x2b,
    0x88, 0xff, 0x22, 0x4d, 0x87, 0xfe, 0x21, 0x76, 0x88, 0xff, 0x22, 0x98,
    0x88, 0xff, 0x22, 0xff, 0x88, 0xff, 0x22, 0xff, 0x88, 0xff, 0x22, 0xff,
    0x88, 0xff, 0x22, 0xff, 0x88, 0xff, 0x22, 0xff, 0x88, 0xff, 0x22, 0xff,
    0x88, 0xff, 0x22, 0xff, 0x88, 0xff, 0x22, 0xff, 0x88, 0xff, 0x22, 0xff,
    0x88, 0xff, 0x22, 0xff, 0x88, 0xff, 0x22, 0xff, 0x88, 0xff, 0x22, 0xff,
    0x88, 0xff, 0x22, 0xff, 0x88, 0xff, 0x22, 0xff, 0x88, 0xff, 0x22, 0xff,
    0x88, 0xff, 0x22, 0xff, 0x88, 0xff, 0x22, 0xff, 0x88, 0xff, 0x22, 0xff,
    0x88, 0xff, 0x22, 0xff, 0x88, 0xff, 0x22, 0x98, 0x87, 0xfe, 0x21, 0x76,
    0x88, 0xff, 0x22, 0x4d, 0x88, 0xff, 0x22, 0x2b, 0x87, 0xfd, 0x21, 0x13,
    0x88, 0xff, 0x22, 0x07, 0x88, 0xff, 0x22, 0x02, 0x00, 0x00, 0x00, 0x00,
    0x00, 0x00, 0x00, 0x00, 0x00, 0x00, 0x00, 0x00, 0x00, 0x00, 0x00, 0x00,
    0x00, 0x00, 0x00, 0x00, 0x00, 0x00, 0x00, 0x00, 0x00, 0x00, 0x00, 0x00,
    0x88, 0xff, 0x22, 0x01, 0x88, 0xff, 0x22, 0x03, 0x88, 0xff, 0x22, 0x08,
    0x87, 0xfd, 0x21, 0x13, 0x88, 0xff, 0x22, 0x23, 0x88, 0xff, 0x22, 0x3c,
    0x88, 0xff, 0x22, 0x56, 0x88, 0xff, 0x22, 0x6f, 0x87, 0xfe, 0x21, 0x7e,
    0x88, 0xff, 0x22, 0x86, 0x87, 0xfe, 0x21, 0x88, 0x88, 0xff, 0x22, 0x89,
    0x88, 0xff, 0x22, 0x89, 0x88, 0xff, 0x22, 0x89, 0x88, 0xff, 0x22, 0x89,
    0x88, 0xff, 0x22, 0x89, 0x88, 0xff, 0x22, 0x89, 0x88, 0xff, 0x22, 0x89,
    0x88, 0xff, 0x22, 0x89, 0x88, 0xff, 0x22, 0x89, 0x88, 0xff, 0x22, 0x89,
    0x88, 0xff, 0x22, 0x89, 0x87, 0xfe, 0x21, 0x88, 0x88, 0xff, 0x22, 0x86,
    0x87, 0xfe, 0x21, 0x7e, 0x88, 0xff, 0x22, 0x6f, 0x88, 0xff, 0x22, 0x56,
    0x88, 0xff, 0x22, 0x3c, 0x88, 0xff, 0x22, 0x23, 0x87, 0xfd, 0x21, 0x13,
    0x88, 0xff, 0x22, 0x08, 0x88, 0xff, 0x22, 0x03, 0x88, 0xff, 0x22, 0x01,
    0x00, 0x00, 0x00, 0x00, 0x00, 0x00, 0x00, 0x00, 0x00, 0x00, 0x00, 0x00,
    0x00, 0x00, 0x00, 0x00, 0x00, 0x00, 0x00, 0x00, 0x00, 0x00, 0x00, 0x00,
    0x00, 0x00, 0x00, 0x00, 0x00, 0x00, 0x00, 0x00, 0x88, 0xff, 0x22, 0x01,
    0x88, 0xff, 0x22, 0x03, 0x88, 0xff, 0x22, 0x07, 0x88, 0xff, 0x22, 0x0d,
    0x87, 0xfd, 0x21, 0x17, 0x88, 0xff, 0x22, 0x24, 0x86, 0xfc, 0x21, 0x34,
    0x88, 0xff, 0x22, 0x3d, 0x89, 0xff, 0x22, 0x42, 0x88, 0xff, 0x22, 0x44,
    0x88, 0xff, 0x22, 0x45, 0x88, 0xff, 0x22, 0x45, 0x88, 0xff, 0x22, 0x45,
    0x88, 0xff, 0x22, 0x45, 0x88, 0xff, 0x22, 0x45, 0x88, 0xff, 0x22, 0x45,
    0x88, 0xff, 0x22, 0x45, 0x88, 0xff, 0x22, 0x45, 0x88, 0xff, 0x22, 0x45,
    0x88, 0xff, 0x22, 0x45, 0x88, 0xff, 0x22, 0x45, 0x88, 0xff, 0x22, 0x44,
    0x89, 0xff, 0x22, 0x42, 0x88, 0xff, 0x22, 0x3d, 0x86, 0xfc, 0x21, 0x34,
    0x88, 0xff, 0x22, 0x24, 0x87, 0xfd, 0x21, 0x17, 0x88, 0xff, 0x22, 0x0d,
    0x88, 0xff, 0x22, 0x07, 0x88, 0xff, 0x22, 0x03, 0x88, 0xff, 0x22, 0x01,
    0x00, 0x00, 0x00, 0x00, 0x00, 0x00, 0x00, 0x00, 0x00, 0x00, 0x00, 0x00,
    0x00, 0x00, 0x00, 0x00, 0x00, 0x00, 0x00, 0x00, 0x00, 0x00, 0x00, 0x00,
    0x00, 0x00, 0x00, 0x00, 0x00, 0x00, 0x00, 0x00, 0x00, 0x00, 0x00, 0x00,
    0x00, 0x00, 0x00, 0x00, 0x88, 0xff, 0x22, 0x01, 0x88, 0xff, 0x22, 0x02,
    0x88, 0xff, 0x22, 0x05, 0x88, 0xff, 0x22, 0x08, 0x88, 0xff, 0x22, 0x0c,
    0x88, 0xff, 0x22, 0x10, 0x88, 0xff, 0x22, 0x13, 0x88, 0xff, 0x22, 0x15,
    0x88, 0xff, 0x22, 0x16, 0x88, 0xff, 0x22, 0x17, 0x88, 0xff, 0x22, 0x17,
    0x88, 0xff, 0x22, 0x17, 0x88, 0xff, 0x22, 0x17, 0x88, 0xff, 0x22, 0x17,
    0x88, 0xff, 0x22, 0x17, 0x88, 0xff, 0x22, 0x17, 0x88, 0xff, 0x22, 0x17,
    0x88, 0xff, 0x22, 0x17, 0x88, 0xff, 0x22, 0x17, 0x88, 0xff, 0x22, 0x17,
    0x88, 0xff, 0x22, 0x16, 0x88, 0xff, 0x22, 0x15, 0x88, 0xff, 0x22, 0x13,
    0x88, 0xff, 0x22, 0x10, 0x88, 0xff, 0x22, 0x0c, 0x88, 0xff, 0x22, 0x08,
    0x88, 0xff, 0x22, 0x05, 0x88, 0xff, 0x22, 0x02, 0x88, 0xff, 0x22, 0x01,
    0x00, 0x00, 0x00, 0x00, 0x00, 0x00, 0x00, 0x00, 0x00, 0x00, 0x00, 0x00,
    0x00, 0x00, 0x00, 0x00, 0x00, 0x00, 0x00, 0x00, 0x00, 0x00, 0x00, 0x00,
    0x00, 0x00, 0x00, 0x00, 0x00, 0x00, 0x00, 0x00, 0x00, 0x00, 0x00, 0x00,
    0x00, 0x00, 0x00, 0x00, 0x00, 0x00, 0x00, 0x00, 0x00, 0x00, 0x00, 0x00,
    0x00, 0x00, 0x00, 0x00, 0x88, 0xff, 0x22, 0x01, 0x88, 0xff, 0x22, 0x02,
    0x88, 0xff, 0x22, 0x04, 0x88, 0xff, 0x22, 0x05, 0x88, 0xff, 0x22, 0x06,
    0x88, 0xff, 0x22, 0x07, 0x88, 0xff, 0x22, 0x08, 0x88, 0xff, 0x22, 0x08,
    0x88, 0xff, 0x22, 0x08, 0x88, 0xff, 0x22, 0x08, 0x88, 0xff, 0x22, 0x08,
    0x88, 0xff, 0x22, 0x08, 0x88, 0xff, 0x22, 0x08, 0x88, 0xff, 0x22, 0x08,
    0x88, 0xff, 0x22, 0x08, 0x88, 0xff, 0x22, 0x08, 0x88, 0xff, 0x22, 0x08,
    0x88, 0xff, 0x22, 0x08, 0x88, 0xff, 0x22, 0x08, 0x88, 0xff, 0x22, 0x07,
    0x88, 0xff, 0x22, 0x06, 0x88, 0xff, 0x22, 0x05, 0x88, 0xff, 0x22, 0x04,
    0x88, 0xff, 0x22, 0x02, 0x88, 0xff, 0x22, 0x01, 0x00, 0x00, 0x00, 0x00,
    0x00, 0x00, 0x00, 0x00, 0x00, 0x00, 0x00, 0x00, 0x00, 0x00, 0x00, 0x00,
    0x00, 0x00, 0x00, 0x00, 0x00, 0x00, 0x00, 0x00, 0x00, 0x00, 0x00, 0x00,
    0x00, 0x00, 0x00, 0x00, 0x00, 0x00, 0x00, 0x00, 0x00, 0x00, 0x00, 0x00,
    0x00, 0x00, 0x00, 0x00, 0x00, 0x00, 0x00, 0x00, 0x00, 0x00, 0x00, 0x00,
    0x00, 0x00, 0x00, 0x00, 0x00, 0x00, 0x00, 0x00, 0x00, 0x00, 0x00, 0x00,
    0x00, 0x00, 0x00, 0x00, 0x00, 0x00, 0x00, 0x00, 0x88, 0xff, 0x22, 0x01,
    0x88, 0xff, 0x22, 0x01, 0x88, 0xff, 0x22, 0x01, 0x88, 0xff, 0x22, 0x02,
    0x88, 0xff, 0x22, 0x02, 0x88, 0xff, 0x22, 0x02, 0x88, 0xff, 0x22, 0x02,
    0x88, 0xff, 0x22, 0x02, 0x88, 0xff, 0x22, 0x02, 0x88, 0xff, 0x22, 0x02,
    0x88, 0xff, 0x22, 0x02, 0x88, 0xff, 0x22, 0x02, 0x88, 0xff, 0x22, 0x02,
    0x88, 0xff, 0x22, 0x02, 0x88, 0xff, 0x22, 0x02, 0x88, 0xff, 0x22, 0x02,
    0x88, 0xff, 0x22, 0x01, 0x88, 0xff, 0x22, 0x01, 0x88, 0xff, 0x22, 0x01,
    0x00, 0x00, 0x00, 0x00, 0x00, 0x00, 0x00, 0x00, 0x00, 0x00, 0x00, 0x00,
    0x00, 0x00, 0x00, 0x00, 0x00, 0x00, 0x00, 0x00, 0x00, 0x00, 0x00, 0x00,
    0x00, 0x00, 0x00, 0x00, 0x00, 0x00, 0x00, 0x00, 0x00, 0x00, 0x00, 0x00,
    0x00, 0x00, 0x00, 0x00, 0x00, 0x00, 0x00, 0x00, 0x00, 0x00, 0x00, 0x00,
    0x00, 0x00, 0x00, 0x00, 0x00, 0x00, 0x00, 0x00, 0x00, 0x00, 0x00, 0x00,
    0x00, 0x00, 0x00, 0x00, 0x00, 0x00, 0x00, 0x00, 0x00, 0x00, 0x00, 0x00,
    0x00, 0x00, 0x00, 0x00, 0x00, 0x00, 0x00, 0x00, 0x00, 0x00, 0x00, 0x00,
    0x00, 0x00, 0x00, 0x00, 0x00, 0x00, 0x00, 0x00, 0x00, 0x00, 0x00, 0x00,
    0x00, 0x00, 0x00, 0x00, 0x00, 0x00, 0x00, 0x00, 0x00, 0x00, 0x00, 0x00,
    0x00, 0x00, 0x00, 0x00, 0x00, 0x00, 0x00, 0x00, 0x00, 0x00, 0x00, 0x00,
    0x00, 0x00, 0x00, 0x00, 0x00, 0x00, 0x00, 0x00, 0x00, 0x00, 0x00, 0x00,
    0x00, 0x00, 0x00, 0x00, 0x00, 0x00, 0x00, 0x00, 0x00, 0x00, 0x00, 0x00,
    0x00, 0x00, 0x00, 0x00, 0x00, 0x00, 0x00, 0x00, 0x00, 0x00, 0x00, 0x00,
    0x00, 0x00, 0x00, 0x00, 0x00, 0x00, 0x00, 0x00, 0x00, 0x00, 0x00, 0x00,
    0x00, 0x00, 0x00, 0x00, 0x00, 0x00, 0x00, 0x00, 0x00, 0x00, 0x00, 0x00,
    0x00, 0x00, 0x00, 0x00, 0x00, 0x00, 0x00, 0x00, 0x00, 0x00, 0x00, 0x00,
    0x00, 0x00, 0x00, 0x00, 0x00, 0x00, 0x00, 0x00, 0x00, 0x00, 0x00, 0x00,
    0x00, 0x00, 0x00, 0x00, 0x00, 0x00, 0x00, 0x00, 0x00, 0x00, 0x00, 0x00,
    0x00, 0x00, 0x00, 0x00, 0x00, 0x00, 0x00, 0x00, 0x00, 0x00, 0x00, 0x00,
    0x00, 0x00, 0x00, 0x00, 0x00, 0x00, 0x00, 0x00, 0x00, 0x00, 0x00, 0x00,
    0x00, 0x00, 0x00, 0x00, 0x00, 0x00, 0x00, 0x00, 0x00, 0x00, 0x00, 0x00,
    0x00, 0x00, 0x00, 0x00, 0x00, 0x00, 0x00, 0x00, 0x00, 0x00, 0x00, 0x00,
    0x00, 0x00, 0x00, 0x00, 0x00, 0x00, 0x00, 0x00, 0x00, 0x00, 0x00, 0x00,
    0x00, 0x00, 0x00, 0x00, 0x00, 0x00, 0x00, 0x00, 0x00, 0x00, 0x00, 0x00,
    0x00, 0x00, 0x00, 0x00, 0x00, 0x00, 0x00, 0x00, 0x00, 0x00, 0x00, 0x00,
    0x00, 0x00, 0x00, 0x00, 0x00, 0x00, 0x00, 0x00, 0x00, 0x00, 0x00, 0x00,
    0x00, 0x00, 0x00, 0x00, 0x00, 0x00, 0x00, 0x00, 0x00, 0x00, 0x00, 0x00,
    0x00, 0x00, 0x00, 0x00, 0x00, 0x00, 0x00, 0x00, 0x00, 0x00, 0x00, 0x00,
    0x00, 0x00, 0x00, 0x00, 0x00, 0x00, 0x00, 0x00, 0x00, 0x00, 0x00, 0x00,
    0x00, 0x00, 0x00, 0x00, 0x00, 0x00, 0x00, 0x00, 0x00, 0x00, 0x00, 0x00,
    0x00, 0x00, 0x00, 0x00, 0x00, 0x00, 0x00, 0x00, 0x00, 0x00, 0x00, 0x00,
    0x00, 0x00, 0x00, 0x00, 0x00, 0x00, 0x00, 0x00, 0x00, 0x00, 0x00, 0x00,
    0x00, 0x00, 0x00, 0x00, 0x00, 0x00, 0x00, 0x00, 0x00, 0x00, 0x00, 0x00,
    0x00, 0x00, 0x00, 0x00, 0x00, 0x00, 0x00, 0x00, 0x00, 0x00, 0x00, 0x00,
    0x00, 0x00, 0x00, 0x00, 0x00, 0x00, 0x00, 0x00, 0x00, 0x00, 0x00, 0x00,
    0x00, 0x00, 0x00, 0x00, 0x00, 0x00, 0x00, 0x00, 0x00, 0x00, 0x00, 0x00,
    0x00, 0x00, 0x00, 0x00, 0x00, 0x00, 0x00, 0x00, 0x00, 0x00, 0x00, 0x00,
    0x00, 0x00, 0x00, 0x00, 0x00, 0x00, 0x00, 0x00, 0x00, 0x00, 0x00, 0x00,
    0x00, 0x00, 0x00, 0x00, 0x00, 0x00, 0x00, 0x00, 0x00, 0x00, 0x00, 0x00,
    0x00, 0x00, 0x00, 0x00, 0x00, 0x00, 0x00, 0x00, 0x00, 0x00, 0x00, 0x00,
    0x00, 0x00, 0x00, 0x00, 0x00, 0x00, 0x00, 0x00, 0x00, 0x00, 0x00, 0x00,
    0x00, 0x00, 0x00, 0x00, 0x00, 0x00, 0x00, 0x00, 0x00, 0x00, 0x00, 0x00,
    0x00, 0x00, 0x00, 0x00, 0x00, 0x00, 0x00, 0x00, 0x00, 0x00, 0x00, 0x00,
    0x00, 0x00, 0x00, 0x00,
};
const lv_image_dsc_t launcher_icon_scope = {
    .header.magic = LV_IMAGE_HEADER_MAGIC,
    .header.cf = LV_COLOR_FORMAT_ARGB8888,
    .header.flags = 0,
    .header.w = 40,
    .header.h = 40,
    .header.stride = 160,
    .data_size = 6400,
    .data = icon_scope_data,
};

static const uint8_t icon_usb2ttl_data[6400] = {
    0x00, 0x00, 0x00, 0x00, 0x00, 0x00, 0x00, 0x00, 0x00, 0x00, 0x00, 0x00,
    0x00, 0x00, 0x00, 0x00, 0x00, 0x00, 0x00, 0x00, 0x00, 0x00, 0x00, 0x00,
    0x00, 0x00, 0x00, 0x00, 0x00, 0x00, 0x00, 0x00, 0x00, 0x00, 0x00, 0x00,
    0x00, 0x00, 0x00, 0x00, 0x00, 0x00, 0x00, 0x00, 0x00, 0x00, 0x00, 0x00,
    0x00, 0x00, 0x00, 0x00, 0x00, 0x00, 0x00, 0x00, 0x00, 0x00, 0x00, 0x00,
    0x00, 0x00, 0x00, 0x00, 0x00, 0x00, 0x00, 0x00, 0x00, 0x00, 0x00, 0x00,
    0x00, 0x00, 0x00, 0x00, 0x00, 0x00, 0x00, 0x00, 0x00, 0x00, 0x00, 0x00,
    0x00, 0x00, 0x00, 0x00, 0x00, 0x00, 0x00, 0x00, 0x00, 0x00, 0x00, 0x00,
    0x00, 0x00, 0x00, 0x00, 0x00, 0x00, 0x00, 0x00, 0x00, 0x00, 0x00, 0x00,
    0x00, 0x00, 0x00, 0x00, 0x00, 0x00, 0x00, 0x00, 0x00, 0x00, 0x00, 0x00,
    0x00, 0x00, 0x00, 0x00, 0x00, 0x00, 0x00, 0x00, 0x00, 0x00, 0x00, 0x00,
    0x00, 0x00, 0x00, 0x00, 0x00, 0x00, 0x00, 0x00, 0x00, 0x00, 0x00, 0x00,
    0x00, 0x00, 0x00, 0x00, 0x00, 0x00, 0x00, 0x00, 0x00, 0x00, 0x00, 0x00,
    0x00, 0x00, 0x00, 0x00, 0x00, 0x00, 0x00, 0x00, 0x00, 0x00, 0x00, 0x00,
    0x00, 0x00, 0x00, 0x00, 0x00, 0x00, 0x00, 0x00, 0x00, 0x00, 0x00, 0x00,
    0x00, 0x00, 0x00, 0x00, 0x00, 0x00, 0x00, 0x00, 0x00, 0x00, 0x00, 0x00,
    0x00, 0x00, 0x00, 0x00, 0x00, 0x00, 0x00, 0x00, 0x00, 0x00, 0x00, 0x00,
    0x00, 0x00, 0x00, 0x00, 0x00, 0x00, 0x00, 0x00, 0x00, 0x00, 0x00, 0x00,
    0x00, 0x00, 0x00, 0x00, 0x00, 0x00, 0x00, 0x00, 0x00, 0x00, 0x00, 0x00,
    0x00, 0x00, 0x00, 0x00, 0x00, 0x00, 0x00, 0x00, 0x00, 0x00, 0x00, 0x00,
    0x00, 0x00, 0x00, 0x00, 0x00, 0x00, 0x00, 0x00, 0x00, 0x00, 0x00, 0x00,
    0x00, 0x00, 0x00, 0x00, 0x00, 0x00, 0x00, 0x00, 0x00, 0x00, 0x00, 0x00,
    0x00, 0x00, 0x00, 0x00, 0x00, 0x00, 0x00, 0x00, 0x00, 0x00, 0x00, 0x00,
    0x00, 0x00, 0x00, 0x00, 0x00, 0x00, 0x00, 0x00, 0x00, 0x00, 0x00, 0x00,
    0x00, 0x00, 0x00, 0x00, 0x00, 0x00, 0x00, 0x00, 0x00, 0x00, 0x00, 0x00,
    0x00, 0x00, 0x00, 0x00, 0x00, 0x00, 0x00, 0x00, 0x00, 0x00, 0x00, 0x00,
    0x00, 0x00, 0x00, 0x00, 0x00, 0x00, 0x00, 0x00, 0x00, 0x00, 0x00, 0x00,
    0x00, 0x00, 0x00, 0x00, 0x00, 0x00, 0x00, 0x00, 0x00, 0x00, 0x00, 0x00,
    0x00, 0x00, 0x00, 0x00, 0x00, 0x00, 0x00, 0x00, 0x00, 0x00, 0x00, 0x00,
    0x00, 0x00, 0x00, 0x00, 0x00, 0x00, 0x00, 0x00, 0x00, 0x00, 0x00, 0x00,
    0x00, 0x00, 0x00, 0x00, 0x00, 0x00, 0x00, 0x00, 0x00, 0x00, 0x00, 0x00,
    0x00, 0x00, 0x00, 0x00, 0x00, 0x00, 0x00, 0x00, 0x00, 0x00, 0x00, 0x00,
    0x00, 0x00, 0x00, 0x00, 0x00, 0x00, 0x00, 0x00, 0x00, 0x00, 0x00, 0x00,
    0x00, 0x00, 0x00, 0x00, 0x00, 0x00, 0x00, 0x00, 0x00, 0x00, 0x00, 0x00,
    0x00, 0x00, 0x00, 0x00, 0x00, 0x00, 0x00, 0x00, 0x00, 0x00, 0x00, 0x00,
    0x00, 0x00, 0x00, 0x00, 0x00, 0x00, 0x00, 0x00, 0x00, 0x00, 0x00, 0x00,
    0x00, 0x00, 0x00, 0x00, 0x00, 0x00, 0x00, 0x00, 0x00, 0x00, 0x00, 0x00,
    0x00, 0x00, 0x00, 0x00, 0x00, 0x00, 0x00, 0x00, 0x00, 0x00, 0x00, 0x00,
    0x00, 0x00, 0x00, 0x00, 0x00, 0x00, 0x00, 0x00, 0x00, 0x00, 0x00, 0x00,
    0x00, 0x00, 0x00, 0x00, 0x00, 0x00, 0x00, 0x00, 0x00, 0x00, 0x00, 0x00,
    0x00, 0x00, 0x00, 0x00, 0x00, 0x00, 0x00, 0x00, 0x00, 0x00, 0x00, 0x00,
    0x00, 0x00, 0x00, 0x00, 0x00, 0x00, 0x00, 0x00, 0x00, 0x00, 0x00, 0x00,
    0x00, 0x00, 0x00, 0x00, 0x00, 0x00, 0x00, 0x00, 0x00, 0x00, 0x00, 0x00,
    0x00, 0x00, 0x00, 0x00, 0x00, 0x00, 0x00, 0x00, 0x00, 0x00, 0x00, 0x00,
    0x00, 0x00, 0x00, 0x00, 0x00, 0x00, 0x00, 0x00, 0x00, 0x00, 0x00, 0x00,
    0x00, 0x00, 0x00, 0x00, 0x00, 0x00, 0x00, 0x00, 0x00, 0x00, 0x00, 0x00,
    0x00, 0x00, 0x00, 0x00, 0x00, 0x00, 0x00, 0x00, 0x00, 0x00, 0x00, 0x00,
    0x00, 0x00, 0x00, 0x00, 0x00, 0x00, 0x00, 0x00, 0x00, 0x00, 0x00, 0x00,
    0x00, 0x00, 0x00, 0x00, 0x00, 0x00, 0x00, 0x00, 0x00, 0x00, 0x00, 0x00,
    0x00, 0x00, 0x00, 0x00, 0x00, 0x00, 0x00, 0x00, 0x00, 0x00, 0x00, 0x00,
    0x00, 0x00, 0x00, 0x00, 0x00, 0x00, 0x00, 0x00, 0x00, 0x00, 0x00, 0x00,
    0x00, 0x00, 0x00, 0x00, 0x00, 0x00, 0x00, 0x00, 0x00, 0x00, 0x00, 0x00,
    0x00, 0x00, 0x00, 0x00, 0x00, 0x00, 0x00, 0x00, 0x00, 0x00, 0x00, 0x00,
    0x00, 0x00, 0x00, 0x00, 0x00, 0x00, 0x00, 0x00, 0x00, 0x00, 0x00, 0x00,
    0x00, 0x00, 0x00, 0x00, 0x00, 0x00, 0x00, 0x00, 0x00, 0x00, 0x00, 0x00,
    0x00, 0x00, 0x00, 0x00, 0x00, 0x00, 0x00, 0x00, 0x00, 0x00, 0x00, 0x00,
    0x00, 0x00, 0x00, 0x00, 0x00, 0x00, 0x00, 0x00, 0x00, 0x00, 0x00, 0x00,
    0x00, 0x00, 0x00, 0x00, 0x00, 0x00, 0x00, 0x00, 0x00, 0x00, 0x00, 0x00,
    0x00, 0x00, 0x00, 0x00, 0x00, 0x00, 0x00, 0x00, 0x00, 0x00, 0x00, 0x00,
    0x00, 0x00, 0x00, 0x00, 0x00, 0x00, 0x00, 0x00, 0x00, 0x00, 0x00, 0x00,
    0x00, 0x00, 0x00, 0x00, 0x00, 0x00, 0x00, 0x00, 0x00, 0x00, 0x00, 0x00,
    0x00, 0x00, 0x00, 0x00, 0x00, 0x00, 0x00, 0x00, 0x00, 0x00, 0x00, 0x00,
    0x00, 0x00, 0x00, 0x00, 0x00, 0x00, 0x00, 0x00, 0x00, 0x00, 0x00, 0x00,
    0x00, 0x00, 0x00, 0x00, 0x00, 0x00, 0x00, 0x00, 0x00, 0x00, 0x00, 0x00,
    0x00, 0x00, 0x00, 0x00, 0x00, 0x00, 0x00, 0x00, 0x00, 0x00, 0x00, 0x00,
    0x00, 0x00, 0x00, 0x00, 0x00, 0x00, 0x00, 0x00, 0x00, 0x00, 0x00, 0x00,
    0x00, 0x00, 0x00, 0x00, 0x00, 0x00, 0x00, 0x00, 0x00, 0x00, 0x00, 0x00,
    0x00, 0x00, 0x00, 0x00, 0x00, 0x00, 0x00, 0x00, 0x00, 0x00, 0x00, 0x00,
    0x00, 0x00, 0x00, 0x00, 0x00, 0x00, 0x00, 0x00, 0x00, 0x00, 0x00, 0x00,
    0x00, 0x00, 0x00, 0x00, 0x00, 0x00, 0x00, 0x00, 0x00, 0x00, 0x00, 0x00,
    0x00, 0x00, 0x00, 0x00, 0x00, 0x00, 0x00, 0x00, 0x00, 0x00, 0x00, 0x00,
    0x00, 0x00, 0x00, 0x00, 0x00, 0x00, 0x00, 0x00, 0x00, 0x00, 0x00, 0x00,
    0x00, 0x00, 0x00, 0x00, 0x00, 0x00, 0x00, 0x00, 0x00, 0x00, 0x00, 0x00,
    0x00, 0x00, 0x00, 0x00, 0x00, 0x00, 0x00, 0x00, 0x00, 0x00, 0x00, 0x00,
    0x00, 0x00, 0x00, 0x00, 0x00, 0x00, 0x00, 0x00, 0x00, 0x00, 0x00, 0x00,
    0x00, 0x00, 0x00, 0x00, 0x00, 0x00, 0x00, 0x00, 0x00, 0x00, 0x00, 0x00,
    0x00, 0x00, 0x00, 0x00, 0x00, 0x00, 0x00, 0x00, 0x00, 0x00, 0x00, 0x00,
    0x00, 0x00, 0x00, 0x00, 0x00, 0x00, 0x00, 0x00, 0x00, 0x00, 0x00, 0x00,
    0x00, 0x00, 0x00, 0x00, 0x00, 0x00, 0x00, 0x00, 0x00, 0x00, 0x00, 0x00,
    0x00, 0x00, 0x00, 0x00, 0x00, 0x00, 0x00, 0x00, 0x00, 0x00, 0x00, 0x00,
    0x00, 0x00, 0x00, 0x00, 0x00, 0x00, 0x00, 0x00, 0x00, 0x00, 0x00, 0x00,
    0x00, 0x00, 0x00, 0x00, 0x00, 0x00, 0x00, 0x00, 0x00, 0x00, 0x00, 0x00,
    0x00, 0x00, 0x00, 0x00, 0x00, 0x00, 0x00, 0x00, 0x00, 0x00, 0x00, 0x00,
    0x00, 0x00, 0x00, 0x00, 0x00, 0x00, 0x00, 0x00, 0x00, 0x00, 0x00, 0x00,
    0x00, 0x00, 0x00, 0x00, 0x00, 0x00, 0x00, 0x00, 0x00, 0x00, 0x00, 0x00,
    0x00, 0x00, 0x00, 0x00, 0x00, 0x00, 0x00, 0x00, 0x00, 0x00, 0x00, 0x00,
    0x00, 0x00, 0x00, 0x00, 0x00, 0x00, 0x00, 0x00, 0x00, 0x00, 0x00, 0x00,
    0x00, 0x00, 0x00, 0x00, 0x00, 0x00, 0x00, 0x00, 0x00, 0x00, 0x00, 0x00,
    0x00, 0x00, 0x00, 0x00, 0x00, 0x00, 0x00, 0x00, 0x00, 0x00, 0x00, 0x00,
    0x00, 0x00, 0x00, 0x00, 0x00, 0x00, 0x00, 0x00, 0x00, 0x00, 0x00, 0x00,
    0x00, 0x00, 0x00, 0x00, 0x00, 0x00, 0x00, 0x00, 0x00, 0x00, 0x00, 0x00,
    0x00, 0x00, 0x00, 0x00, 0x00, 0x00, 0x00, 0x00, 0x00, 0x00, 0x00, 0x00,
    0x00, 0x00, 0x00, 0x00, 0x00, 0x00, 0x00, 0x00, 0x00, 0x00, 0x00, 0x00,
    0x00, 0x00, 0x00, 0x00, 0x00, 0x00, 0x00, 0x00, 0x00, 0x00, 0x00, 0x00,
    0x00, 0x00, 0x00, 0x00, 0x00, 0x00, 0x00, 0x00, 0x00, 0x00, 0x00, 0x00,
    0x00, 0x00, 0x00, 0x00, 0x00, 0x00, 0x00, 0x00, 0x00, 0x00, 0x00, 0x00,
    0x00, 0x00, 0x00, 0x00, 0x00, 0x00, 0x00, 0x00, 0x00, 0x00, 0x00, 0x00,
    0x00, 0x00, 0x00, 0x00, 0x00, 0x00, 0x00, 0x00, 0x00, 0x00, 0x00, 0x00,
    0x00, 0x00, 0x00, 0x00, 0x00, 0x00, 0x00, 0x00, 0x00, 0x00, 0x00, 0x00,
    0x00, 0x00, 0x00, 0x00, 0x00, 0x00, 0x00, 0x00, 0x00, 0x00, 0x00, 0x00,
    0x00, 0x00, 0x00, 0x00, 0x00, 0x00, 0x00, 0x00, 0x00, 0x00, 0x00, 0x00,
    0x00, 0x00, 0x00, 0x00, 0x00, 0x00, 0x00, 0x00, 0x00, 0x00, 0x00, 0x00,
    0x00, 0x00, 0x00, 0x00, 0x00, 0x00, 0x00, 0x00, 0x00, 0x00, 0x00, 0x00,
    0x00, 0x00, 0x00, 0x00, 0x00, 0x00, 0x00, 0x00, 0x00, 0x00, 0x00, 0x00,
    0x00, 0x00, 0x00, 0x00, 0x00, 0x00, 0x00, 0x00, 0x00, 0x00, 0x00, 0x00,
    0x00, 0x00, 0x00, 0x00, 0x00, 0x00, 0x00, 0x00, 0x00, 0x00, 0x00, 0x00,
    0x00, 0x00, 0x00, 0x00, 0x00, 0x00, 0x00, 0x00, 0x00, 0x00, 0x00, 0x00,
    0x00, 0x00, 0x00, 0x00, 0x00, 0x00, 0x00, 0x00, 0x00, 0x00, 0x00, 0x00,
    0x00, 0x00, 0x00, 0x00, 0x00, 0x00, 0x00, 0x00, 0x00, 0x00, 0x00, 0x00,
    0x00, 0x00, 0x00, 0x00, 0x00, 0x00, 0x00, 0x00, 0x00, 0x00, 0x00, 0x00,
    0x00, 0x00, 0x00, 0x00, 0x00, 0x00, 0x00, 0x00, 0x00, 0x00, 0x00, 0x00,
    0x00, 0x00, 0x00, 0x00, 0x00, 0x00, 0x00, 0x00, 0x00, 0x00, 0x00, 0x00,
    0x00, 0x00, 0x00, 0x00, 0x00, 0x00, 0x00, 0x00, 0x00, 0x00, 0x00, 0x00,
    0x00, 0x00, 0x00, 0x00, 0x00, 0x00, 0x00, 0x00, 0x00, 0x00, 0x00, 0x00,
    0x00, 0x00, 0x00, 0x00, 0x00, 0x00, 0x00, 0x00, 0x00, 0x00, 0x00, 0x00,
    0x00, 0x00, 0x00, 0x00, 0x00, 0x00, 0x00, 0x00, 0x00, 0x00, 0x00, 0x00,
    0x00, 0x00, 0x00, 0x00, 0x00, 0x00, 0x00, 0x00, 0x00, 0x00, 0x00, 0x00,
    0x00, 0x00, 0x00, 0x00, 0x00, 0x00, 0x00, 0x00, 0x00, 0x00, 0x00, 0x00,
    0x00, 0x00, 0x00, 0x00, 0x00, 0x00, 0x00, 0x00, 0x00, 0x00, 0x00, 0x00,
    0x00, 0x00, 0x00, 0x00, 0x00, 0x00, 0x00, 0x00, 0x00, 0x00, 0x00, 0x00,
    0x00, 0x00, 0x00, 0x00, 0x00, 0x00, 0x00, 0x00, 0x00, 0x00, 0x00, 0x00,
    0x00, 0x00, 0x00, 0x00, 0x00, 0x00, 0x00, 0x00, 0x00, 0x00, 0x00, 0x00,
    0x00, 0x00, 0x00, 0x00, 0x00, 0x00, 0x00, 0x00, 0xff, 0x4c, 0xb1, 0x01,
    0xff, 0x4c, 0xb1, 0x01, 0xff, 0x4c, 0xb1, 0x01, 0xff, 0x4c, 0xb1, 0x01,
    0xff, 0x4c, 0xb1, 0x01, 0xff, 0x4c, 0xb1, 0x01, 0xff, 0x4c, 0xb1, 0x01,
    0x00, 0x00, 0x00, 0x00, 0x00, 0x00, 0x00, 0x00, 0x00, 0x00, 0x00, 0x00,
    0x00, 0x00, 0x00, 0x00, 0x00, 0x00, 0x00, 0x00, 0x00, 0x00, 0x00, 0x00,
    0x00, 0x00, 0x00, 0x00, 0x00, 0x00, 0x00, 0x00, 0x00, 0x00, 0x00, 0x00,
    0x00, 0x00, 0x00, 0x00, 0x00, 0x00, 0x00, 0x00, 0x00, 0x00, 0x00, 0x00,
    0x00, 0x00, 0x00, 0x00, 0x00, 0x00, 0x00, 0x00, 0x00, 0x00, 0x00, 0x00,
    0x00, 0x00, 0x00, 0x00, 0x00, 0x00, 0x00, 0x00, 0x00, 0x00, 0x00, 0x00,
    0x00, 0x00, 0x00, 0x00, 0x00, 0x00, 0x00, 0x00, 0x00, 0x00, 0x00, 0x00,
    0x00, 0x00, 0x00, 0x00, 0x00, 0x00, 0x00, 0x00, 0x00, 0x00, 0x00, 0x00,
    0x00, 0x00, 0x00, 0x00, 0x00, 0x00, 0x00, 0x00, 0x00, 0x00, 0x00, 0x00,
    0x00, 0x00, 0x00, 0x00, 0x00, 0x00, 0x00, 0x00, 0x00, 0x00, 0x00, 0x00,
    0xff, 0x4c, 0xb1, 0x01, 0xff, 0x4c, 0xb1, 0x02, 0xff, 0x4c, 0xb1, 0x04,
    0xff, 0x4c, 0xb1, 0x05, 0xff, 0x4c, 0xb1, 0x06, 0xff, 0x4c, 0xb1, 0x07,
    0xff, 0x4c, 0xb1, 0x07, 0xff, 0x4c, 0xb1, 0x07, 0xff, 0x4c, 0xb1, 0x06,
    0xff, 0x4c, 0xb1, 0x05, 0xff, 0x4c, 0xb1, 0x04, 0xff, 0x4c, 0xb1, 0x02,
    0xff, 0x4c, 0xb1, 0x01, 0x00, 0x00, 0x00, 0x00, 0x00, 0x00, 0x00, 0x00,
    0x00, 0x00, 0x00, 0x00, 0x00, 0x00, 0x00, 0x00, 0x00, 0x00, 0x00, 0x00,
    0x00, 0x00, 0x00, 0x00, 0x00, 0x00, 0x00, 0x00, 0x00, 0x00, 0x00, 0x00,
    0x00, 0x00, 0x00, 0x00, 0x00, 0x00, 0x00, 0x00, 0x00, 0x00, 0x00, 0x00,
    0x00, 0x00, 0x00, 0x00, 0x00, 0x00, 0x00, 0x00, 0x00, 0x00, 0x00, 0x00,
    0x00, 0x00, 0x00, 0x00, 0x00, 0x00, 0x00, 0x00, 0x00, 0x00, 0x00, 0x00,
    0x00, 0x00, 0x00, 0x00, 0x00, 0x00, 0x00, 0x00, 0x00, 0x00, 0x00, 0x00,
    0x00, 0x00, 0x00, 0x00, 0x00, 0x00, 0x00, 0x00, 0x00, 0x00, 0x00, 0x00,
    0x00, 0x00, 0x00, 0x00, 0x00, 0x00, 0x00, 0x00, 0xff, 0x4c, 0xb1, 0x01,
    0xff, 0x4c, 0xb1, 0x02, 0xff, 0x4c, 0xb1, 0x05, 0xff, 0x4c, 0xb1, 0x08,
    0xff, 0x4c, 0xb1, 0x0c, 0xff, 0x4c, 0xb1, 0x10, 0xff, 0x4c, 0xb1, 0x13,
    0xff, 0x4c, 0xb1, 0x15, 0xff, 0x4c, 0xb1, 0x16, 0xff, 0x4c, 0xb1, 0x15,
    0xff, 0x4c, 0xb1, 0x13, 0xff, 0x4c, 0xb1, 0x10, 0xff, 0x4c, 0xb1, 0x0c,
    0xff, 0x4c, 0xb1, 0x08, 0xff, 0x4c, 0xb1, 0x05, 0xff, 0x4c, 0xb1, 0x02,
    0xff, 0x4c, 0xb1, 0x01, 0x00, 0x00, 0x00, 0x00, 0x00, 0x00, 0x00, 0x00,
    0x00, 0x00, 0x00, 0x00, 0x00, 0x00, 0x00, 0x00, 0x00, 0x00, 0x00, 0x00,
    0x00, 0x00, 0x00, 0x00, 0x00, 0x00, 0x00, 0x00, 0x00, 0x00, 0x00, 0x00,
    0x00, 0x00, 0x00, 0x00, 0x00, 0x00, 0x00, 0x00, 0x00, 0x00, 0x00, 0x00,
    0x00, 0x00, 0x00, 0x00, 0x00, 0x00, 0x00, 0x00, 0x00, 0x00, 0x00, 0x00,
    0x00, 0x00, 0x00, 0x00, 0x00, 0x00, 0x00, 0x00, 0x00, 0x00, 0x00, 0x00,
    0x00, 0x00, 0x00, 0x00, 0x00, 0x00, 0x00, 0x00, 0x00, 0x00, 0x00, 0x00,
    0x00, 0x00, 0x00, 0x00, 0x00, 0x00, 0x00, 0x00, 0xff, 0x4c, 0xb1, 0x01,
    0xff, 0x4c, 0xb1, 0x02, 0xff, 0x4c, 0xb1, 0x06, 0xff, 0x4c, 0xb1, 0x0c,
    0xfd, 0x4b, 0xaf, 0x16, 0xff, 0x4c, 0xb1, 0x23, 0xfd, 0x4b, 0xaf, 0x33,
    0xff, 0x4c, 0xb2, 0x3c, 0xff, 0x4c, 0xb2, 0x42, 0xff, 0x4c, 0xb2, 0x43,
    0xff, 0x4c, 0xb2, 0x42, 0xff, 0x4c, 0xb2, 0x3c, 0xfd, 0x4b, 0xaf, 0x33,
    0xff, 0x4c, 0xb1, 0x23, 0xfd, 0x4b, 0xaf, 0x16, 0xff, 0x4c, 0xb1, 0x0c,
    0xff, 0x4c, 0xb1, 0x06, 0xff, 0x4c, 0xb1, 0x02, 0xff, 0x4c, 0xb1, 0x01,
    0x00, 0x00, 0x00, 0x00, 0x00, 0x00, 0x00, 0x00, 0x00, 0x00, 0x00, 0x00,
    0x00, 0x00, 0x00, 0x00, 0x00, 0x00, 0x00, 0x00, 0x00, 0x00, 0x00, 0x00,
    0x00, 0x00, 0x00, 0x00, 0x00, 0x00, 0x00, 0x00, 0x00, 0x00, 0x00, 0x00,
    0x00, 0x00, 0x00, 0x00, 0x00, 0x00, 0x00, 0x00, 0x00, 0x00, 0x00, 0x00,
    0x00, 0x00, 0x00, 0x00, 0x00, 0x00, 0x00, 0x00, 0x00, 0x00, 0x00, 0x00,
    0x00, 0x00, 0x00, 0x00, 0x00, 0x00, 0x00, 0x00, 0x00, 0x00, 0x00, 0x00,
    0x00, 0x00, 0x00, 0x00, 0x00, 0x00, 0x00, 0x00, 0x00, 0x00, 0x00, 0x00,
    0xff, 0x4c, 0xb1, 0x02, 0xff, 0x4c, 0xb1, 0x06, 0xfd, 0x4b, 0xaf, 0x10,
    0xff, 0x4c, 0xb2, 0x20, 0xfd, 0x4b, 0xaf, 0x3a, 0xfe, 0x4b, 0xb0, 0x55,
    0xff, 0x4c, 0xb1, 0x6e, 0xfe, 0x4b, 0xb0, 0x7e, 0xfe, 0x4b, 0xb0, 0x86,
    0xfe, 0x4b, 0xb0, 0x87, 0xfe, 0x4b, 0xb0, 0x86, 0xfe, 0x4b, 0xb0, 0x7e,
    0xff, 0x4c, 0xb1, 0x6e, 0xfe, 0x4b, 0xb0, 0x55, 0xfd, 0x4b, 0xaf, 0x3a,
    0xff, 0x4c, 0xb2, 0x20, 0xfd, 0x4b, 0xaf, 0x10, 0xff, 0x4c, 0xb1, 0x06,
    0xff, 0x4c, 0xb1, 0x02, 0x00, 0x00, 0x00, 0x00, 0x00, 0x00, 0x00, 0x00,
    0x00, 0x00, 0x00, 0x00, 0x00, 0x00, 0x00, 0x00, 0x00, 0x00, 0x00, 0x00,
    0x00, 0x00, 0x00, 0x00, 0x00, 0x00, 0x00, 0x00, 0x00, 0x00, 0x00, 0x00,
    0x00, 0x00, 0x00, 0x00, 0x00, 0x00, 0x00, 0x00, 0x00, 0x00, 0x00, 0x00,
    0x00, 0x00, 0x00, 0x00, 0x00, 0x00, 0x00, 0x00, 0x00, 0x00, 0x00, 0x00,
    0x00, 0x00, 0x00, 0x00, 0x00, 0x00, 0x00, 0x00, 0x00, 0x00, 0x00, 0x00,
    0x00, 0x00, 0x00, 0x00, 0x00, 0x00, 0x00, 0x00, 0x00, 0x00, 0x00, 0x00,
    0xff, 0x4c, 0xb1, 0x01, 0xff, 0x4c, 0xb1, 0x05, 0xff, 0x4c, 0xb1, 0x0c,
    0xff, 0x4c, 0xb2, 0x20, 0xfd, 0x4b, 0xb0, 0x41, 0xfe, 0x4b, 0xb0, 0x6d,
    0xff, 0x4c, 0xb1, 0x94, 0xff, 0x4c, 0xb1, 0xff, 0xff, 0x4c, 0xb1, 0xff,
    0xff, 0x4c, 0xb1, 0xff, 0xff, 0x4c, 0xb1, 0xff, 0xff, 0x4c, 0xb1, 0xff,
    0xff, 0x4c, 0xb1, 0xff, 0xff, 0x4c, 0xb1, 0xff, 0xff, 0x4c, 0xb1, 0x94,
    0xfe, 0x4b, 0xb0, 0x6d, 0xfd, 0x4b, 0xb0, 0x41, 0xff, 0x4c, 0xb2, 0x20,
    0xff, 0x4c, 0xb1, 0x0c, 0xff, 0x4c, 0xb1, 0x05, 0xff, 0x4c, 0xb1, 0x01,
    0x00, 0x00, 0x00, 0x00, 0x00, 0x00, 0x00, 0x00, 0x00, 0x00, 0x00, 0x00,
    0x00, 0x00, 0x00, 0x00, 0x00, 0x00, 0x00, 0x00, 0x00, 0x00, 0x00, 0x00,
    0x00, 0x00, 0x00, 0x00, 0x00, 0x00, 0x00, 0x00, 0x00, 0x00, 0x00, 0x00,
    0x00, 0x00, 0x00, 0x00, 0x00, 0x00, 0x00, 0x00, 0x00, 0x00, 0x00, 0x00,
    0x00, 0x00, 0x00, 0x00, 0x00, 0x00, 0x00, 0x00, 0x00, 0x00, 0x00, 0x00,
    0x00, 0x00, 0x00, 0x00, 0x00, 0x00, 0x00, 0x00, 0x00, 0x00, 0x00, 0x00,
    0x00, 0x00, 0x00, 0x00, 0xff, 0x4c, 0xb1, 0x02, 0xff, 0x4c, 0xb1, 0x08,
    0xfd, 0x4b, 0xaf, 0x16, 0xfd, 0x4b, 0xaf, 0x3a, 0xfe, 0x4b, 0xb0, 0x6d,
    0xff, 0x4c, 0xb1, 0xff, 0xff, 0x4c, 0xb1, 0xff, 0xff, 0x4c, 0xb1, 0xff,
    0xff, 0x4c, 0xb1, 0xff, 0xff, 0x4c, 0xb1, 0xff, 0xff, 0x4c, 0xb1, 0xff,
    0xff, 0x4c, 0xb1, 0xff, 0xff, 0x4c, 0xb1, 0xff, 0xff, 0x4c, 0xb1, 0xff,
    0xff, 0x4c, 0xb1, 0xff, 0xff, 0x4c, 0xb1, 0xff, 0xfe, 0x4b, 0xb0, 0x6d,
    0xfd, 0x4b, 0xaf, 0x3a, 0xfd, 0x4b, 0xaf, 0x16, 0xff, 0x4c, 0xb1, 0x08,
    0xff, 0x4c, 0xb1, 0x02, 0x00, 0x00, 0x00, 0x00, 0xff, 0xf0, 0x00, 0xff,
    0xff, 0xf0, 0x00, 0xff, 0xff, 0xf0, 0x00, 0xff, 0x00, 0x00, 0x00, 0x00,
    0x00, 0x00, 0x00, 0x00, 0x00, 0x00, 0x00, 0x00, 0x00, 0x00, 0x00, 0x00,
    0x00, 0x00, 0x00, 0x00, 0x00, 0x00, 0x00, 0x00, 0x00, 0x00, 0x00, 0x00,
    0x00, 0x00, 0x00, 0x00, 0x00, 0x00, 0x00, 0x00, 0x00, 0x00, 0x00, 0x00,
    0x00, 0x00, 0x00, 0x00, 0x00, 0x00, 0x00, 0x00, 0x00, 0x00, 0x00, 0x00,
    0x00, 0x00, 0x00, 0x00, 0xff, 0x4c, 0xb1, 0x01, 0xff, 0x4c, 0xb1, 0x04,
    0xff, 0x4c, 0xb1, 0x0c, 0xff, 0x4c, 0xb1, 0x23, 0xfe, 0x4b, 0xb0, 0x55,
    0xff, 0x4c, 0xb1, 0x94, 0xff, 0x4c, 0xb1, 0xff, 0xff, 0x4c, 0xb1, 0xff,
    0xff, 0x4c, 0xb1, 0xff, 0xff, 0x4c, 0xb1, 0xff, 0xff, 0x4c, 0xb1, 0xff,
    0xff, 0x4c, 0xb1, 0xff, 0xff, 0x4c, 0xb1, 0xff, 0xff, 0x4c, 0xb1, 0xff,
    0xff, 0x4c, 0xb1, 0xff, 0xff, 0x4c, 0xb1, 0xff, 0xff, 0x4c, 0xb1, 0xff,
    0xff, 0x4c, 0xb1, 0x94, 0xfe, 0x4b, 0xb0, 0x55, 0xff, 0x4c, 0xb1, 0x23,
    0xff, 0x4c, 0xb1, 0x0c, 0xff, 0x4c, 0xb1, 0x04, 0x00, 0x00, 0x00, 0x00,
    0xff, 0xf0, 0x00, 0xff, 0xff, 0xf0, 0x00, 0xff, 0xff, 0xf0, 0x00, 0xff,
    0xff, 0xf0, 0x00, 0xff, 0x00, 0x00, 0x00, 0x00, 0x00, 0x00, 0x00, 0x00,
    0x00, 0x00, 0x00, 0x00, 0x00, 0x00, 0x00, 0x00, 0x00, 0x00, 0x00, 0x00,
    0xff, 0xf0, 0x00, 0xff, 0xff, 0xf0, 0x00, 0xff, 0xff, 0xf0, 0x00, 0xff,
    0xff, 0xf0, 0x00, 0xff, 0xff, 0xf0, 0x00, 0xff, 0x00, 0x00, 0x00, 0x00,
    0x00, 0x00, 0x00, 0x00, 0x00, 0x00, 0x00, 0x00, 0xff, 0x4c, 0xb1, 0x02,
    0xff, 0x4c, 0xb1, 0x05, 0xff, 0x4c, 0xb1, 0x10, 0xfd, 0x4b, 0xaf, 0x33,
    0xff, 0x4c, 0xb1, 0x6e, 0xff, 0x4c, 0xb1, 0xff, 0xff, 0x4c, 0xb1, 0xff,
    0xff, 0x4c, 0xb1, 0xff, 0xff, 0x4c, 0xb1, 0xff, 0xff, 0xff, 0xff, 0xff,
    0xff, 0x4c, 0xb1, 0xff, 0xff, 0x4c, 0xb1, 0xff, 0xff, 0xff, 0xff, 0xff,
    0xff, 0x4c, 0xb1, 0xff, 0xff, 0x4c, 0xb1, 0xff, 0xff, 0x4c, 0xb1, 0xff,
    0xff, 0x4c, 0xb1, 0xff, 0xff, 0x4c, 0xb1, 0xff, 0xff, 0x4c, 0xb1, 0x6e,
    0xfd, 0x4b, 0xaf, 0x33, 0xff, 0x4c, 0xb1, 0x10, 0xff, 0x4c, 0xb1, 0x05,
    0xff, 0x4c, 0xb1, 0x01, 0xff, 0xf0, 0x00, 0xff, 0xff, 0xf0, 0x00, 0xff,
    0xff, 0xf0, 0x00, 0xff, 0xff, 0xf0, 0x00, 0xff, 0xff, 0xf0, 0x00, 0xff,
    0x00, 0x00, 0x00, 0x00, 0x00, 0x00, 0x00, 0x00, 0x00, 0x00, 0x00, 0x00,
    0xff, 0xf0, 0x00, 0xff, 0xff, 0xf0, 0x00, 0xff, 0xff, 0xf0, 0x00, 0xff,
    0xff, 0xf0, 0x00, 0xff, 0xff, 0xf0, 0x00, 0xff, 0xff, 0xf0, 0x00, 0xff,
    0xff, 0xf0, 0x00, 0xff, 0x00, 0x00, 0x00, 0x00, 0x00, 0x00, 0x00, 0x00,
    0xff, 0x4c, 0xb1, 0x02, 0xff, 0x4c, 0xb1, 0x06, 0xff, 0x4c, 0xb1, 0x13,
    0xff, 0x4c, 0xb2, 0x3c, 0xfe, 0x4b, 0xb0, 0x7e, 0xff, 0x4c, 0xb1, 0xff,
    0xff, 0x4c, 0xb1, 0xff, 0xff, 0x4c, 0xb1, 0xff, 0xff, 0x4c, 0xb1, 0xff,
    0xff, 0xff, 0xff, 0xff, 0xff, 0x4c, 0xb1, 0xff, 0xff, 0x4c, 0xb1, 0xff,
    0xff, 0xff, 0xff, 0xff, 0xff, 0x4c, 0xb1, 0xff, 0xff, 0x4c, 0xb1, 0xff,
    0xff, 0x4c, 0xb1, 0xff, 0xff, 0x4c, 0xb1, 0xff, 0xff, 0x4c, 0xb1, 0xff,
    0xfe, 0x4b, 0xb0, 0x7e, 0xff, 0x4c, 0xb2, 0x3c, 0xff, 0x4c, 0xb1, 0x13,
    0xff, 0x4c, 0xb1, 0x06, 0xff, 0x4c, 0xb1, 0x01, 0xff, 0xf0, 0x00, 0xff,
    0xff, 0xf0, 0x00, 0xff, 0xff, 0xf0, 0x00, 0xff, 0xff, 0xf0, 0x00, 0xff,
    0xff, 0xf0, 0x00, 0xff, 0xff, 0xf0, 0x00, 0xff, 0xff, 0xf0, 0x00, 0xff,
    0xff, 0xf0, 0x00, 0xff, 0xff, 0xf0, 0x00, 0xff, 0xff, 0xf0, 0x00, 0xff,
    0xff, 0xf0, 0x00, 0xff, 0xff, 0xf0, 0x00, 0xff, 0xff, 0xf0, 0x00, 0xff,
    0xff, 0xf0, 0x00, 0xff, 0xff, 0xf0, 0x00, 0xff, 0xff, 0xf0, 0x00, 0xff,
    0x00, 0x00, 0x00, 0x00, 0xff, 0x4c, 0xb1, 0x03, 0xff, 0x4c, 0xb1, 0x07,
    0xff, 0x4c, 0xb1, 0x15, 0xff, 0x4c, 0xb2, 0x42, 0xfe, 0x4b, 0xb0, 0x86,
    0xff, 0x4c, 0xb1, 0xff, 0xff, 0x4c, 0xb1, 0xff, 0xff, 0x4c, 0xb1, 0xff,
    0xff, 0x4c, 0xb1, 0xff, 0xff, 0xff, 0xff, 0xff, 0xff, 0x4c, 0xb1, 0xff,
    0xff, 0x4c, 0xb1, 0xff, 0xff, 0xff, 0xff, 0xff, 0xff, 0x4c, 0xb1, 0xff,
    0xff, 0x4c, 0xb1, 0xff, 0xff, 0x4c, 0xb1, 0xff, 0xff, 0x4c, 0xb1, 0xff,
    0xff, 0x4c, 0xb1, 0xff, 0xfe, 0x4b, 0xb0, 0x86, 0xff, 0xf0, 0x00, 0xff,
    0xff, 0xf0, 0x00, 0xff, 0xff, 0xf0, 0x00, 0xff, 0xff, 0xf0, 0x00, 0xff,
    0xff, 0xf0, 0x00, 0xff, 0xff, 0xf0, 0x00, 0xff, 0xff, 0xf0, 0x00, 0xff,
    0xff, 0xf0, 0x00, 0xff, 0xff, 0xf0, 0x00, 0xff, 0xff, 0xf0, 0x00, 0xff,
    0xff, 0xf0, 0x00, 0xff, 0xff, 0xf0, 0x00, 0xff, 0xff, 0xf0, 0x00, 0xff,
    0xff, 0xf0, 0x00, 0xff, 0x00, 0x00, 0x00, 0x00, 0x00, 0x00, 0x00, 0x00,
    0x00, 0x00, 0x00, 0x00, 0xff, 0xf0, 0x00, 0xff, 0xff, 0xf0, 0x00, 0xff,
    0xff, 0xf0, 0x00, 0xff, 0x00, 0x00, 0x00, 0x00, 0xff, 0x4c, 0xb1, 0x03,
    0xff, 0x4c, 0xb1, 0x08, 0xff, 0x4c, 0xb1, 0x16, 0xff, 0x4c, 0xb1, 0x44,
    0xfe, 0x4b, 0xb0, 0x88, 0xff, 0x4c, 0xb1, 0xff, 0xff, 0x4c, 0xb1, 0xff,
    0xff, 0x4c, 0xb1, 0xff, 0xff, 0x4c, 0xb1, 0xff, 0xff, 0xff, 0xff, 0xff,
    0xff, 0x4c, 0xb1, 0xff, 0xff, 0x4c, 0xb1, 0xff, 0xff, 0xff, 0xff, 0xff,
    0xff, 0x4c, 0xb1, 0xff, 0xff, 0x4c, 0xb1, 0xff, 0xff, 0x4c, 0xb1, 0xff,
    0xff, 0x4c, 0xb1, 0xff, 0xff, 0x4c, 0xb1, 0xff, 0xfe, 0x4b, 0xb0, 0x88,
    0xff, 0xf0, 0x00, 0xff, 0xff, 0xf0, 0x00, 0xff, 0xff, 0xf0, 0x00, 0xff,
    0xff, 0xf0, 0x00, 0xff, 0xff, 0xf0, 0x00, 0xff, 0xff, 0xf0, 0x00, 0xff,
    0xff, 0xf0, 0x00, 0xff, 0xff, 0xf0, 0x00, 0xff, 0xff, 0xf0, 0x00, 0xff,
    0xff, 0xf0, 0x00, 0xff, 0xff, 0xf0, 0x00, 0xff, 0xff, 0xf0, 0x00, 0xff,
    0xff, 0xf0, 0x00, 0xff, 0xff, 0xf0, 0x00, 0xff, 0x00, 0x00, 0x00, 0x00,
    0x00, 0x00, 0x00, 0x00, 0x00, 0x00, 0x00, 0x00, 0xff, 0xf0, 0x00, 0xff,
    0xff, 0xf0, 0x00, 0xff, 0xff, 0xf0, 0x00, 0xff, 0x00, 0x00, 0x00, 0x00,
    0xff, 0x4c, 0xb1, 0x03, 0xff, 0x4c, 0xb1, 0x08, 0xff, 0x4c, 0xb1, 0x16,
    0xff, 0x4c, 0xb1, 0x44, 0xfe, 0x4b, 0xb0, 0x88, 0xff, 0x4c, 0xb1, 0xff,
    0xff, 0x4c, 0xb1, 0xff, 0xff, 0x4c, 0xb1, 0xff, 0xff, 0x4c, 0xb1, 0xff,
    0xff, 0xff, 0xff, 0xff, 0xff, 0x4c, 0xb1, 0xff, 0xff, 0x4c, 0xb1, 0xff,
    0xff, 0xff, 0xff, 0xff, 0xff, 0x4c, 0xb1, 0xff, 0xff, 0x4c, 0xb1, 0xff,
    0xff, 0x4c, 0xb1, 0xff, 0xff, 0x4c, 0xb1, 0xff, 0xff, 0x4c, 0xb1, 0xff,
    0xfe, 0x4b, 0xb0, 0x88, 0xff, 0x4c, 0xb1, 0x44, 0xff, 0xf0, 0x00, 0xff,
    0xff, 0xf0, 0x00, 0xff, 0xff, 0xf0, 0x00, 0xff, 0xff, 0xf0, 0x00, 0xff,
    0xff, 0xf0, 0x00, 0xff, 0xff, 0xf0, 0x00, 0xff, 0xff, 0xf0, 0x00, 0xff,
    0xff, 0xf0, 0x00, 0xff, 0xff, 0xf0, 0x00, 0xff, 0x00, 0x00, 0x00, 0x00,
    0xff, 0xf0, 0x00, 0xff, 0xff, 0xf0, 0x00, 0xff, 0xff, 0xf0, 0x00, 0xff,
    0x00, 0x00, 0x00, 0x00, 0x00, 0x00, 0x00, 0x00, 0x00, 0x00, 0x00, 0x00,
    0xff, 0xf0, 0x00, 0xff, 0xff, 0xf0, 0x00, 0xff, 0xff, 0xf0, 0x00, 0xff,
    0x00, 0x00, 0x00, 0x00, 0xff, 0x4c, 0xb1, 0x03, 0xff, 0x4c, 0xb1, 0x07,
    0xff, 0x4c, 0xb1, 0x15, 0xff, 0x4c, 0xb2, 0x42, 0xfe, 0x4b, 0xb0, 0x86,
    0xff, 0x4c, 0xb1, 0xff, 0xff, 0x4c, 0xb1, 0xff, 0xff, 0x4c, 0xb1, 0xff,
    0xff, 0x4c, 0xb1, 0xff, 0xff, 0xff, 0xff, 0xff, 0xff, 0x4c, 0xb1, 0xff,
    0xff, 0x4c, 0xb1, 0xff, 0xff, 0xff, 0xff, 0xff, 0xff, 0x4c, 0xb1, 0xff,
    0xff, 0x4c, 0xb1, 0xff, 0xff, 0x4c, 0xb1, 0xff, 0xff, 0x4c, 0xb1, 0xff,
    0xff, 0x4c, 0xb1, 0xff, 0xfe, 0x4b, 0xb0, 0x86, 0xff, 0x4c, 0xb2, 0x42,
    0xff, 0x4c, 0xb1, 0x15, 0xff, 0x4c, 0xb1, 0x07, 0xff, 0x4c, 0xb1, 0x01,
    0xff, 0xf0, 0x00, 0xff, 0xff, 0xf0, 0x00, 0xff, 0xff, 0xf0, 0x00, 0xff,
    0x00, 0x00, 0x00, 0x00, 0x00, 0x00, 0x00, 0x00, 0x00, 0x00, 0x00, 0x00,
    0x00, 0x00, 0x00, 0x00, 0xff, 0xf0, 0x00, 0xff, 0xff, 0xf0, 0x00, 0xff,
    0xff, 0xf0, 0x00, 0xff, 0xff, 0xf0, 0x00, 0xff, 0xff, 0xf0, 0x00, 0xff,
    0xff, 0xf0, 0x00, 0xff, 0xff, 0xf0, 0x00, 0xff, 0xff, 0xf0, 0x00, 0xff,
    0xff, 0xf0, 0x00, 0xff, 0x00, 0x00, 0x00, 0x00, 0xff, 0x4c, 0xb1, 0x02,
    0xff, 0x4c, 0xb1, 0x06, 0xff, 0x4c, 0xb1, 0x13, 0xff, 0x4c, 0xb2, 0x3c,
    0xfe, 0x4b, 0xb0, 0x7e, 0xff, 0x4c, 0xb1, 0xff, 0xff, 0x4c, 0xb1, 0xff,
    0xff, 0x4c, 0xb1, 0xff, 0xff, 0x4c, 0xb1, 0xff, 0xff, 0xff, 0xff, 0xff,
    0xff, 0x4c, 0xb1, 0xff, 0xff, 0x4c, 0xb1, 0xff, 0xff, 0xff, 0xff, 0xff,
    0xff, 0x4c, 0xb1, 0xff, 0xff, 0x4c, 0xb1, 0xff, 0xff, 0x4c, 0xb1, 0xff,
    0xff, 0x4c, 0xb1, 0xff, 0xff, 0x4c, 0xb1, 0xff, 0xfe, 0x4b, 0xb0, 0x7e,
    0xff, 0x4c, 0xb2, 0x3c, 0xff, 0x4c, 0xb1, 0x13, 0xff, 0x4c, 0xb1, 0x06,
    0xff, 0x4c, 0xb1, 0x01, 0xff, 0xf0, 0x00, 0xff, 0xff, 0xf0, 0x00, 0xff,
    0xff, 0xf0, 0x00, 0xff, 0x00, 0x00, 0x00, 0x00, 0x00, 0x00, 0x00, 0x00,
    0x00, 0x00, 0x00, 0x00, 0x00, 0x00, 0x00, 0x00, 0x00, 0x00, 0x00, 0x00,
    0xff, 0xf0, 0x00, 0xff, 0xff, 0xf0, 0x00, 0xff, 0xff, 0xf0, 0x00, 0xff,
    0xff, 0xf0, 0x00, 0xff, 0xff, 0xf0, 0x00, 0xff, 0xff, 0xf0, 0x00, 0xff,
    0xff, 0xf0, 0x00, 0xff, 0x00, 0x00, 0x00, 0x00, 0x00, 0x00, 0x00, 0x00,
    0xff, 0x4c, 0xb1, 0x02, 0xff, 0x4c, 0xb1, 0x05, 0xff, 0x4c, 0xb1, 0x10,
    0xfd, 0x4b, 0xaf, 0x33, 0xff, 0x4c, 0xb1, 0x6e, 0xff, 0x4c, 0xb1, 0xff,
    0xff, 0x4c, 0xb1, 0xff, 0xff, 0x4c, 0xb1, 0xff, 0xff, 0x4c, 0xb1, 0xff,
    0xff, 0x4c, 0xb1, 0xff, 0xff, 0x4c, 0xb1, 0xff, 0xff, 0x4c, 0xb1, 0xff,
    0xff, 0x4c, 0xb1, 0xff, 0xff, 0x4c, 0xb1, 0xff, 0xff, 0x4c, 0xb1, 0xff,
    0xff, 0x4c, 0xb1, 0xff, 0xff, 0x4c, 0xb1, 0xff, 0xff, 0x4c, 0xb1, 0xff,
    0xff, 0x4c, 0xb1, 0x6e, 0xfd, 0x4b, 0xaf, 0x33, 0xff, 0x4c, 0xb1, 0x10,
    0xff, 0x4c, 0xb1, 0x05, 0xff, 0x4c, 0xb1, 0x01, 0xff, 0xf0, 0x00, 0xff,
    0xff, 0xf0, 0x00, 0xff, 0x00, 0x00, 0x00, 0x00, 0x00, 0x00, 0x00, 0x00,
    0x00, 0x00, 0x00, 0x00, 0x00, 0x00, 0x00, 0x00, 0x00, 0x00, 0x00, 0x00,
    0x00, 0x00, 0x00, 0x00, 0x00, 0x00, 0x00, 0x00, 0xff, 0xf0, 0x00, 0xff,
    0xff, 0xf0, 0x00, 0xff, 0xff, 0xf0, 0x00, 0xff, 0xff, 0xf0, 0x00, 0xff,
    0xff, 0xf0, 0x00, 0xff, 0x00, 0x00, 0x00, 0x00, 0x00, 0x00, 0x00, 0x00,
    0x00, 0x00, 0x00, 0x00, 0xff, 0x4c, 0xb1, 0x01, 0xff, 0x4c, 0xb1, 0x04,
    0xff, 0x4c, 0xb1, 0x0c, 0xff, 0x4c, 0xb1, 0x23, 0xfe, 0x4b, 0xb0, 0x55,
    0xff, 0x4c, 0xb1, 0x94, 0xff, 0x4c, 0xb1, 0xff, 0xff, 0x4c, 0xb1, 0xff,
    0xff, 0x4c, 0xb1, 0xff, 0xff, 0x4c, 0xb1, 0xff, 0xff, 0x4c, 0xb1, 0xff,
    0xff, 0x4c, 0xb1, 0xff, 0xff, 0x4c, 0xb1, 0xff, 0xff, 0x4c, 0xb1, 0xff,
    0xff, 0x4c, 0xb1, 0xff, 0xff, 0x4c, 0xb1, 0xff, 0xff, 0x4c, 0xb1, 0xff,
    0xff, 0x4c, 0xb1, 0x94, 0xfe, 0x4b, 0xb0, 0x55, 0xff, 0x4c, 0xb1, 0x23,
    0xff, 0x4c, 0xb1, 0x0c, 0xff, 0x4c, 0xb1, 0x04, 0x00, 0x00, 0x00, 0x00,
    0x00, 0x00, 0x00, 0x00, 0x00, 0x00, 0x00, 0x00, 0x00, 0x00, 0x00, 0x00,
    0x00, 0x00, 0x00, 0x00, 0x00, 0x00, 0x00, 0x00, 0x00, 0x00, 0x00, 0x00,
    0x00, 0x00, 0x00, 0x00, 0x00, 0x00, 0x00, 0x00, 0x00, 0x00, 0x00, 0x00,
    0x00, 0x00, 0x00, 0x00, 0x00, 0x00, 0x00, 0x00, 0x00, 0x00, 0x00, 0x00,
    0x00, 0x00, 0x00, 0x00, 0x00, 0x00, 0x00, 0x00, 0x00, 0x00, 0x00, 0x00,
    0x00, 0x00, 0x00, 0x00, 0x00, 0x00, 0x00, 0x00, 0x00, 0x00, 0x00, 0x00,
    0xff, 0x4c, 0xb1, 0x02, 0xff, 0x4c, 0xb1, 0x08, 0xfd, 0x4b, 0xaf, 0x16,
    0xfd, 0x4b, 0xaf, 0x3a, 0xfe, 0x4b, 0xb0, 0x6d, 0xff, 0x4c, 0xb1, 0xff,
    0xff, 0x4c, 0xb1, 0xff, 0xff, 0x4c, 0xb1, 0xff, 0xff, 0x4c, 0xb1, 0xff,
    0xff, 0x4c, 0xb1, 0xff, 0xff, 0x4c, 0xb1, 0xff, 0xff, 0x4c, 0xb1, 0xff,
    0xff, 0x4c, 0xb1, 0xff, 0xff, 0x4c, 0xb1, 0xff, 0xff, 0x4c, 0xb1, 0xff,
    0xff, 0x4c, 0xb1, 0xff, 0xfe, 0x4b, 0xb0, 0x6d, 0xfd, 0x4b, 0xaf, 0x3a,
    0xfd, 0x4b, 0xaf, 0x16, 0xff, 0x4c, 0xb1, 0x08, 0xff, 0x4c, 0xb1, 0x02,
    0x00, 0x00, 0x00, 0x00, 0x00, 0x00, 0x00, 0x00, 0x00, 0x00, 0x00, 0x00,
    0x00, 0x00, 0x00, 0x00, 0x00, 0x00, 0x00, 0x00, 0x00, 0x00, 0x00, 0x00,
    0x00, 0x00, 0x00, 0x00, 0x00, 0x00, 0x00, 0x00, 0x00, 0x00, 0x00, 0x00,
    0x00, 0x00, 0x00, 0x00, 0x00, 0x00, 0x00, 0x00, 0x00, 0x00, 0x00, 0x00,
    0x00, 0x00, 0x00, 0x00, 0x00, 0x00, 0x00, 0x00, 0x00, 0x00, 0x00, 0x00,
    0x00, 0x00, 0x00, 0x00, 0x00, 0x00, 0x00, 0x00, 0x00, 0x00, 0x00, 0x00,
    0x00, 0x00, 0x00, 0x00, 0xff, 0x4c, 0xb1, 0x01, 0xff, 0x4c, 0xb1, 0x05,
    0xff, 0x4c, 0xb1, 0x0c, 0xff, 0x4c, 0xb2, 0x20, 0xfd, 0x4b, 0xb0, 0x41,
    0xfe, 0x4b, 0xb0, 0x6d, 0xff, 0x4c, 0xb1, 0x94, 0xff, 0x4c, 0xb1, 0xff,
    0xff, 0x4c, 0xb1, 0xff, 0xff, 0x4c, 0xb1, 0xff, 0xff, 0x4c, 0xb1, 0xff,
    0xff, 0x4c, 0xb1, 0xff, 0xff, 0x4c, 0xb1, 0xff, 0xff, 0x4c, 0xb1, 0xff,
    0xff, 0x4c, 0xb1, 0x94, 0xfe, 0x4b, 0xb0, 0x6d, 0xfd, 0x4b, 0xb0, 0x41,
    0xff, 0x4c, 0xb2, 0x20, 0xff, 0x4c, 0xb1, 0x0c, 0xff, 0x4c, 0xb1, 0x05,
    0xff, 0x4c, 0xb1, 0x01, 0x00, 0x00, 0x00, 0x00, 0x00, 0x00, 0x00, 0x00,
    0x00, 0x00, 0x00, 0x00, 0x00, 0x00, 0x00, 0x00, 0x00, 0x00, 0x00, 0x00,
    0x00, 0x00, 0x00, 0x00, 0x00, 0x00, 0x00, 0x00, 0x00, 0x00, 0x00, 0x00,
    0x00, 0x00, 0x00, 0x00, 0x00, 0x00, 0x00, 0x00, 0x00, 0x00, 0x00, 0x00,
    0x00, 0x00, 0x00, 0x00, 0x00, 0x00, 0x00, 0x00, 0x00, 0x00, 0x00, 0x00,
    0x00, 0x00, 0x00, 0x00, 0x00, 0x00, 0x00, 0x00, 0x00, 0x00, 0x00, 0x00,
    0x00, 0x00, 0x00, 0x00, 0x00, 0x00, 0x00, 0x00, 0x00, 0x00, 0x00, 0x00,
    0xff, 0x4c, 0xb1, 0x02, 0xff, 0x4c, 0xb1, 0x06, 0xfd, 0x4b, 0xaf, 0x10,
    0xff, 0x4c, 0xb2, 0x20, 0xfd, 0x4b, 0xaf, 0x3a, 0xfe, 0x4b, 0xb0, 0x55,
    0xff, 0x4c, 0xb1, 0x6e, 0xfe, 0x4b, 0xb0, 0x7e, 0xfe, 0x4b, 0xb0, 0x86,
    0xfe, 0x4b, 0xb0, 0x87, 0xfe, 0x4b, 0xb0, 0x86, 0xfe, 0x4b, 0xb0, 0x7e,
    0xff, 0x4c, 0xb1, 0x6e, 0xfe, 0x4b, 0xb0, 0x55, 0xfd, 0x4b, 0xaf, 0x3a,
    0xff, 0x4c, 0xb2, 0x20, 0xfd, 0x4b, 0xaf, 0x10, 0xff, 0x4c, 0xb1, 0x06,
    0xff, 0x4c, 0xb1, 0x02, 0x00, 0x00, 0x00, 0x00, 0x00, 0x00, 0x00, 0x00,
    0x00, 0x00, 0x00, 0x00, 0x00, 0x00, 0x00, 0x00, 0x00, 0x00, 0x00, 0x00,
    0x00, 0x00, 0x00, 0x00, 0x00, 0x00, 0x00, 0x00, 0x00, 0x00, 0x00, 0x00,
    0x00, 0x00, 0x00, 0x00, 0x00, 0x00, 0x00, 0x00, 0x00, 0x00, 0x00, 0x00,
    0x00, 0x00, 0x00, 0x00, 0x00, 0x00, 0x00, 0x00, 0x00, 0x00, 0x00, 0x00,
    0x00, 0x00, 0x00, 0x00, 0x00, 0x00, 0x00, 0x00, 0x00, 0x00, 0x00, 0x00,
    0x00, 0x00, 0x00, 0x00, 0x00, 0x00, 0x00, 0x00, 0x00, 0x00, 0x00, 0x00,
    0x00, 0x00, 0x00, 0x00, 0xff, 0x4c, 0xb1, 0x01, 0xff, 0x4c, 0xb1, 0x02,
    0xff, 0x4c, 0xb1, 0x06, 0xff, 0x4c, 0xb1, 0x0c, 0xfd, 0x4b, 0xaf, 0x16,
    0xff, 0x4c, 0xb1, 0x23, 0xfd, 0x4b, 0xaf, 0x33, 0xff, 0x4c, 0xb2, 0x3c,
    0xff, 0x4c, 0xb2, 0x42, 0xff, 0x4c, 0xb2, 0x43, 0xff, 0x4c, 0xb2, 0x42,
    0xff, 0x4c, 0xb2, 0x3c, 0xfd, 0x4b, 0xaf, 0x33, 0xff, 0x4c, 0xb1, 0x23,
    0xfd, 0x4b, 0xaf, 0x16, 0xff, 0x4c, 0xb1, 0x0c, 0xff, 0x4c, 0xb1, 0x06,
    0xff, 0x4c, 0xb1, 0x02, 0xff, 0x4c, 0xb1, 0x01, 0x00, 0x00, 0x00, 0x00,
    0x00, 0x00, 0x00, 0x00, 0x00, 0x00, 0x00, 0x00, 0x00, 0x00, 0x00, 0x00,
    0x00, 0x00, 0x00, 0x00, 0x00, 0x00, 0x00, 0x00, 0x00, 0x00, 0x00, 0x00,
    0x00, 0x00, 0x00, 0x00, 0x00, 0x00, 0x00, 0x00, 0x00, 0x00, 0x00, 0x00,
    0x00, 0x00, 0x00, 0x00, 0x00, 0x00, 0x00, 0x00, 0x00, 0x00, 0x00, 0x00,
    0x00, 0x00, 0x00, 0x00, 0x00, 0x00, 0x00, 0x00, 0x00, 0x00, 0x00, 0x00,
    0x00, 0x00, 0x00, 0x00, 0x00, 0x00, 0x00, 0x00, 0x00, 0x00, 0x00, 0x00,
    0x00, 0x00, 0x00, 0x00, 0x00, 0x00, 0x00, 0x00, 0x00, 0x00, 0x00, 0x00,
    0xff, 0x4c, 0xb1, 0x01, 0xff, 0x4c, 0xb1, 0x02, 0xff, 0x4c, 0xb1, 0x05,
    0xff, 0x4c, 0xb1, 0x08, 0xff, 0x4c, 0xb1, 0x0c, 0xff, 0x4c, 0xb1, 0x10,
    0xff, 0x4c, 0xb1, 0x13, 0xff, 0x4c, 0xb1, 0x15, 0xff, 0x4c, 0xb1, 0x16,
    0xff, 0x4c, 0xb1, 0x15, 0xff, 0x4c, 0xb1, 0x13, 0xff, 0x4c, 0xb1, 0x10,
    0xff, 0x4c, 0xb1, 0x0c, 0xff, 0x4c, 0xb1, 0x08, 0xff, 0x4c, 0xb1, 0x05,
    0xff, 0x4c, 0xb1, 0x02, 0xff, 0x4c, 0xb1, 0x01, 0x00, 0x00, 0x00, 0x00,
    0x00, 0x00, 0x00, 0x00, 0x00, 0x00, 0x00, 0x00, 0x00, 0x00, 0x00, 0x00,
    0x00, 0x00, 0x00, 0x00, 0x00, 0x00, 0x00, 0x00, 0x00, 0x00, 0x00, 0x00,
    0x00, 0x00, 0x00, 0x00, 0x00, 0x00, 0x00, 0x00, 0x00, 0x00, 0x00, 0x00,
    0x00, 0x00, 0x00, 0x00, 0x00, 0x00, 0x00, 0x00, 0x00, 0x00, 0x00, 0x00,
    0x00, 0x00, 0x00, 0x00, 0x00, 0x00, 0x00, 0x00, 0x00, 0x00, 0x00, 0x00,
    0x00, 0x00, 0x00, 0x00, 0x00, 0x00, 0x00, 0x00, 0x00, 0x00, 0x00, 0x00,
    0x00, 0x00, 0x00, 0x00, 0x00, 0x00, 0x00, 0x00, 0x00, 0x00, 0x00, 0x00,
    0x00, 0x00, 0x00, 0x00, 0x00, 0x00, 0x00, 0x00, 0x00, 0x00, 0x00, 0x00,
    0xff, 0x4c, 0xb1, 0x01, 0xff, 0x4c, 0xb1, 0x02, 0xff, 0x4c, 0xb1, 0x04,
    0xff, 0x4c, 0xb1, 0x05, 0xff, 0x4c, 0xb1, 0x06, 0xff, 0x4c, 0xb1, 0x07,
    0xff, 0x4c, 0xb1, 0x07, 0xff, 0x4c, 0xb1, 0x07, 0xff, 0x4c, 0xb1, 0x06,
    0xff, 0x4c, 0xb1, 0x05, 0xff, 0x4c, 0xb1, 0x04, 0xff, 0x4c, 0xb1, 0x02,
    0xff, 0x4c, 0xb1, 0x01, 0x00, 0x00, 0x00, 0x00, 0x00, 0x00, 0x00, 0x00,
    0x00, 0x00, 0x00, 0x00, 0x00, 0x00, 0x00, 0x00, 0x00, 0x00, 0x00, 0x00,
    0x00, 0x00, 0x00, 0x00, 0x00, 0x00, 0x00, 0x00, 0x00, 0x00, 0x00, 0x00,
    0x00, 0x00, 0x00, 0x00, 0x00, 0x00, 0x00, 0x00, 0x00, 0x00, 0x00, 0x00,
    0x00, 0x00, 0x00, 0x00, 0x00, 0x00, 0x00, 0x00, 0x00, 0x00, 0x00, 0x00,
    0x00, 0x00, 0x00, 0x00, 0x00, 0x00, 0x00, 0x00, 0x00, 0x00, 0x00, 0x00,
    0x00, 0x00, 0x00, 0x00, 0x00, 0x00, 0x00, 0x00, 0x00, 0x00, 0x00, 0x00,
    0x00, 0x00, 0x00, 0x00, 0x00, 0x00, 0x00, 0x00, 0x00, 0x00, 0x00, 0x00,
    0x00, 0x00, 0x00, 0x00, 0x00, 0x00, 0x00, 0x00, 0x00, 0x00, 0x00, 0x00,
    0x00, 0x00, 0x00, 0x00, 0x00, 0x00, 0x00, 0x00, 0x00, 0x00, 0x00, 0x00,
    0x00, 0x00, 0x00, 0x00, 0xff, 0x4c, 0xb1, 0x01, 0xff, 0x4c, 0xb1, 0x01,
    0xff, 0x4c, 0xb1, 0x01, 0xff, 0x4c, 0xb1, 0x01, 0xff, 0x4c, 0xb1, 0x01,
    0xff, 0x4c, 0xb1, 0x01, 0xff, 0x4c, 0xb1, 0x01, 0x00, 0x00, 0x00, 0x00,
    0x00, 0x00, 0x00, 0x00, 0x00, 0x00, 0x00, 0x00, 0x00, 0x00, 0x00, 0x00,
    0x00, 0x00, 0x00, 0x00, 0x00, 0x00, 0x00, 0x00, 0x00, 0x00, 0x00, 0x00,
    0x00, 0x00, 0x00, 0x00, 0x00, 0x00, 0x00, 0x00, 0x00, 0x00, 0x00, 0x00,
    0x00, 0x00, 0x00, 0x00, 0x00, 0x00, 0x00, 0x00, 0x00, 0x00, 0x00, 0x00,
    0x00, 0x00, 0x00, 0x00, 0x00, 0x00, 0x00, 0x00, 0x00, 0x00, 0x00, 0x00,
    0x00, 0x00, 0x00, 0x00, 0x00, 0x00, 0x00, 0x00, 0x00, 0x00, 0x00, 0x00,
    0x00, 0x00, 0x00, 0x00, 0x00, 0x00, 0x00, 0x00, 0x00, 0x00, 0x00, 0x00,
    0x00, 0x00, 0x00, 0x00, 0x00, 0x00, 0x00, 0x00, 0x00, 0x00, 0x00, 0x00,
    0x00, 0x00, 0x00, 0x00, 0x00, 0x00, 0x00, 0x00, 0x00, 0x00, 0x00, 0x00,
    0x00, 0x00, 0x00, 0x00, 0x00, 0x00, 0x00, 0x00, 0x00, 0x00, 0x00, 0x00,
    0x00, 0x00, 0x00, 0x00, 0x00, 0x00, 0x00, 0x00, 0x00, 0x00, 0x00, 0x00,
    0x00, 0x00, 0x00, 0x00, 0x00, 0x00, 0x00, 0x00, 0x00, 0x00, 0x00, 0x00,
    0x00, 0x00, 0x00, 0x00, 0x00, 0x00, 0x00, 0x00, 0x00, 0x00, 0x00, 0x00,
    0x00, 0x00, 0x00, 0x00, 0x00, 0x00, 0x00, 0x00, 0x00, 0x00, 0x00, 0x00,
    0x00, 0x00, 0x00, 0x00, 0x00, 0x00, 0x00, 0x00, 0x00, 0x00, 0x00, 0x00,
    0x00, 0x00, 0x00, 0x00, 0x00, 0x00, 0x00, 0x00, 0x00, 0x00, 0x00, 0x00,
    0x00, 0x00, 0x00, 0x00, 0x00, 0x00, 0x00, 0x00, 0x00, 0x00, 0x00, 0x00,
    0x00, 0x00, 0x00, 0x00, 0x00, 0x00, 0x00, 0x00, 0x00, 0x00, 0x00, 0x00,
    0x00, 0x00, 0x00, 0x00, 0x00, 0x00, 0x00, 0x00, 0x00, 0x00, 0x00, 0x00,
    0x00, 0x00, 0x00, 0x00, 0x00, 0x00, 0x00, 0x00, 0x00, 0x00, 0x00, 0x00,
    0x00, 0x00, 0x00, 0x00, 0x00, 0x00, 0x00, 0x00, 0x00, 0x00, 0x00, 0x00,
    0x00, 0x00, 0x00, 0x00, 0x00, 0x00, 0x00, 0x00, 0x00, 0x00, 0x00, 0x00,
    0x00, 0x00, 0x00, 0x00, 0x00, 0x00, 0x00, 0x00, 0x00, 0x00, 0x00, 0x00,
    0x00, 0x00, 0x00, 0x00, 0x00, 0x00, 0x00, 0x00, 0x00, 0x00, 0x00, 0x00,
    0x00, 0x00, 0x00, 0x00, 0x00, 0x00, 0x00, 0x00, 0x00, 0x00, 0x00, 0x00,
    0x00, 0x00, 0x00, 0x00, 0x00, 0x00, 0x00, 0x00, 0x00, 0x00, 0x00, 0x00,
    0x00, 0x00, 0x00, 0x00, 0x00, 0x00, 0x00, 0x00, 0x00, 0x00, 0x00, 0x00,
    0x00, 0x00, 0x00, 0x00, 0x00, 0x00, 0x00, 0x00, 0x00, 0x00, 0x00, 0x00,
    0x00, 0x00, 0x00, 0x00, 0x00, 0x00, 0x00, 0x00, 0x00, 0x00, 0x00, 0x00,
    0x00, 0x00, 0x00, 0x00, 0x00, 0x00, 0x00, 0x00, 0x00, 0x00, 0x00, 0x00,
    0x00, 0x00, 0x00, 0x00, 0x00, 0x00, 0x00, 0x00, 0x00, 0x00, 0x00, 0x00,
    0x00, 0x00, 0x00, 0x00, 0x00, 0x00, 0x00, 0x00, 0x00, 0x00, 0x00, 0x00,
    0x00, 0x00, 0x00, 0x00, 0x00, 0x00, 0x00, 0x00, 0x00, 0x00, 0x00, 0x00,
    0x00, 0x00, 0x00, 0x00, 0x00, 0x00, 0x00, 0x00, 0x00, 0x00, 0x00, 0x00,
    0x00, 0x00, 0x00, 0x00, 0x00, 0x00, 0x00, 0x00, 0x00, 0x00, 0x00, 0x00,
    0x00, 0x00, 0x00, 0x00, 0x00, 0x00, 0x00, 0x00, 0x00, 0x00, 0x00, 0x00,
    0x00, 0x00, 0x00, 0x00, 0x00, 0x00, 0x00, 0x00, 0x00, 0x00, 0x00, 0x00,
    0x00, 0x00, 0x00, 0x00, 0x00, 0x00, 0x00, 0x00, 0x00, 0x00, 0x00, 0x00,
    0x00, 0x00, 0x00, 0x00, 0x00, 0x00, 0x00, 0x00, 0x00, 0x00, 0x00, 0x00,
    0x00, 0x00, 0x00, 0x00, 0x00, 0x00, 0x00, 0x00, 0x00, 0x00, 0x00, 0x00,
    0x00, 0x00, 0x00, 0x00, 0x00, 0x00, 0x00, 0x00, 0x00, 0x00, 0x00, 0x00,
    0x00, 0x00, 0x00, 0x00, 0x00, 0x00, 0x00, 0x00, 0x00, 0x00, 0x00, 0x00,
    0x00, 0x00, 0x00, 0x00, 0x00, 0x00, 0x00, 0x00, 0x00, 0x00, 0x00, 0x00,
    0x00, 0x00, 0x00, 0x00, 0x00, 0x00, 0x00, 0x00, 0x00, 0x00, 0x00, 0x00,
    0x00, 0x00, 0x00, 0x00, 0x00, 0x00, 0x00, 0x00, 0x00, 0x00, 0x00, 0x00,
    0x00, 0x00, 0x00, 0x00, 0x00, 0x00, 0x00, 0x00, 0x00, 0x00, 0x00, 0x00,
    0x00, 0x00, 0x00, 0x00, 0x00, 0x00, 0x00, 0x00, 0x00, 0x00, 0x00, 0x00,
    0x00, 0x00, 0x00, 0x00, 0x00, 0x00, 0x00, 0x00, 0x00, 0x00, 0x00, 0x00,
    0x00, 0x00, 0x00, 0x00, 0x00, 0x00, 0x00, 0x00, 0x00, 0x00, 0x00, 0x00,
    0x00, 0x00, 0x00, 0x00, 0x00, 0x00, 0x00, 0x00, 0x00, 0x00, 0x00, 0x00,
    0x00, 0x00, 0x00, 0x00, 0x00, 0x00, 0x00, 0x00, 0x00, 0x00, 0x00, 0x00,
    0x00, 0x00, 0x00, 0x00, 0x00, 0x00, 0x00, 0x00, 0x00, 0x00, 0x00, 0x00,
    0x00, 0x00, 0x00, 0x00, 0x00, 0x00, 0x00, 0x00, 0x00, 0x00, 0x00, 0x00,
    0x00, 0x00, 0x00, 0x00, 0x00, 0x00, 0x00, 0x00, 0x00, 0x00, 0x00, 0x00,
    0x00, 0x00, 0x00, 0x00, 0x00, 0x00, 0x00, 0x00, 0x00, 0x00, 0x00, 0x00,
    0x00, 0x00, 0x00, 0x00, 0x00, 0x00, 0x00, 0x00, 0x00, 0x00, 0x00, 0x00,
    0x00, 0x00, 0x00, 0x00, 0x00, 0x00, 0x00, 0x00, 0x00, 0x00, 0x00, 0x00,
    0x00, 0x00, 0x00, 0x00, 0x00, 0x00, 0x00, 0x00, 0x00, 0x00, 0x00, 0x00,
    0x00, 0x00, 0x00, 0x00, 0x00, 0x00, 0x00, 0x00, 0x00, 0x00, 0x00, 0x00,
    0x00, 0x00, 0x00, 0x00, 0x00, 0x00, 0x00, 0x00, 0x00, 0x00, 0x00, 0x00,
    0x00, 0x00, 0x00, 0x00, 0x00, 0x00, 0x00, 0x00, 0x00, 0x00, 0x00, 0x00,
    0x00, 0x00, 0x00, 0x00, 0x00, 0x00, 0x00, 0x00, 0x00, 0x00, 0x00, 0x00,
    0x00, 0x00, 0x00, 0x00, 0x00, 0x00, 0x00, 0x00, 0x00, 0x00, 0x00, 0x00,
    0x00, 0x00, 0x00, 0x00, 0x00, 0x00, 0x00, 0x00, 0x00, 0x00, 0x00, 0x00,
    0x00, 0x00, 0x00, 0x00, 0x00, 0x00, 0x00, 0x00, 0x00, 0x00, 0x00, 0x00,
    0x00, 0x00, 0x00, 0x00, 0x00, 0x00, 0x00, 0x00, 0x00, 0x00, 0x00, 0x00,
    0x00, 0x00, 0x00, 0x00, 0x00, 0x00, 0x00, 0x00, 0x00, 0x00, 0x00, 0x00,
    0x00, 0x00, 0x00, 0x00, 0x00, 0x00, 0x00, 0x00, 0x00, 0x00, 0x00, 0x00,
    0x00, 0x00, 0x00, 0x00, 0x00, 0x00, 0x00, 0x00, 0x00, 0x00, 0x00, 0x00,
    0x00, 0x00, 0x00, 0x00, 0x00, 0x00, 0x00, 0x00, 0x00, 0x00, 0x00, 0x00,
    0x00, 0x00, 0x00, 0x00, 0x00, 0x00, 0x00, 0x00, 0x00, 0x00, 0x00, 0x00,
    0x00, 0x00, 0x00, 0x00, 0x00, 0x00, 0x00, 0x00, 0x00, 0x00, 0x00, 0x00,
    0x00, 0x00, 0x00, 0x00, 0x00, 0x00, 0x00, 0x00, 0x00, 0x00, 0x00, 0x00,
    0x00, 0x00, 0x00, 0x00, 0x00, 0x00, 0x00, 0x00, 0x00, 0x00, 0x00, 0x00,
    0x00, 0x00, 0x00, 0x00, 0x00, 0x00, 0x00, 0x00, 0x00, 0x00, 0x00, 0x00,
    0x00, 0x00, 0x00, 0x00, 0x00, 0x00, 0x00, 0x00, 0x00, 0x00, 0x00, 0x00,
    0x00, 0x00, 0x00, 0x00, 0x00, 0x00, 0x00, 0x00, 0x00, 0x00, 0x00, 0x00,
    0x00, 0x00, 0x00, 0x00, 0x00, 0x00, 0x00, 0x00, 0x00, 0x00, 0x00, 0x00,
    0x00, 0x00, 0x00, 0x00, 0x00, 0x00, 0x00, 0x00, 0x00, 0x00, 0x00, 0x00,
    0x00, 0x00, 0x00, 0x00, 0x00, 0x00, 0x00, 0x00, 0x00, 0x00, 0x00, 0x00,
    0x00, 0x00, 0x00, 0x00, 0x00, 0x00, 0x00, 0x00, 0x00, 0x00, 0x00, 0x00,
    0x00, 0x00, 0x00, 0x00, 0x00, 0x00, 0x00, 0x00, 0x00, 0x00, 0x00, 0x00,
    0x00, 0x00, 0x00, 0x00, 0x00, 0x00, 0x00, 0x00, 0x00, 0x00, 0x00, 0x00,
    0x00, 0x00, 0x00, 0x00, 0x00, 0x00, 0x00, 0x00, 0x00, 0x00, 0x00, 0x00,
    0x00, 0x00, 0x00, 0x00, 0x00, 0x00, 0x00, 0x00, 0x00, 0x00, 0x00, 0x00,
    0x00, 0x00, 0x00, 0x00, 0x00, 0x00, 0x00, 0x00, 0x00, 0x00, 0x00, 0x00,
    0x00, 0x00, 0x00, 0x00, 0x00, 0x00, 0x00, 0x00, 0x00, 0x00, 0x00, 0x00,
    0x00, 0x00, 0x00, 0x00, 0x00, 0x00, 0x00, 0x00, 0x00, 0x00, 0x00, 0x00,
    0x00, 0x00, 0x00, 0x00, 0x00, 0x00, 0x00, 0x00, 0x00, 0x00, 0x00, 0x00,
    0x00, 0x00, 0x00, 0x00, 0x00, 0x00, 0x00, 0x00, 0x00, 0x00, 0x00, 0x00,
    0x00, 0x00, 0x00, 0x00, 0x00, 0x00, 0x00, 0x00, 0x00, 0x00, 0x00, 0x00,
    0x00, 0x00, 0x00, 0x00, 0x00, 0x00, 0x00, 0x00, 0x00, 0x00, 0x00, 0x00,
    0x00, 0x00, 0x00, 0x00, 0x00, 0x00, 0x00, 0x00, 0x00, 0x00, 0x00, 0x00,
    0x00, 0x00, 0x00, 0x00, 0x00, 0x00, 0x00, 0x00, 0x00, 0x00, 0x00, 0x00,
    0x00, 0x00, 0x00, 0x00, 0x00, 0x00, 0x00, 0x00, 0x00, 0x00, 0x00, 0x00,
    0x00, 0x00, 0x00, 0x00, 0x00, 0x00, 0x00, 0x00, 0x00, 0x00, 0x00, 0x00,
    0x00, 0x00, 0x00, 0x00, 0x00, 0x00, 0x00, 0x00, 0x00, 0x00, 0x00, 0x00,
    0x00, 0x00, 0x00, 0x00, 0x00, 0x00, 0x00, 0x00, 0x00, 0x00, 0x00, 0x00,
    0x00, 0x00, 0x00, 0x00, 0x00, 0x00, 0x00, 0x00, 0x00, 0x00, 0x00, 0x00,
    0x00, 0x00, 0x00, 0x00, 0x00, 0x00, 0x00, 0x00, 0x00, 0x00, 0x00, 0x00,
    0x00, 0x00, 0x00, 0x00, 0x00, 0x00, 0x00, 0x00, 0x00, 0x00, 0x00, 0x00,
    0x00, 0x00, 0x00, 0x00,
};
const lv_image_dsc_t launcher_icon_usb2ttl = {
    .header.magic = LV_IMAGE_HEADER_MAGIC,
    .header.cf = LV_COLOR_FORMAT_ARGB8888,
    .header.flags = 0,
    .header.w = 40,
    .header.h = 40,
    .header.stride = 160,
    .data_size = 6400,
    .data = icon_usb2ttl_data,
};
